-- phpMyAdmin SQL Dump
-- version 5.0.4
-- https://www.phpmyadmin.net/
--
-- Host: 127.0.0.1
-- Generation Time: Mar 29, 2021 at 10:49 PM
-- Server version: 10.4.17-MariaDB
-- PHP Version: 8.0.1

SET SQL_MODE = "NO_AUTO_VALUE_ON_ZERO";
START TRANSACTION;
SET time_zone = "+00:00";


/*!40101 SET @OLD_CHARACTER_SET_CLIENT=@@CHARACTER_SET_CLIENT */;
/*!40101 SET @OLD_CHARACTER_SET_RESULTS=@@CHARACTER_SET_RESULTS */;
/*!40101 SET @OLD_COLLATION_CONNECTION=@@COLLATION_CONNECTION */;
/*!40101 SET NAMES utf8mb4 */;

--
-- Database: `cc_pizza`
--
CREATE DATABASE cc_pizza;

USE cc_pizza;
-- --------------------------------------------------------

--
-- Table structure for table `customer_order`
--

CREATE TABLE `customer_order` (
  `Customer_Order_ID` int(8) NOT NULL,
  `InHouse_Delivery_Service_ID` int(8) DEFAULT NULL,
  `Pickup_ID` int(8) DEFAULT NULL,
  `SkipTheDishes_ID` int(8) DEFAULT NULL,
  `Total_order_amount` int(4) NOT NULL,
  `Service_method` varchar(25) NOT NULL COMMENT 'Delivery, Pickup or Skip the Dishes',
  `Discount` int(3) DEFAULT NULL
) ENGINE=InnoDB DEFAULT CHARSET=utf8mb4;

--
-- Dumping data for table `customer_order`
--

INSERT INTO `customer_order` (`Customer_Order_ID`, `InHouse_Delivery_Service_ID`, `Pickup_ID`, `SkipTheDishes_ID`, `Total_order_amount`, `Service_method`, `Discount`) VALUES
(10059313, 0, 0, 50803569, 45, 'SkipTheDishes', 0),
(10257942, 61925120, 0, 0, 44, 'InHouse_Delivery_Service', 5),
(10328843, 0, 0, 59423834, 47, 'SkipTheDishes', 4),
(10468774, 72386633, 0, 0, 49, 'InHouse_Delivery_Service', 0),
(10470648, 0, 0, 71162959, 48, 'SkipTheDishes', 0),
(10570289, 0, 0, 59548749, 46, 'SkipTheDishes', 0),
(10644792, 0, 0, 14589064, 59, 'SkipTheDishes', 0),
(10664212, 0, 0, 60870163, 50, 'SkipTheDishes', 0),
(10668513, 0, 0, 45730643, 29, 'SkipTheDishes', 0),
(10737238, 0, 71491544, 0, 50, 'Pick_Up', 4),
(10739263, 0, 0, 32511655, 26, 'SkipTheDishes', 0),
(10743126, 0, 0, 78982939, 38, 'SkipTheDishes', 6),
(10798150, 0, 0, 26685292, 54, 'SkipTheDishes', 4),
(10828288, 0, 26194108, 0, 43, 'Pick_Up', 0),
(10981937, 0, 0, 49679623, 42, 'SkipTheDishes', 0),
(11044225, 79947297, 0, 0, 34, 'InHouse_Delivery_Service', 6),
(11191198, 35961422, 0, 0, 35, 'InHouse_Delivery_Service', 6),
(11286133, 0, 0, 72454879, 13, 'SkipTheDishes', 0),
(11337060, 0, 22975862, 0, 43, 'Pick_Up', 0),
(11382887, 0, 0, 10942768, 57, 'SkipTheDishes', 6),
(11546421, 13858736, 0, 0, 10, 'InHouse_Delivery_Service', 5),
(11590220, 0, 0, 72327047, 59, 'SkipTheDishes', 0),
(11814055, 34475790, 0, 0, 59, 'InHouse_Delivery_Service', 0),
(11923895, 17268213, 0, 0, 36, 'InHouse_Delivery_Service', 6),
(11935989, 22703353, 0, 0, 34, 'InHouse_Delivery_Service', 0),
(12003540, 0, 38824003, 0, 52, 'Pick_Up', 0),
(12072571, 65224387, 0, 0, 29, 'InHouse_Delivery_Service', 5),
(12073840, 0, 0, 69858745, 56, 'SkipTheDishes', 4),
(12097283, 55682522, 0, 0, 45, 'InHouse_Delivery_Service', 5),
(12137894, 0, 0, 41853834, 40, 'SkipTheDishes', 0),
(12163986, 94850980, 0, 0, 53, 'InHouse_Delivery_Service', 0),
(12172514, 0, 0, 94315974, 26, 'SkipTheDishes', 0),
(12244530, 0, 78062591, 0, 14, 'Pick_Up', 4),
(12268227, 0, 0, 95083168, 45, 'SkipTheDishes', 0),
(12325701, 0, 0, 34311545, 30, 'SkipTheDishes', 0),
(12509734, 17797876, 0, 0, 17, 'InHouse_Delivery_Service', 0),
(12627893, 0, 0, 27987990, 35, 'SkipTheDishes', 0),
(12631093, 0, 0, 26731094, 38, 'SkipTheDishes', 5),
(12847101, 89953243, 0, 0, 23, 'InHouse_Delivery_Service', 0),
(12889978, 0, 0, 14732983, 46, 'SkipTheDishes', 6),
(12919998, 0, 0, 81560314, 30, 'SkipTheDishes', 0),
(13051781, 85571683, 0, 0, 39, 'InHouse_Delivery_Service', 5),
(13062101, 10794420, 0, 0, 51, 'InHouse_Delivery_Service', 0),
(13127260, 0, 58255928, 0, 43, 'Pick_Up', 0),
(13315148, 0, 0, 11815877, 53, 'SkipTheDishes', 0),
(13439593, 90840971, 0, 0, 33, 'InHouse_Delivery_Service', 0),
(13465850, 68236796, 0, 0, 43, 'InHouse_Delivery_Service', 0),
(13471748, 0, 0, 16281234, 51, 'SkipTheDishes', 0),
(13660765, 35033041, 0, 0, 60, 'InHouse_Delivery_Service', 4),
(13667686, 0, 0, 35575742, 58, 'SkipTheDishes', 0),
(13692503, 0, 63813004, 0, 47, 'Pick_Up', 0),
(13995375, 0, 0, 30531177, 23, 'SkipTheDishes', 0),
(14155242, 0, 0, 97132134, 53, 'SkipTheDishes', 0),
(14161072, 32769557, 0, 0, 18, 'InHouse_Delivery_Service', 4),
(14248332, 0, 0, 45602371, 22, 'SkipTheDishes', 5),
(14268792, 44223090, 0, 0, 45, 'InHouse_Delivery_Service', 0),
(14273169, 15718352, 0, 0, 47, 'InHouse_Delivery_Service', 0),
(14292144, 0, 0, 61063886, 36, 'SkipTheDishes', 5),
(14410280, 0, 14960284, 0, 30, 'Pick_Up', 0),
(14445528, 0, 0, 95055688, 25, 'SkipTheDishes', 0),
(14651679, 19302317, 0, 0, 58, 'InHouse_Delivery_Service', 0),
(14736829, 0, 0, 17195269, 52, 'SkipTheDishes', 0),
(14766466, 14977589, 0, 0, 45, 'InHouse_Delivery_Service', 0),
(14905090, 91185233, 0, 0, 49, 'InHouse_Delivery_Service', 4),
(14905488, 0, 33815681, 0, 22, 'Pick_Up', 0),
(14908527, 57658535, 0, 0, 14, 'InHouse_Delivery_Service', 0),
(14922817, 0, 0, 56217815, 57, 'SkipTheDishes', 0),
(14974221, 73250714, 0, 0, 29, 'InHouse_Delivery_Service', 6),
(15007953, 0, 0, 59709040, 24, 'SkipTheDishes', 0),
(15129867, 0, 0, 35390717, 57, 'SkipTheDishes', 4),
(15142861, 0, 0, 16882238, 10, 'SkipTheDishes', 4),
(15322144, 0, 0, 48859827, 43, 'SkipTheDishes', 0),
(15366224, 0, 0, 63826894, 48, 'SkipTheDishes', 4),
(15389719, 92623947, 0, 0, 35, 'InHouse_Delivery_Service', 0),
(15404632, 0, 0, 33006639, 16, 'SkipTheDishes', 0),
(15450167, 0, 0, 63018115, 26, 'SkipTheDishes', 0),
(15489080, 0, 58354507, 0, 45, 'Pick_Up', 0),
(15619474, 87519795, 0, 0, 46, 'InHouse_Delivery_Service', 0),
(15693881, 0, 0, 16414740, 43, 'SkipTheDishes', 0),
(16032444, 0, 64612115, 0, 15, 'Pick_Up', 0),
(16053236, 0, 0, 77341766, 34, 'SkipTheDishes', 6),
(16088873, 0, 0, 66817121, 52, 'SkipTheDishes', 0),
(16225037, 61813587, 0, 0, 39, 'InHouse_Delivery_Service', 5),
(16285912, 0, 0, 95022800, 57, 'SkipTheDishes', 0),
(16397009, 0, 0, 89092534, 57, 'SkipTheDishes', 0),
(16429998, 0, 0, 51898717, 25, 'SkipTheDishes', 0),
(16437555, 0, 0, 50236669, 26, 'SkipTheDishes', 4),
(16465130, 13676230, 0, 0, 32, 'InHouse_Delivery_Service', 4),
(16474343, 0, 0, 17881320, 37, 'SkipTheDishes', 0),
(16484289, 35395932, 0, 0, 57, 'InHouse_Delivery_Service', 0),
(16566889, 0, 0, 64349489, 56, 'SkipTheDishes', 0),
(16674826, 39172363, 0, 0, 36, 'InHouse_Delivery_Service', 0),
(16691260, 0, 0, 79404193, 35, 'SkipTheDishes', 0),
(16787841, 0, 0, 45366954, 59, 'SkipTheDishes', 0),
(16869826, 0, 0, 49079267, 51, 'SkipTheDishes', 0),
(16900431, 0, 0, 68370656, 57, 'SkipTheDishes', 0),
(16900827, 0, 0, 89450679, 33, 'SkipTheDishes', 5),
(16911739, 0, 0, 86565044, 50, 'SkipTheDishes', 5),
(16997926, 45236870, 0, 0, 46, 'InHouse_Delivery_Service', 0),
(16999886, 0, 0, 12847476, 44, 'SkipTheDishes', 0),
(17005375, 48145394, 0, 0, 25, 'InHouse_Delivery_Service', 0),
(17254642, 0, 0, 92237803, 19, 'SkipTheDishes', 0),
(17298014, 0, 13941859, 0, 21, 'Pick_Up', 0),
(17384692, 0, 70317384, 0, 26, 'Pick_Up', 0),
(17397937, 50162999, 0, 0, 11, 'InHouse_Delivery_Service', 6),
(17517894, 0, 41122138, 0, 21, 'Pick_Up', 0),
(17541724, 0, 0, 91756500, 57, 'SkipTheDishes', 6),
(17550384, 0, 0, 90747450, 18, 'SkipTheDishes', 0),
(17624909, 0, 0, 65243941, 42, 'SkipTheDishes', 0),
(17683832, 0, 74677338, 0, 52, 'Pick_Up', 0),
(17742397, 0, 57129119, 0, 59, 'Pick_Up', 0),
(17770568, 0, 0, 37938104, 22, 'SkipTheDishes', 0),
(17858033, 0, 0, 17912985, 54, 'SkipTheDishes', 0),
(17878231, 64982171, 0, 0, 51, 'InHouse_Delivery_Service', 0),
(18012134, 0, 0, 52143295, 34, 'SkipTheDishes', 0),
(18098370, 0, 0, 45945151, 58, 'SkipTheDishes', 0),
(18115141, 0, 0, 66125226, 53, 'SkipTheDishes', 0),
(18124316, 40272783, 0, 0, 43, 'InHouse_Delivery_Service', 0),
(18142095, 0, 77510931, 0, 13, 'Pick_Up', 0),
(18162993, 0, 0, 93490804, 53, 'SkipTheDishes', 0),
(18167024, 75148092, 0, 0, 38, 'InHouse_Delivery_Service', 0),
(18494093, 0, 0, 48546652, 46, 'SkipTheDishes', 0),
(18552302, 0, 60428676, 0, 26, 'Pick_Up', 0),
(18597383, 0, 0, 85130217, 60, 'SkipTheDishes', 0),
(18691628, 0, 0, 12366194, 34, 'SkipTheDishes', 0),
(18719986, 43293292, 0, 0, 54, 'InHouse_Delivery_Service', 4),
(18720194, 0, 0, 83916410, 30, 'SkipTheDishes', 0),
(18732059, 40702274, 0, 0, 16, 'InHouse_Delivery_Service', 0),
(18746177, 0, 0, 28038259, 54, 'SkipTheDishes', 4),
(18809178, 0, 0, 66842815, 37, 'SkipTheDishes', 0),
(18846773, 0, 0, 59212711, 32, 'SkipTheDishes', 0),
(18847221, 0, 0, 10353528, 58, 'SkipTheDishes', 4),
(18928167, 0, 0, 67809336, 56, 'SkipTheDishes', 0),
(19143095, 0, 13058070, 0, 14, 'Pick_Up', 0),
(19156191, 0, 0, 27189347, 30, 'SkipTheDishes', 0),
(19160704, 79121432, 0, 0, 22, 'InHouse_Delivery_Service', 0),
(19173158, 0, 0, 84827831, 56, 'SkipTheDishes', 0),
(19182984, 88790300, 0, 0, 28, 'InHouse_Delivery_Service', 0),
(19185074, 0, 0, 74355080, 32, 'SkipTheDishes', 6),
(19337348, 44379378, 0, 0, 35, 'InHouse_Delivery_Service', 0),
(19359392, 0, 0, 50871438, 32, 'SkipTheDishes', 0),
(19362106, 0, 0, 84232835, 10, 'SkipTheDishes', 0),
(19394861, 44728093, 0, 0, 23, 'InHouse_Delivery_Service', 0),
(19413561, 58830067, 0, 0, 16, 'InHouse_Delivery_Service', 0),
(19505930, 0, 0, 65930463, 26, 'SkipTheDishes', 0),
(19517723, 0, 0, 49829459, 49, 'SkipTheDishes', 5),
(19675021, 0, 76797427, 0, 11, 'Pick_Up', 5),
(19741833, 82587414, 0, 0, 29, 'InHouse_Delivery_Service', 4),
(19760402, 0, 0, 35036030, 42, 'SkipTheDishes', 0),
(19765977, 39568436, 0, 0, 57, 'InHouse_Delivery_Service', 5),
(19794392, 0, 64458848, 0, 40, 'Pick_Up', 0),
(19903281, 0, 0, 84340381, 26, 'SkipTheDishes', 0),
(19976295, 0, 80897738, 0, 34, 'Pick_Up', 0),
(19978421, 0, 0, 60344547, 52, 'SkipTheDishes', 0),
(19987130, 0, 56989587, 0, 22, 'Pick_Up', 4),
(20030413, 94082985, 0, 0, 41, 'InHouse_Delivery_Service', 5),
(20126509, 0, 0, 75172415, 52, 'SkipTheDishes', 0),
(20146158, 70982281, 0, 0, 36, 'InHouse_Delivery_Service', 0),
(20247674, 0, 0, 68998979, 15, 'SkipTheDishes', 5),
(20256490, 0, 0, 94309117, 25, 'SkipTheDishes', 0),
(20259880, 0, 0, 62327632, 56, 'SkipTheDishes', 6),
(20302443, 28523578, 0, 0, 31, 'InHouse_Delivery_Service', 4),
(20351970, 0, 0, 60592028, 36, 'SkipTheDishes', 0),
(20387181, 0, 27452603, 0, 46, 'Pick_Up', 0),
(20421466, 74952147, 0, 0, 29, 'InHouse_Delivery_Service', 5),
(20484380, 16636138, 0, 0, 45, 'InHouse_Delivery_Service', 4),
(20533416, 63918790, 0, 0, 16, 'InHouse_Delivery_Service', 0),
(20559324, 0, 0, 84193468, 33, 'SkipTheDishes', 0),
(20564636, 0, 88430005, 0, 42, 'Pick_Up', 4),
(20573049, 73488387, 0, 0, 17, 'InHouse_Delivery_Service', 0),
(20591532, 0, 0, 57445791, 16, 'SkipTheDishes', 4),
(20694563, 0, 0, 39952107, 18, 'SkipTheDishes', 4),
(20745233, 0, 0, 24801972, 14, 'SkipTheDishes', 0),
(20774531, 0, 0, 21652647, 56, 'SkipTheDishes', 0),
(20836116, 0, 97802011, 0, 51, 'Pick_Up', 0),
(20891613, 0, 0, 37155157, 13, 'SkipTheDishes', 0),
(20914060, 0, 54058376, 0, 57, 'Pick_Up', 5),
(20928113, 0, 0, 91028021, 26, 'SkipTheDishes', 0),
(20971295, 0, 0, 55551584, 51, 'SkipTheDishes', 4),
(20991502, 91303109, 0, 0, 41, 'InHouse_Delivery_Service', 0),
(21002477, 0, 0, 92825492, 46, 'SkipTheDishes', 0),
(21019426, 0, 0, 26094589, 56, 'SkipTheDishes', 6),
(21176511, 14837209, 0, 0, 45, 'InHouse_Delivery_Service', 0),
(21177396, 55121974, 0, 0, 59, 'InHouse_Delivery_Service', 4),
(21179688, 0, 0, 68669331, 25, 'SkipTheDishes', 5),
(21217662, 48932788, 0, 0, 17, 'InHouse_Delivery_Service', 5),
(21243184, 0, 0, 76736910, 56, 'SkipTheDishes', 4),
(21372956, 0, 0, 29026426, 44, 'SkipTheDishes', 0),
(21610334, 0, 20175938, 0, 45, 'Pick_Up', 0),
(21724392, 0, 0, 30570689, 14, 'SkipTheDishes', 6),
(21787367, 34990829, 0, 0, 45, 'InHouse_Delivery_Service', 4),
(21794398, 0, 0, 53537215, 14, 'SkipTheDishes', 0),
(21818279, 0, 0, 65730010, 31, 'SkipTheDishes', 6),
(21818582, 0, 0, 78346761, 32, 'SkipTheDishes', 5),
(21970854, 39286784, 0, 0, 12, 'InHouse_Delivery_Service', 0),
(22164126, 32270066, 0, 0, 58, 'InHouse_Delivery_Service', 5),
(22173128, 0, 0, 30970912, 50, 'SkipTheDishes', 0),
(22204538, 0, 0, 65458024, 17, 'SkipTheDishes', 6),
(22206629, 0, 0, 21513560, 27, 'SkipTheDishes', 0),
(22216007, 0, 0, 63589132, 38, 'SkipTheDishes', 0),
(22221732, 21277716, 0, 0, 53, 'InHouse_Delivery_Service', 6),
(22231474, 0, 0, 51469523, 32, 'SkipTheDishes', 0),
(22237113, 0, 21992381, 0, 52, 'Pick_Up', 0),
(22262821, 23028104, 0, 0, 60, 'InHouse_Delivery_Service', 0),
(22333856, 0, 0, 14738175, 17, 'SkipTheDishes', 0),
(22334976, 67553558, 0, 0, 44, 'InHouse_Delivery_Service', 0),
(22488633, 0, 0, 99637834, 48, 'SkipTheDishes', 5),
(22512178, 0, 0, 20441368, 17, 'SkipTheDishes', 0),
(22629986, 88168018, 0, 0, 41, 'InHouse_Delivery_Service', 5),
(22651976, 26207178, 0, 0, 35, 'InHouse_Delivery_Service', 4),
(22678477, 69575491, 0, 0, 58, 'InHouse_Delivery_Service', 0),
(22902757, 0, 0, 79333291, 41, 'SkipTheDishes', 4),
(22925987, 0, 0, 25837662, 37, 'SkipTheDishes', 0),
(22985766, 0, 0, 75259716, 43, 'SkipTheDishes', 0),
(23008724, 0, 0, 31620174, 51, 'SkipTheDishes', 0),
(23120246, 48398570, 0, 0, 25, 'InHouse_Delivery_Service', 0),
(23201136, 0, 0, 97164361, 35, 'SkipTheDishes', 0),
(23212207, 0, 0, 57342579, 48, 'SkipTheDishes', 6),
(23234437, 0, 0, 24500488, 36, 'SkipTheDishes', 0),
(23291377, 0, 65990533, 0, 50, 'Pick_Up', 5),
(23389008, 0, 33668980, 0, 44, 'Pick_Up', 6),
(23450147, 36399477, 0, 0, 16, 'InHouse_Delivery_Service', 0),
(23464644, 0, 0, 24591129, 31, 'SkipTheDishes', 6),
(23468661, 0, 0, 83015374, 19, 'SkipTheDishes', 0),
(23584786, 93353288, 0, 0, 17, 'InHouse_Delivery_Service', 4),
(23648499, 0, 53997929, 0, 48, 'Pick_Up', 0),
(23672080, 0, 0, 61363604, 35, 'SkipTheDishes', 4),
(23724593, 0, 28918457, 0, 30, 'Pick_Up', 0),
(23776512, 0, 0, 70849524, 35, 'SkipTheDishes', 0),
(23777091, 0, 0, 79011966, 11, 'SkipTheDishes', 0),
(23826675, 75559782, 0, 0, 47, 'InHouse_Delivery_Service', 5),
(23976049, 0, 0, 63198457, 20, 'SkipTheDishes', 0),
(24005518, 0, 0, 81676085, 53, 'SkipTheDishes', 0),
(24069058, 0, 0, 18686533, 48, 'SkipTheDishes', 4),
(24130987, 96590074, 0, 0, 10, 'InHouse_Delivery_Service', 0),
(24131327, 0, 12095182, 0, 55, 'Pick_Up', 0),
(24148256, 31095442, 0, 0, 56, 'InHouse_Delivery_Service', 5),
(24173827, 75149021, 0, 0, 33, 'InHouse_Delivery_Service', 4),
(24184851, 61967972, 0, 0, 27, 'InHouse_Delivery_Service', 0),
(24275903, 0, 0, 69380358, 42, 'SkipTheDishes', 0),
(24370010, 0, 0, 43716875, 37, 'SkipTheDishes', 4),
(24419315, 0, 0, 89643612, 14, 'SkipTheDishes', 0),
(24489007, 0, 0, 57047954, 47, 'SkipTheDishes', 0),
(24614580, 0, 10115959, 0, 48, 'Pick_Up', 0),
(24673593, 0, 0, 72908673, 43, 'SkipTheDishes', 6),
(24743847, 0, 0, 74018702, 18, 'SkipTheDishes', 0),
(24777568, 0, 96750504, 0, 24, 'Pick_Up', 0),
(24813318, 93039774, 0, 0, 46, 'InHouse_Delivery_Service', 6),
(24826023, 0, 0, 10932865, 53, 'SkipTheDishes', 0),
(24827150, 0, 0, 53236525, 37, 'SkipTheDishes', 0),
(24877099, 85725970, 0, 0, 26, 'InHouse_Delivery_Service', 0),
(25019230, 0, 0, 10724954, 59, 'SkipTheDishes', 0),
(25083320, 0, 0, 72147054, 10, 'SkipTheDishes', 0),
(25129233, 98897717, 0, 0, 22, 'InHouse_Delivery_Service', 0),
(25132898, 42162282, 0, 0, 30, 'InHouse_Delivery_Service', 6),
(25220727, 0, 0, 16499773, 57, 'SkipTheDishes', 6),
(25236357, 0, 88653782, 0, 23, 'Pick_Up', 0),
(25262732, 0, 0, 92776012, 50, 'SkipTheDishes', 0),
(25266597, 0, 0, 37977850, 14, 'SkipTheDishes', 4),
(25327122, 0, 86940680, 0, 50, 'Pick_Up', 0),
(25423658, 0, 66875727, 0, 40, 'Pick_Up', 0),
(25424279, 0, 0, 33151641, 58, 'SkipTheDishes', 6),
(25426813, 0, 0, 71428588, 38, 'SkipTheDishes', 0),
(25449761, 0, 0, 18486886, 43, 'SkipTheDishes', 0),
(25493146, 0, 0, 92316908, 31, 'SkipTheDishes', 0),
(25513235, 0, 0, 86293133, 25, 'SkipTheDishes', 0),
(25635350, 0, 0, 79598003, 35, 'SkipTheDishes', 0),
(25718514, 0, 0, 93129749, 54, 'SkipTheDishes', 0),
(25790713, 17967241, 0, 0, 25, 'InHouse_Delivery_Service', 0),
(25962369, 73415157, 0, 0, 49, 'InHouse_Delivery_Service', 0),
(26027147, 0, 0, 89694147, 41, 'SkipTheDishes', 0),
(26177912, 0, 0, 17665213, 16, 'SkipTheDishes', 0),
(26345502, 52737347, 0, 0, 41, 'InHouse_Delivery_Service', 0),
(26367067, 0, 0, 31616812, 32, 'SkipTheDishes', 0),
(26519165, 0, 0, 89387710, 12, 'SkipTheDishes', 0),
(26538232, 0, 0, 37277050, 27, 'SkipTheDishes', 0),
(26572675, 0, 0, 35837925, 19, 'SkipTheDishes', 0),
(26611949, 0, 46630916, 0, 55, 'Pick_Up', 0),
(26657695, 0, 0, 47078692, 34, 'SkipTheDishes', 0),
(26694037, 24808697, 0, 0, 18, 'InHouse_Delivery_Service', 0),
(26700051, 0, 0, 11043652, 47, 'SkipTheDishes', 0),
(26713542, 0, 0, 82739210, 35, 'SkipTheDishes', 0),
(26721000, 0, 53420786, 0, 50, 'Pick_Up', 0),
(26722733, 0, 52407738, 0, 30, 'Pick_Up', 0),
(26737964, 16075248, 0, 0, 58, 'InHouse_Delivery_Service', 0),
(26750612, 0, 0, 87728263, 48, 'SkipTheDishes', 0),
(26761418, 68914338, 0, 0, 40, 'InHouse_Delivery_Service', 0),
(26762776, 0, 0, 63735516, 38, 'SkipTheDishes', 0),
(26774911, 0, 59920840, 0, 40, 'Pick_Up', 0),
(26805072, 0, 0, 14546010, 50, 'SkipTheDishes', 4),
(26814897, 0, 84042657, 0, 27, 'Pick_Up', 0),
(26856141, 0, 0, 57671861, 24, 'SkipTheDishes', 0),
(26870892, 0, 0, 69841039, 56, 'SkipTheDishes', 0),
(26920038, 0, 0, 43469472, 13, 'SkipTheDishes', 0),
(26928560, 81993109, 0, 0, 34, 'InHouse_Delivery_Service', 0),
(26976933, 80825107, 0, 0, 48, 'InHouse_Delivery_Service', 0),
(27047878, 67942049, 0, 0, 15, 'InHouse_Delivery_Service', 0),
(27083137, 37224123, 0, 0, 35, 'InHouse_Delivery_Service', 0),
(27115676, 0, 0, 23033990, 26, 'SkipTheDishes', 4),
(27159147, 31179981, 0, 0, 33, 'InHouse_Delivery_Service', 4),
(27173312, 34449276, 0, 0, 25, 'InHouse_Delivery_Service', 0),
(27335829, 54002538, 0, 0, 20, 'InHouse_Delivery_Service', 5),
(27452635, 0, 0, 48373202, 23, 'SkipTheDishes', 4),
(27510716, 67757628, 0, 0, 53, 'InHouse_Delivery_Service', 0),
(27515362, 0, 0, 94966966, 56, 'SkipTheDishes', 0),
(27572926, 54167352, 0, 0, 47, 'InHouse_Delivery_Service', 5),
(27579898, 0, 0, 22385419, 38, 'SkipTheDishes', 0),
(27684423, 0, 0, 15659773, 11, 'SkipTheDishes', 4),
(27734012, 0, 0, 38702260, 46, 'SkipTheDishes', 0),
(27791989, 23845009, 0, 0, 16, 'InHouse_Delivery_Service', 5),
(27796028, 0, 0, 90319482, 28, 'SkipTheDishes', 5),
(27816022, 61452084, 0, 0, 35, 'InHouse_Delivery_Service', 0),
(27865830, 52133819, 0, 0, 50, 'InHouse_Delivery_Service', 5),
(27906991, 85179243, 0, 0, 34, 'InHouse_Delivery_Service', 0),
(28032695, 66364122, 0, 0, 20, 'InHouse_Delivery_Service', 0),
(28103482, 0, 98398574, 0, 28, 'Pick_Up', 0),
(28135801, 0, 0, 46667035, 14, 'SkipTheDishes', 0),
(28185740, 0, 0, 81244356, 50, 'SkipTheDishes', 0),
(28359837, 0, 0, 37800111, 44, 'SkipTheDishes', 0),
(28594052, 0, 0, 20475999, 52, 'SkipTheDishes', 0),
(28624951, 0, 0, 53357516, 18, 'SkipTheDishes', 0),
(28678369, 95710804, 0, 0, 33, 'InHouse_Delivery_Service', 4),
(28703545, 0, 0, 75801042, 38, 'SkipTheDishes', 0),
(28815386, 97809174, 0, 0, 32, 'InHouse_Delivery_Service', 0),
(28828642, 91324990, 0, 0, 11, 'InHouse_Delivery_Service', 0),
(28829886, 0, 0, 84447976, 12, 'SkipTheDishes', 0),
(28901933, 0, 38120726, 0, 25, 'Pick_Up', 0),
(28953549, 48526448, 0, 0, 26, 'InHouse_Delivery_Service', 0),
(29031345, 0, 0, 25895271, 45, 'SkipTheDishes', 0),
(29073114, 0, 0, 70433581, 60, 'SkipTheDishes', 6),
(29102846, 18603454, 0, 0, 37, 'InHouse_Delivery_Service', 0),
(29330398, 0, 0, 87563714, 14, 'SkipTheDishes', 6),
(29374262, 0, 0, 14107405, 40, 'SkipTheDishes', 0),
(29427907, 0, 93043352, 0, 60, 'Pick_Up', 0),
(29499076, 81166840, 0, 0, 39, 'InHouse_Delivery_Service', 6),
(29544622, 65765467, 0, 0, 13, 'InHouse_Delivery_Service', 0),
(29569249, 27340564, 0, 0, 39, 'InHouse_Delivery_Service', 0),
(29569381, 0, 85854682, 0, 28, 'Pick_Up', 0),
(29590255, 41928853, 0, 0, 48, 'InHouse_Delivery_Service', 5),
(29737796, 0, 0, 56170018, 12, 'SkipTheDishes', 0),
(29800731, 0, 0, 61285832, 44, 'SkipTheDishes', 0),
(29819873, 0, 0, 97266674, 25, 'SkipTheDishes', 0),
(29939284, 20208944, 0, 0, 30, 'InHouse_Delivery_Service', 0),
(29951201, 0, 0, 93507881, 25, 'SkipTheDishes', 0),
(29991078, 0, 94745981, 0, 47, 'Pick_Up', 0),
(30022381, 60598776, 0, 0, 49, 'InHouse_Delivery_Service', 6),
(30114076, 0, 0, 69278189, 29, 'SkipTheDishes', 0),
(30444873, 0, 0, 78428837, 47, 'SkipTheDishes', 0),
(30543515, 0, 0, 99406153, 43, 'SkipTheDishes', 0),
(30564373, 0, 0, 17049964, 33, 'SkipTheDishes', 4),
(30666597, 88754077, 0, 0, 48, 'InHouse_Delivery_Service', 0),
(30690332, 23650055, 0, 0, 14, 'InHouse_Delivery_Service', 0),
(30692290, 16555682, 0, 0, 17, 'InHouse_Delivery_Service', 4),
(30694971, 0, 0, 83971556, 23, 'SkipTheDishes', 0),
(30727694, 43571917, 0, 0, 52, 'InHouse_Delivery_Service', 4),
(30928557, 0, 19941457, 0, 13, 'Pick_Up', 0),
(31043872, 60852142, 0, 0, 28, 'InHouse_Delivery_Service', 0),
(31044452, 65667177, 0, 0, 37, 'InHouse_Delivery_Service', 0),
(31058412, 0, 0, 42097256, 26, 'SkipTheDishes', 0),
(31087446, 47672885, 0, 0, 18, 'InHouse_Delivery_Service', 0),
(31100208, 0, 0, 38501716, 43, 'SkipTheDishes', 0),
(31157644, 0, 45072200, 0, 13, 'Pick_Up', 0),
(31261928, 0, 0, 91928556, 20, 'SkipTheDishes', 0),
(31301683, 0, 0, 32995722, 48, 'SkipTheDishes', 4),
(31313822, 0, 0, 58512013, 36, 'SkipTheDishes', 0),
(31378514, 10332070, 0, 0, 60, 'InHouse_Delivery_Service', 0),
(31439140, 33337785, 0, 0, 47, 'InHouse_Delivery_Service', 0),
(31457804, 94412087, 0, 0, 19, 'InHouse_Delivery_Service', 0),
(31473394, 0, 63868052, 0, 19, 'Pick_Up', 4),
(31493068, 0, 0, 96746208, 57, 'SkipTheDishes', 6),
(31512288, 0, 59336282, 0, 41, 'Pick_Up', 0),
(31524535, 0, 22503289, 0, 43, 'Pick_Up', 0),
(31583003, 0, 0, 22522805, 44, 'SkipTheDishes', 0),
(31687818, 80160538, 0, 0, 20, 'InHouse_Delivery_Service', 0),
(31897754, 0, 0, 32717555, 19, 'SkipTheDishes', 0),
(32192500, 0, 0, 15856320, 10, 'SkipTheDishes', 0),
(32224454, 0, 0, 64858871, 25, 'SkipTheDishes', 4),
(32396834, 58573842, 0, 0, 42, 'InHouse_Delivery_Service', 0),
(32458189, 0, 45590249, 0, 42, 'Pick_Up', 5),
(32480360, 0, 0, 98032630, 29, 'SkipTheDishes', 0),
(32493904, 17211124, 0, 0, 18, 'InHouse_Delivery_Service', 5),
(32496115, 61695369, 0, 0, 21, 'InHouse_Delivery_Service', 0),
(32546903, 0, 0, 23819147, 23, 'SkipTheDishes', 5),
(32626917, 75023547, 0, 0, 49, 'InHouse_Delivery_Service', 0),
(32635021, 0, 0, 11295356, 49, 'SkipTheDishes', 0),
(32718493, 0, 0, 23758917, 46, 'SkipTheDishes', 0),
(32826676, 0, 99943777, 0, 52, 'Pick_Up', 0),
(32942464, 0, 0, 81708330, 18, 'SkipTheDishes', 4),
(32952237, 12955371, 0, 0, 20, 'InHouse_Delivery_Service', 0),
(32972887, 0, 0, 40699523, 42, 'SkipTheDishes', 4),
(33151671, 0, 0, 43199922, 29, 'SkipTheDishes', 5),
(33163863, 37260923, 0, 0, 54, 'InHouse_Delivery_Service', 6),
(33250049, 0, 0, 61620676, 20, 'SkipTheDishes', 0),
(33279343, 55482669, 0, 0, 10, 'InHouse_Delivery_Service', 5),
(33281747, 0, 0, 88492998, 54, 'SkipTheDishes', 0),
(33309074, 0, 0, 55399806, 39, 'SkipTheDishes', 0),
(33330130, 97260861, 0, 0, 56, 'InHouse_Delivery_Service', 5),
(33349294, 0, 0, 96568437, 40, 'SkipTheDishes', 0),
(33376162, 42813010, 0, 0, 57, 'InHouse_Delivery_Service', 5),
(33411893, 0, 38916069, 0, 32, 'Pick_Up', 0),
(33442084, 0, 0, 57180598, 36, 'SkipTheDishes', 5),
(33474248, 93333659, 0, 0, 17, 'InHouse_Delivery_Service', 0),
(33530104, 0, 57756807, 0, 41, 'Pick_Up', 4),
(33582297, 97506859, 0, 0, 33, 'InHouse_Delivery_Service', 0),
(33611368, 0, 0, 68975367, 15, 'SkipTheDishes', 0),
(33738868, 29540115, 0, 0, 17, 'InHouse_Delivery_Service', 6),
(33796774, 0, 0, 83137005, 49, 'SkipTheDishes', 6),
(33846866, 0, 0, 84548532, 50, 'SkipTheDishes', 0),
(33917347, 18873162, 0, 0, 32, 'InHouse_Delivery_Service', 0),
(33920231, 36912412, 0, 0, 42, 'InHouse_Delivery_Service', 0),
(33939119, 0, 0, 21222851, 52, 'SkipTheDishes', 0),
(34001282, 0, 0, 36082102, 35, 'SkipTheDishes', 0),
(34016878, 0, 0, 55455274, 11, 'SkipTheDishes', 0),
(34027467, 0, 0, 99908913, 58, 'SkipTheDishes', 0),
(34029202, 77327944, 0, 0, 40, 'InHouse_Delivery_Service', 0),
(34042945, 0, 0, 59625777, 48, 'SkipTheDishes', 0),
(34227409, 83777427, 0, 0, 49, 'InHouse_Delivery_Service', 0),
(34314589, 0, 0, 70439929, 58, 'SkipTheDishes', 0),
(34316432, 0, 0, 75162928, 35, 'SkipTheDishes', 0),
(34521716, 59659381, 0, 0, 25, 'InHouse_Delivery_Service', 0),
(34639809, 14523873, 0, 0, 29, 'InHouse_Delivery_Service', 0),
(34653397, 61063576, 0, 0, 20, 'InHouse_Delivery_Service', 0),
(34703607, 0, 64508777, 0, 15, 'Pick_Up', 5),
(34864739, 74576433, 0, 0, 54, 'InHouse_Delivery_Service', 0),
(34894517, 92768309, 0, 0, 15, 'InHouse_Delivery_Service', 0),
(34905416, 0, 65974691, 0, 58, 'Pick_Up', 5),
(34917094, 0, 0, 77978374, 33, 'SkipTheDishes', 0),
(34981886, 0, 0, 42908214, 60, 'SkipTheDishes', 4),
(35053548, 0, 0, 28224933, 43, 'SkipTheDishes', 5),
(35114044, 0, 0, 67417689, 35, 'SkipTheDishes', 4),
(35131129, 80259747, 0, 0, 59, 'InHouse_Delivery_Service', 0),
(35205918, 52489375, 0, 0, 40, 'InHouse_Delivery_Service', 0),
(35207636, 0, 0, 54255821, 33, 'SkipTheDishes', 0),
(35222602, 0, 0, 59555405, 56, 'SkipTheDishes', 6),
(35416416, 90988957, 0, 0, 32, 'InHouse_Delivery_Service', 0),
(35421025, 0, 61017406, 0, 30, 'Pick_Up', 0),
(35511707, 89272659, 0, 0, 57, 'InHouse_Delivery_Service', 0),
(35578549, 47188123, 0, 0, 16, 'InHouse_Delivery_Service', 0),
(35593277, 0, 0, 13664225, 38, 'SkipTheDishes', 4),
(35628068, 0, 66516479, 0, 17, 'Pick_Up', 0),
(35662347, 83449371, 0, 0, 27, 'InHouse_Delivery_Service', 0),
(35693943, 0, 38018079, 0, 10, 'Pick_Up', 0),
(35794233, 0, 55885193, 0, 14, 'Pick_Up', 5),
(35800907, 0, 0, 19778839, 58, 'SkipTheDishes', 0),
(35890361, 0, 0, 80400780, 59, 'SkipTheDishes', 0),
(35932636, 0, 0, 20428995, 43, 'SkipTheDishes', 0),
(36077585, 0, 0, 10128006, 12, 'SkipTheDishes', 0),
(36084233, 0, 0, 68189665, 47, 'SkipTheDishes', 0),
(36126621, 0, 0, 52334779, 52, 'SkipTheDishes', 0),
(36143098, 0, 0, 75926548, 51, 'SkipTheDishes', 4),
(36184809, 42368527, 0, 0, 57, 'InHouse_Delivery_Service', 0),
(36212614, 0, 0, 86815237, 55, 'SkipTheDishes', 0),
(36308232, 0, 0, 33296335, 44, 'SkipTheDishes', 6),
(36318153, 0, 0, 68118990, 38, 'SkipTheDishes', 5),
(36339571, 41166258, 0, 0, 17, 'InHouse_Delivery_Service', 0),
(36362894, 0, 0, 55716016, 26, 'SkipTheDishes', 0),
(36519132, 0, 0, 25634036, 53, 'SkipTheDishes', 5),
(36551742, 0, 0, 30525984, 47, 'SkipTheDishes', 4),
(36637706, 85571717, 0, 0, 60, 'InHouse_Delivery_Service', 0),
(36829454, 16503887, 0, 0, 46, 'InHouse_Delivery_Service', 0),
(36832157, 0, 0, 51232719, 22, 'SkipTheDishes', 4),
(36869707, 0, 0, 58149852, 18, 'SkipTheDishes', 6),
(36925661, 97114639, 0, 0, 28, 'InHouse_Delivery_Service', 4),
(36940185, 0, 0, 31674525, 23, 'SkipTheDishes', 5),
(37034928, 15663735, 0, 0, 19, 'InHouse_Delivery_Service', 0),
(37074428, 0, 0, 13405763, 20, 'SkipTheDishes', 0),
(37086823, 0, 0, 27876781, 48, 'SkipTheDishes', 0),
(37114451, 0, 0, 65176819, 20, 'SkipTheDishes', 0),
(37159096, 0, 0, 81404541, 16, 'SkipTheDishes', 0),
(37215820, 0, 96873009, 0, 41, 'Pick_Up', 5),
(37245391, 0, 22706207, 0, 21, 'Pick_Up', 0),
(37328054, 0, 31281049, 0, 11, 'Pick_Up', 0),
(37395585, 0, 0, 35076561, 53, 'SkipTheDishes', 0),
(37591988, 53841635, 0, 0, 37, 'InHouse_Delivery_Service', 0),
(37616308, 54395490, 0, 0, 52, 'InHouse_Delivery_Service', 0),
(37668701, 78895009, 0, 0, 57, 'InHouse_Delivery_Service', 4),
(37669587, 11627814, 0, 0, 56, 'InHouse_Delivery_Service', 0),
(37851428, 0, 49726731, 0, 31, 'Pick_Up', 0),
(37872511, 0, 0, 55677557, 34, 'SkipTheDishes', 4),
(37873160, 0, 0, 14275276, 57, 'SkipTheDishes', 0),
(37900627, 0, 0, 56642465, 45, 'SkipTheDishes', 0),
(37941144, 73845669, 0, 0, 34, 'InHouse_Delivery_Service', 4),
(37941782, 0, 0, 10022516, 41, 'SkipTheDishes', 0),
(38119730, 73656448, 0, 0, 21, 'InHouse_Delivery_Service', 0),
(38157088, 0, 0, 10196955, 56, 'SkipTheDishes', 4),
(38181477, 90279867, 0, 0, 11, 'InHouse_Delivery_Service', 0),
(38204304, 24164668, 0, 0, 22, 'InHouse_Delivery_Service', 0),
(38272041, 0, 0, 24897606, 13, 'SkipTheDishes', 4),
(38273496, 55201294, 0, 0, 44, 'InHouse_Delivery_Service', 5),
(38429996, 0, 0, 90068207, 16, 'SkipTheDishes', 0),
(38537405, 0, 0, 13886773, 53, 'SkipTheDishes', 4),
(38552878, 0, 0, 33010837, 56, 'SkipTheDishes', 5),
(38574059, 0, 0, 77758494, 23, 'SkipTheDishes', 0),
(38690536, 57088065, 0, 0, 11, 'InHouse_Delivery_Service', 0),
(38706399, 0, 0, 78055763, 32, 'SkipTheDishes', 5),
(38923899, 0, 0, 44550767, 32, 'SkipTheDishes', 4),
(38951246, 0, 0, 80907578, 18, 'SkipTheDishes', 5),
(38969966, 0, 0, 29570472, 59, 'SkipTheDishes', 0),
(39009512, 29207613, 0, 0, 43, 'InHouse_Delivery_Service', 0),
(39020369, 0, 0, 17115717, 45, 'SkipTheDishes', 6),
(39105124, 58618913, 0, 0, 21, 'InHouse_Delivery_Service', 0),
(39173814, 0, 0, 22082450, 27, 'SkipTheDishes', 5),
(39175990, 0, 0, 86533377, 18, 'SkipTheDishes', 4),
(39211157, 0, 12897991, 0, 20, 'Pick_Up', 0),
(39285817, 38738873, 0, 0, 21, 'InHouse_Delivery_Service', 5),
(39396508, 35902881, 0, 0, 49, 'InHouse_Delivery_Service', 0),
(39409973, 49864297, 0, 0, 20, 'InHouse_Delivery_Service', 4),
(39426363, 32035726, 0, 0, 51, 'InHouse_Delivery_Service', 0),
(39477579, 0, 0, 44357556, 24, 'SkipTheDishes', 5),
(39501832, 11460887, 0, 0, 18, 'InHouse_Delivery_Service', 0),
(39638571, 0, 0, 11846956, 41, 'SkipTheDishes', 5),
(39659380, 0, 0, 84068720, 49, 'SkipTheDishes', 0),
(39771605, 0, 0, 89451474, 35, 'SkipTheDishes', 4),
(39848435, 0, 0, 83482241, 57, 'SkipTheDishes', 0),
(39852255, 0, 0, 86883956, 41, 'SkipTheDishes', 0),
(39976241, 0, 0, 26699217, 36, 'SkipTheDishes', 0),
(39993768, 41521207, 0, 0, 60, 'InHouse_Delivery_Service', 0),
(40035179, 41680604, 0, 0, 17, 'InHouse_Delivery_Service', 0),
(40074547, 0, 0, 36088085, 45, 'SkipTheDishes', 0),
(40247719, 0, 27608220, 0, 25, 'Pick_Up', 0),
(40294835, 59878058, 0, 0, 57, 'InHouse_Delivery_Service', 4),
(40378666, 0, 99206861, 0, 16, 'Pick_Up', 0),
(40465306, 0, 0, 30991801, 17, 'SkipTheDishes', 0),
(40483011, 0, 83063164, 0, 12, 'Pick_Up', 0),
(40520474, 0, 0, 40549390, 56, 'SkipTheDishes', 0),
(40627563, 0, 0, 75423533, 59, 'SkipTheDishes', 0),
(40648296, 38786109, 0, 0, 29, 'InHouse_Delivery_Service', 0),
(40650148, 0, 0, 22843845, 55, 'SkipTheDishes', 5),
(40739167, 38934609, 0, 0, 23, 'InHouse_Delivery_Service', 0),
(40778022, 0, 0, 88402238, 21, 'SkipTheDishes', 6),
(40797847, 0, 30764800, 0, 12, 'Pick_Up', 0),
(40835389, 0, 0, 76344928, 19, 'SkipTheDishes', 6),
(40837167, 0, 0, 10768465, 22, 'SkipTheDishes', 0),
(40863985, 0, 0, 38276006, 55, 'SkipTheDishes', 0),
(40872407, 54576573, 0, 0, 44, 'InHouse_Delivery_Service', 5),
(40877655, 85988026, 0, 0, 52, 'InHouse_Delivery_Service', 0),
(40879695, 0, 84619391, 0, 14, 'Pick_Up', 4),
(40961633, 0, 0, 62046749, 10, 'SkipTheDishes', 0),
(40970851, 40440106, 0, 0, 29, 'InHouse_Delivery_Service', 0),
(41216167, 0, 0, 73371739, 33, 'SkipTheDishes', 0),
(41356548, 0, 30733847, 0, 24, 'Pick_Up', 0),
(41549722, 0, 0, 18077107, 15, 'SkipTheDishes', 0),
(41572548, 0, 0, 92614664, 25, 'SkipTheDishes', 0),
(41591020, 0, 49567898, 0, 36, 'Pick_Up', 0),
(41636350, 0, 0, 23200746, 43, 'SkipTheDishes', 0),
(41690304, 97907333, 0, 0, 47, 'InHouse_Delivery_Service', 0),
(41739854, 0, 0, 70741182, 45, 'SkipTheDishes', 0),
(41751551, 0, 0, 78438455, 21, 'SkipTheDishes', 0),
(41910817, 0, 0, 95125779, 43, 'SkipTheDishes', 5),
(41977353, 0, 69991139, 0, 57, 'Pick_Up', 0),
(42007545, 0, 0, 82396704, 47, 'SkipTheDishes', 0),
(42032035, 0, 0, 71742124, 35, 'SkipTheDishes', 0),
(42057275, 0, 0, 89775160, 55, 'SkipTheDishes', 5),
(42240811, 0, 0, 87273183, 42, 'SkipTheDishes', 0),
(42287676, 0, 0, 79370556, 45, 'SkipTheDishes', 0),
(42326796, 48994420, 0, 0, 49, 'InHouse_Delivery_Service', 0),
(42378550, 16076679, 0, 0, 20, 'InHouse_Delivery_Service', 0),
(42412390, 10809817, 0, 0, 11, 'InHouse_Delivery_Service', 5),
(42443964, 57245638, 0, 0, 58, 'InHouse_Delivery_Service', 0),
(42556501, 63519567, 0, 0, 60, 'InHouse_Delivery_Service', 5),
(42668944, 48948554, 0, 0, 51, 'InHouse_Delivery_Service', 0),
(42701237, 0, 0, 70430160, 36, 'SkipTheDishes', 0),
(42702324, 79549274, 0, 0, 52, 'InHouse_Delivery_Service', 0),
(42766987, 0, 0, 86533165, 30, 'SkipTheDishes', 0),
(42953781, 0, 0, 46854394, 53, 'SkipTheDishes', 0),
(43018124, 0, 0, 17870433, 44, 'SkipTheDishes', 0),
(43054818, 0, 0, 53090237, 10, 'SkipTheDishes', 0),
(43162565, 10632664, 0, 0, 14, 'InHouse_Delivery_Service', 0),
(43305265, 0, 84772986, 0, 60, 'Pick_Up', 0),
(43309441, 0, 0, 81656863, 13, 'SkipTheDishes', 0),
(43322043, 0, 0, 76303005, 28, 'SkipTheDishes', 6),
(43345390, 0, 0, 80622412, 48, 'SkipTheDishes', 0),
(43346704, 0, 0, 55067745, 48, 'SkipTheDishes', 4),
(43506503, 0, 0, 21876149, 49, 'SkipTheDishes', 4),
(43591309, 10788094, 0, 0, 17, 'InHouse_Delivery_Service', 0),
(43649478, 0, 0, 17889444, 38, 'SkipTheDishes', 6),
(43841943, 0, 0, 37854917, 29, 'SkipTheDishes', 0),
(43865131, 0, 0, 44306087, 59, 'SkipTheDishes', 5),
(43881091, 0, 22120137, 0, 40, 'Pick_Up', 0),
(43888007, 0, 0, 39868371, 49, 'SkipTheDishes', 0),
(43917006, 97874783, 0, 0, 14, 'InHouse_Delivery_Service', 5),
(43997993, 0, 0, 68448349, 54, 'SkipTheDishes', 5),
(44003600, 0, 0, 16593903, 33, 'SkipTheDishes', 0),
(44009559, 47828744, 0, 0, 27, 'InHouse_Delivery_Service', 0),
(44125108, 0, 0, 35208435, 42, 'SkipTheDishes', 0),
(44134796, 0, 0, 11018932, 46, 'SkipTheDishes', 5),
(44140757, 0, 0, 36826112, 49, 'SkipTheDishes', 6),
(44178494, 0, 0, 65303672, 44, 'SkipTheDishes', 0),
(44188547, 0, 0, 73529170, 41, 'SkipTheDishes', 4),
(44266029, 44692279, 0, 0, 34, 'InHouse_Delivery_Service', 0),
(44299052, 0, 0, 29115695, 52, 'SkipTheDishes', 0),
(44370802, 0, 0, 58301933, 15, 'SkipTheDishes', 0),
(44425666, 0, 0, 43739371, 14, 'SkipTheDishes', 0),
(44496654, 0, 24892788, 0, 15, 'Pick_Up', 0),
(44497721, 0, 34236425, 0, 54, 'Pick_Up', 4),
(44547276, 0, 0, 32109103, 42, 'SkipTheDishes', 0),
(44577193, 0, 0, 53662370, 59, 'SkipTheDishes', 6),
(44662169, 45906720, 0, 0, 32, 'InHouse_Delivery_Service', 0),
(44692195, 0, 0, 53528694, 57, 'SkipTheDishes', 5),
(44930258, 0, 0, 55495120, 12, 'SkipTheDishes', 0),
(45041769, 0, 0, 57696263, 26, 'SkipTheDishes', 6),
(45078114, 15760169, 0, 0, 16, 'InHouse_Delivery_Service', 6),
(45143724, 0, 0, 93546962, 56, 'SkipTheDishes', 0),
(45226854, 0, 0, 14433986, 59, 'SkipTheDishes', 0),
(45274166, 0, 38632720, 0, 18, 'Pick_Up', 0),
(45330085, 0, 0, 17853578, 43, 'SkipTheDishes', 0),
(45370100, 0, 24154859, 0, 30, 'Pick_Up', 0),
(45374728, 0, 0, 88929172, 58, 'SkipTheDishes', 0),
(45414107, 0, 0, 56076886, 12, 'SkipTheDishes', 0),
(45439296, 0, 0, 78768974, 58, 'SkipTheDishes', 0),
(45455186, 0, 0, 78152374, 14, 'SkipTheDishes', 0),
(45527540, 91563967, 0, 0, 48, 'InHouse_Delivery_Service', 0),
(45552612, 20336446, 0, 0, 44, 'InHouse_Delivery_Service', 0),
(45625417, 0, 0, 21026366, 59, 'SkipTheDishes', 4),
(45667751, 70640881, 0, 0, 35, 'InHouse_Delivery_Service', 0),
(45855887, 0, 99848477, 0, 16, 'Pick_Up', 4),
(45879958, 0, 0, 94484131, 44, 'SkipTheDishes', 0),
(45933857, 0, 0, 34825662, 38, 'SkipTheDishes', 6),
(45975922, 0, 0, 12374252, 13, 'SkipTheDishes', 0),
(45978623, 0, 0, 26309298, 14, 'SkipTheDishes', 0),
(46024958, 11741721, 0, 0, 34, 'InHouse_Delivery_Service', 0),
(46034854, 0, 76135230, 0, 34, 'Pick_Up', 0),
(46050406, 0, 0, 12505747, 34, 'SkipTheDishes', 5),
(46054902, 0, 0, 53983195, 59, 'SkipTheDishes', 0),
(46069997, 84454488, 0, 0, 13, 'InHouse_Delivery_Service', 5),
(46185203, 0, 0, 20810159, 36, 'SkipTheDishes', 0),
(46221360, 61540063, 0, 0, 57, 'InHouse_Delivery_Service', 0),
(46327887, 0, 29690108, 0, 38, 'Pick_Up', 0),
(46357845, 82875395, 0, 0, 50, 'InHouse_Delivery_Service', 0),
(46387484, 22169426, 0, 0, 22, 'InHouse_Delivery_Service', 0),
(46390964, 0, 17495194, 0, 16, 'Pick_Up', 0),
(46400913, 72074827, 0, 0, 60, 'InHouse_Delivery_Service', 4),
(46460927, 0, 0, 93811977, 36, 'SkipTheDishes', 5),
(46535381, 0, 0, 41138995, 17, 'SkipTheDishes', 0),
(46580535, 66339408, 0, 0, 13, 'InHouse_Delivery_Service', 0),
(46627507, 0, 77008935, 0, 60, 'Pick_Up', 0),
(46675686, 97975228, 0, 0, 52, 'InHouse_Delivery_Service', 5),
(46681859, 32556403, 0, 0, 30, 'InHouse_Delivery_Service', 0),
(46768164, 0, 0, 86690887, 19, 'SkipTheDishes', 0),
(46792428, 0, 0, 10428962, 26, 'SkipTheDishes', 0),
(46992264, 0, 0, 19504542, 25, 'SkipTheDishes', 4),
(47030696, 0, 0, 89079846, 44, 'SkipTheDishes', 0),
(47068480, 10787450, 0, 0, 57, 'InHouse_Delivery_Service', 0),
(47285696, 0, 0, 57545710, 27, 'SkipTheDishes', 0),
(47314781, 0, 34899211, 0, 11, 'Pick_Up', 4),
(47336691, 0, 0, 71544699, 60, 'SkipTheDishes', 4),
(47352172, 0, 0, 74185276, 31, 'SkipTheDishes', 0),
(47354251, 0, 0, 44239842, 21, 'SkipTheDishes', 4),
(47363294, 0, 92503862, 0, 50, 'Pick_Up', 4),
(47393582, 88562200, 0, 0, 28, 'InHouse_Delivery_Service', 0),
(47496654, 0, 0, 92809434, 57, 'SkipTheDishes', 0),
(47521651, 51280323, 0, 0, 51, 'InHouse_Delivery_Service', 0),
(47623482, 0, 64235911, 0, 46, 'Pick_Up', 5),
(47655939, 0, 76738515, 0, 18, 'Pick_Up', 0),
(47711612, 27988711, 0, 0, 58, 'InHouse_Delivery_Service', 0),
(47785392, 0, 0, 53698706, 21, 'SkipTheDishes', 6),
(47903820, 0, 0, 21917331, 14, 'SkipTheDishes', 4),
(47976237, 0, 0, 98214125, 17, 'SkipTheDishes', 0),
(48013978, 61873355, 0, 0, 25, 'InHouse_Delivery_Service', 0),
(48018361, 65603227, 0, 0, 13, 'InHouse_Delivery_Service', 0),
(48028140, 0, 0, 20152422, 35, 'SkipTheDishes', 5),
(48051663, 94066012, 0, 0, 26, 'InHouse_Delivery_Service', 5),
(48338743, 57954420, 0, 0, 10, 'InHouse_Delivery_Service', 0),
(48374636, 95909121, 0, 0, 45, 'InHouse_Delivery_Service', 6),
(48452803, 0, 48546755, 0, 51, 'Pick_Up', 0),
(48553679, 0, 0, 49427519, 45, 'SkipTheDishes', 4),
(48597647, 0, 58935372, 0, 57, 'Pick_Up', 0),
(48622318, 0, 0, 98010253, 37, 'SkipTheDishes', 6),
(48626516, 0, 0, 33154350, 60, 'SkipTheDishes', 6),
(48640814, 36946553, 0, 0, 34, 'InHouse_Delivery_Service', 6),
(48741875, 60734719, 0, 0, 31, 'InHouse_Delivery_Service', 0),
(48783903, 40411477, 0, 0, 28, 'InHouse_Delivery_Service', 0),
(48799635, 0, 0, 49360017, 40, 'SkipTheDishes', 0),
(48889777, 37388804, 0, 0, 34, 'InHouse_Delivery_Service', 0),
(48910353, 0, 0, 93303668, 43, 'SkipTheDishes', 0),
(48924348, 0, 0, 73797168, 19, 'SkipTheDishes', 0),
(48952279, 51357036, 0, 0, 23, 'InHouse_Delivery_Service', 0),
(49014780, 19699114, 0, 0, 57, 'InHouse_Delivery_Service', 6),
(49047912, 0, 0, 87326964, 52, 'SkipTheDishes', 5),
(49108004, 57358720, 0, 0, 58, 'InHouse_Delivery_Service', 0),
(49203993, 55555855, 0, 0, 28, 'InHouse_Delivery_Service', 4),
(49227358, 0, 19507276, 0, 14, 'Pick_Up', 0),
(49246189, 0, 0, 10778265, 17, 'SkipTheDishes', 5),
(49296388, 59367784, 0, 0, 39, 'InHouse_Delivery_Service', 0),
(49347554, 0, 0, 88745380, 22, 'SkipTheDishes', 0),
(49397593, 26114367, 0, 0, 13, 'InHouse_Delivery_Service', 0),
(49434246, 0, 0, 69072322, 57, 'SkipTheDishes', 4),
(49445274, 0, 0, 21185666, 54, 'SkipTheDishes', 0),
(49473035, 0, 0, 55997547, 33, 'SkipTheDishes', 0),
(49482147, 51673623, 0, 0, 50, 'InHouse_Delivery_Service', 0),
(49510523, 0, 0, 28241694, 58, 'SkipTheDishes', 0),
(49525019, 0, 59993877, 0, 38, 'Pick_Up', 0),
(49575378, 0, 0, 26460632, 19, 'SkipTheDishes', 0),
(49583739, 0, 0, 22540624, 29, 'SkipTheDishes', 5),
(49603973, 12543499, 0, 0, 10, 'InHouse_Delivery_Service', 5),
(49629928, 0, 33936306, 0, 51, 'Pick_Up', 0),
(49874353, 83979534, 0, 0, 48, 'InHouse_Delivery_Service', 5),
(49961455, 0, 0, 11437877, 10, 'SkipTheDishes', 0),
(50039827, 0, 0, 50446568, 26, 'SkipTheDishes', 0),
(50146645, 21344775, 0, 0, 31, 'InHouse_Delivery_Service', 0),
(50211754, 0, 0, 30285830, 53, 'SkipTheDishes', 5),
(50260700, 0, 0, 36266295, 23, 'SkipTheDishes', 0),
(50339564, 15812040, 0, 0, 37, 'InHouse_Delivery_Service', 0),
(50345856, 0, 0, 45337995, 12, 'SkipTheDishes', 0),
(50357177, 0, 97439304, 0, 25, 'Pick_Up', 0),
(50444415, 95836050, 0, 0, 22, 'InHouse_Delivery_Service', 0),
(50530675, 18690883, 0, 0, 43, 'InHouse_Delivery_Service', 0),
(50598250, 28914967, 0, 0, 32, 'InHouse_Delivery_Service', 0),
(50637282, 0, 0, 64690188, 50, 'SkipTheDishes', 5),
(50741144, 0, 0, 29473730, 30, 'SkipTheDishes', 0),
(50824267, 0, 22689038, 0, 57, 'Pick_Up', 4),
(50834160, 0, 0, 64464338, 13, 'SkipTheDishes', 0),
(50849806, 0, 0, 71791050, 51, 'SkipTheDishes', 0),
(51186298, 0, 0, 82372190, 57, 'SkipTheDishes', 0),
(51192789, 0, 0, 86738625, 25, 'SkipTheDishes', 0),
(51232415, 0, 0, 69619901, 12, 'SkipTheDishes', 6),
(51273145, 94600424, 0, 0, 49, 'InHouse_Delivery_Service', 4),
(51361616, 0, 37334384, 0, 53, 'Pick_Up', 0),
(51405340, 0, 0, 83813809, 50, 'SkipTheDishes', 0),
(51440110, 0, 90922762, 0, 19, 'Pick_Up', 0),
(51443915, 0, 0, 40543467, 49, 'SkipTheDishes', 0),
(51457454, 0, 0, 83024962, 38, 'SkipTheDishes', 0),
(51477191, 0, 0, 78732251, 42, 'SkipTheDishes', 0),
(51494715, 0, 0, 37486679, 30, 'SkipTheDishes', 4),
(51534187, 0, 21354927, 0, 36, 'Pick_Up', 0),
(51539897, 0, 21783847, 0, 46, 'Pick_Up', 0),
(51817437, 0, 18164970, 0, 52, 'Pick_Up', 5),
(51837404, 0, 0, 36246318, 17, 'SkipTheDishes', 0),
(51866244, 0, 47142345, 0, 41, 'Pick_Up', 0),
(51888147, 19956170, 0, 0, 30, 'InHouse_Delivery_Service', 0),
(51927630, 0, 0, 71896753, 55, 'SkipTheDishes', 0),
(51947318, 0, 0, 14530167, 14, 'SkipTheDishes', 0),
(51996551, 0, 0, 19653859, 59, 'SkipTheDishes', 0),
(52240144, 0, 0, 39729270, 40, 'SkipTheDishes', 0),
(52305528, 0, 49027360, 0, 50, 'Pick_Up', 0),
(52395825, 0, 0, 65145347, 31, 'SkipTheDishes', 4),
(52397749, 0, 0, 95823567, 60, 'SkipTheDishes', 6),
(52422703, 0, 0, 69071584, 58, 'SkipTheDishes', 6),
(52466017, 0, 62127791, 0, 16, 'Pick_Up', 6),
(52503836, 76640389, 0, 0, 16, 'InHouse_Delivery_Service', 0),
(52517083, 0, 54278919, 0, 54, 'Pick_Up', 6),
(52550764, 0, 0, 99617105, 29, 'SkipTheDishes', 4),
(52560704, 61871615, 0, 0, 19, 'InHouse_Delivery_Service', 0),
(52574397, 0, 0, 74330854, 53, 'SkipTheDishes', 0),
(52583329, 0, 0, 23483702, 27, 'SkipTheDishes', 4),
(52684372, 94990868, 0, 0, 16, 'InHouse_Delivery_Service', 0),
(52712731, 0, 0, 45978155, 16, 'SkipTheDishes', 0),
(52769813, 0, 0, 86135028, 45, 'SkipTheDishes', 0),
(52847521, 0, 0, 41544588, 51, 'SkipTheDishes', 0),
(52851576, 0, 0, 34834931, 43, 'SkipTheDishes', 0),
(53011008, 0, 0, 45335515, 50, 'SkipTheDishes', 0),
(53036158, 0, 0, 90676499, 43, 'SkipTheDishes', 0),
(53048708, 0, 0, 18378302, 53, 'SkipTheDishes', 0),
(53054264, 0, 0, 60914373, 44, 'SkipTheDishes', 5),
(53288117, 0, 0, 70539504, 58, 'SkipTheDishes', 5),
(53288665, 0, 0, 98181176, 34, 'SkipTheDishes', 0),
(53341486, 80889487, 0, 0, 39, 'InHouse_Delivery_Service', 0),
(53436619, 0, 0, 26722677, 12, 'SkipTheDishes', 0),
(53544225, 0, 0, 87579863, 44, 'SkipTheDishes', 0),
(53587066, 58357500, 0, 0, 48, 'InHouse_Delivery_Service', 4),
(53678459, 0, 45747569, 0, 41, 'Pick_Up', 6),
(53691084, 0, 0, 90787663, 12, 'SkipTheDishes', 0),
(53913697, 0, 0, 69732089, 60, 'SkipTheDishes', 4),
(53951505, 37083290, 0, 0, 12, 'InHouse_Delivery_Service', 0),
(53994893, 0, 0, 43877247, 32, 'SkipTheDishes', 0),
(54259597, 0, 0, 60315434, 13, 'SkipTheDishes', 0),
(54277039, 0, 29887354, 0, 20, 'Pick_Up', 0),
(54283501, 77322349, 0, 0, 54, 'InHouse_Delivery_Service', 0),
(54320338, 0, 0, 34202999, 58, 'SkipTheDishes', 0),
(54379100, 0, 0, 56115916, 43, 'SkipTheDishes', 0),
(54407613, 0, 0, 46955929, 42, 'SkipTheDishes', 6),
(54428120, 0, 0, 22742476, 58, 'SkipTheDishes', 6),
(54455826, 62069037, 0, 0, 17, 'InHouse_Delivery_Service', 0),
(54573489, 0, 0, 24533559, 46, 'SkipTheDishes', 0),
(54587351, 0, 0, 25227118, 12, 'SkipTheDishes', 0),
(54608156, 0, 0, 22190976, 40, 'SkipTheDishes', 4),
(54619167, 17182149, 0, 0, 54, 'InHouse_Delivery_Service', 4),
(55029904, 0, 0, 77030247, 34, 'SkipTheDishes', 0),
(55039891, 38068015, 0, 0, 17, 'InHouse_Delivery_Service', 0),
(55091440, 68542025, 0, 0, 53, 'InHouse_Delivery_Service', 0),
(55142908, 0, 0, 90440882, 13, 'SkipTheDishes', 0),
(55242758, 0, 0, 53089579, 52, 'SkipTheDishes', 0),
(55249414, 0, 0, 72295734, 48, 'SkipTheDishes', 0),
(55295590, 0, 0, 49168037, 32, 'SkipTheDishes', 0),
(55315682, 0, 0, 65576363, 30, 'SkipTheDishes', 0),
(55340557, 0, 54749301, 0, 58, 'Pick_Up', 0),
(55360657, 0, 0, 55818836, 48, 'SkipTheDishes', 6),
(55372721, 0, 0, 69617032, 30, 'SkipTheDishes', 6),
(55378562, 0, 0, 26413225, 23, 'SkipTheDishes', 0),
(55413717, 0, 42630375, 0, 18, 'Pick_Up', 0),
(55645673, 0, 0, 88484736, 42, 'SkipTheDishes', 0),
(55668255, 26740268, 0, 0, 60, 'InHouse_Delivery_Service', 0),
(55676853, 26664661, 0, 0, 46, 'InHouse_Delivery_Service', 0),
(55758073, 0, 0, 33017383, 10, 'SkipTheDishes', 0),
(55812126, 0, 0, 47080600, 49, 'SkipTheDishes', 0),
(55908425, 0, 0, 90146275, 42, 'SkipTheDishes', 0),
(55963432, 0, 0, 97296000, 29, 'SkipTheDishes', 4),
(55986895, 0, 0, 41942533, 13, 'SkipTheDishes', 0),
(55987804, 58391430, 0, 0, 35, 'InHouse_Delivery_Service', 0),
(56021287, 10278333, 0, 0, 43, 'InHouse_Delivery_Service', 4),
(56022189, 0, 0, 66428202, 24, 'SkipTheDishes', 5),
(56054352, 87722578, 0, 0, 50, 'InHouse_Delivery_Service', 0),
(56076053, 0, 0, 60819225, 45, 'SkipTheDishes', 0),
(56166960, 21675255, 0, 0, 30, 'InHouse_Delivery_Service', 0),
(56207980, 14666205, 0, 0, 12, 'InHouse_Delivery_Service', 0),
(56245765, 0, 38103851, 0, 32, 'Pick_Up', 0),
(56266842, 0, 0, 18367474, 57, 'SkipTheDishes', 0),
(56268208, 0, 25262458, 0, 57, 'Pick_Up', 0),
(56341277, 0, 0, 62379663, 42, 'SkipTheDishes', 4),
(56363089, 0, 0, 69683063, 44, 'SkipTheDishes', 6),
(56426274, 52577410, 0, 0, 25, 'InHouse_Delivery_Service', 6),
(56431509, 0, 0, 50002470, 56, 'SkipTheDishes', 0),
(56448847, 0, 57383793, 0, 12, 'Pick_Up', 0),
(56532564, 0, 30502920, 0, 20, 'Pick_Up', 0),
(56550850, 0, 81651601, 0, 59, 'Pick_Up', 0),
(56576019, 0, 0, 51394328, 44, 'SkipTheDishes', 0),
(56604501, 99904458, 0, 0, 16, 'InHouse_Delivery_Service', 0),
(56618209, 87467417, 0, 0, 40, 'InHouse_Delivery_Service', 6),
(56633876, 0, 0, 98560827, 50, 'SkipTheDishes', 6),
(56666488, 0, 90235024, 0, 31, 'Pick_Up', 4),
(56715535, 0, 0, 81161568, 24, 'SkipTheDishes', 0),
(56906104, 94927347, 0, 0, 15, 'InHouse_Delivery_Service', 0),
(57031695, 98562212, 0, 0, 34, 'InHouse_Delivery_Service', 0),
(57138492, 0, 0, 29006849, 25, 'SkipTheDishes', 0),
(57248248, 0, 97877773, 0, 12, 'Pick_Up', 5),
(57270505, 82527346, 0, 0, 31, 'InHouse_Delivery_Service', 6),
(57301874, 0, 0, 41485364, 20, 'SkipTheDishes', 0),
(57331742, 87468746, 0, 0, 49, 'InHouse_Delivery_Service', 0),
(57353955, 0, 0, 49197977, 59, 'SkipTheDishes', 4),
(57472771, 0, 0, 58721579, 24, 'SkipTheDishes', 0),
(57608235, 0, 0, 68343210, 29, 'SkipTheDishes', 0),
(57613938, 30877577, 0, 0, 35, 'InHouse_Delivery_Service', 5),
(57649786, 0, 0, 88550782, 18, 'SkipTheDishes', 5),
(57694453, 0, 0, 42084807, 12, 'SkipTheDishes', 5),
(57779518, 30371534, 0, 0, 29, 'InHouse_Delivery_Service', 5),
(57863838, 34197058, 0, 0, 18, 'InHouse_Delivery_Service', 0),
(57870374, 0, 0, 46892341, 36, 'SkipTheDishes', 0),
(57955467, 49684457, 0, 0, 14, 'InHouse_Delivery_Service', 0),
(57984315, 0, 0, 73044575, 13, 'SkipTheDishes', 0),
(58165421, 0, 0, 32692773, 52, 'SkipTheDishes', 0),
(58260386, 0, 0, 74263318, 23, 'SkipTheDishes', 4),
(58272750, 0, 0, 59402111, 39, 'SkipTheDishes', 5),
(58285833, 0, 0, 19783537, 30, 'SkipTheDishes', 4),
(58441232, 0, 0, 46484436, 39, 'SkipTheDishes', 5),
(58599614, 14136942, 0, 0, 55, 'InHouse_Delivery_Service', 0),
(58630340, 0, 0, 31639416, 12, 'SkipTheDishes', 4),
(58648441, 0, 0, 37036449, 33, 'SkipTheDishes', 0),
(58698036, 0, 0, 29838072, 58, 'SkipTheDishes', 6),
(58803715, 0, 0, 98098752, 33, 'SkipTheDishes', 6),
(58824462, 17262454, 0, 0, 59, 'InHouse_Delivery_Service', 0),
(59004454, 62374730, 0, 0, 50, 'InHouse_Delivery_Service', 0),
(59017268, 26080110, 0, 0, 43, 'InHouse_Delivery_Service', 0),
(59133043, 0, 0, 53987552, 40, 'SkipTheDishes', 0),
(59281364, 0, 0, 64278522, 50, 'SkipTheDishes', 0),
(59289715, 0, 52091383, 0, 46, 'Pick_Up', 0),
(59320096, 0, 0, 44438306, 11, 'SkipTheDishes', 0),
(59442585, 0, 0, 24796072, 30, 'SkipTheDishes', 0),
(59482557, 20405535, 0, 0, 25, 'InHouse_Delivery_Service', 0),
(59507794, 0, 33968717, 0, 51, 'Pick_Up', 5),
(59508108, 0, 0, 84982431, 60, 'SkipTheDishes', 0),
(59532953, 0, 0, 36431786, 28, 'SkipTheDishes', 6),
(59533554, 57071312, 0, 0, 48, 'InHouse_Delivery_Service', 0),
(59627528, 0, 0, 15086547, 28, 'SkipTheDishes', 5),
(59744044, 82681271, 0, 0, 18, 'InHouse_Delivery_Service', 0),
(59812532, 0, 0, 82088159, 48, 'SkipTheDishes', 0),
(59903106, 0, 65811040, 0, 15, 'Pick_Up', 5),
(59975713, 0, 0, 99614298, 51, 'SkipTheDishes', 0),
(59990581, 0, 0, 38507176, 41, 'SkipTheDishes', 0),
(60037393, 0, 0, 28109606, 16, 'SkipTheDishes', 0),
(60060535, 69376967, 0, 0, 33, 'InHouse_Delivery_Service', 0),
(60069303, 35181620, 0, 0, 60, 'InHouse_Delivery_Service', 0),
(60341256, 82781681, 0, 0, 37, 'InHouse_Delivery_Service', 0),
(60374876, 0, 0, 83947015, 36, 'SkipTheDishes', 0),
(60415696, 0, 0, 60396474, 17, 'SkipTheDishes', 0),
(60579808, 0, 0, 30194866, 30, 'SkipTheDishes', 0),
(60581174, 0, 0, 77141674, 27, 'SkipTheDishes', 0),
(60596359, 0, 98414465, 0, 11, 'Pick_Up', 0),
(60729729, 0, 0, 96360448, 14, 'SkipTheDishes', 0),
(60751585, 0, 0, 45851811, 28, 'SkipTheDishes', 0),
(60776343, 38778626, 0, 0, 17, 'InHouse_Delivery_Service', 0),
(60776692, 0, 0, 21378411, 47, 'SkipTheDishes', 0),
(60803831, 0, 23838872, 0, 55, 'Pick_Up', 5),
(60951856, 30641808, 0, 0, 12, 'InHouse_Delivery_Service', 5),
(60980715, 0, 0, 41448148, 17, 'SkipTheDishes', 5),
(61016895, 37399438, 0, 0, 11, 'InHouse_Delivery_Service', 0),
(61130335, 0, 0, 89130075, 35, 'SkipTheDishes', 0),
(61132725, 0, 0, 30011134, 31, 'SkipTheDishes', 0),
(61147276, 0, 44558363, 0, 53, 'Pick_Up', 0),
(61228382, 0, 0, 72171185, 58, 'SkipTheDishes', 5),
(61238981, 0, 0, 63420316, 41, 'SkipTheDishes', 0),
(61270599, 0, 0, 64013241, 12, 'SkipTheDishes', 0),
(61318827, 0, 0, 24346699, 20, 'SkipTheDishes', 0),
(61354548, 28294723, 0, 0, 15, 'InHouse_Delivery_Service', 0),
(61423083, 44310179, 0, 0, 52, 'InHouse_Delivery_Service', 0),
(61728210, 0, 22704249, 0, 35, 'Pick_Up', 0),
(61883946, 74039083, 0, 0, 41, 'InHouse_Delivery_Service', 0),
(62077468, 0, 0, 22639405, 19, 'SkipTheDishes', 0),
(62122338, 0, 0, 87595871, 50, 'SkipTheDishes', 0),
(62152485, 0, 0, 64617397, 24, 'SkipTheDishes', 6),
(62210848, 0, 0, 21609923, 58, 'SkipTheDishes', 5),
(62278967, 0, 0, 76598814, 32, 'SkipTheDishes', 6),
(62300259, 0, 0, 34100212, 16, 'SkipTheDishes', 0),
(62340505, 73808035, 0, 0, 48, 'InHouse_Delivery_Service', 0),
(62342767, 70134231, 0, 0, 58, 'InHouse_Delivery_Service', 0),
(62458661, 0, 44436232, 0, 53, 'Pick_Up', 0),
(62475711, 0, 0, 18785311, 14, 'SkipTheDishes', 4),
(62495301, 0, 28155600, 0, 38, 'Pick_Up', 0),
(62525870, 0, 0, 55657635, 57, 'SkipTheDishes', 0),
(62634433, 0, 0, 12807129, 52, 'SkipTheDishes', 0),
(62751894, 31717783, 0, 0, 55, 'InHouse_Delivery_Service', 6),
(62836101, 0, 0, 63222579, 46, 'SkipTheDishes', 0),
(62860646, 0, 0, 83176987, 44, 'SkipTheDishes', 0),
(62883490, 10578162, 0, 0, 58, 'InHouse_Delivery_Service', 0),
(62915229, 0, 0, 54816271, 15, 'SkipTheDishes', 0),
(63069709, 0, 0, 35953496, 31, 'SkipTheDishes', 0),
(63086268, 77439175, 0, 0, 41, 'InHouse_Delivery_Service', 0),
(63113801, 0, 58322843, 0, 26, 'Pick_Up', 4),
(63128749, 0, 0, 46372493, 60, 'SkipTheDishes', 0),
(63202863, 45029329, 0, 0, 50, 'InHouse_Delivery_Service', 0),
(63222233, 15686003, 0, 0, 43, 'InHouse_Delivery_Service', 0),
(63224544, 0, 0, 92017534, 37, 'SkipTheDishes', 0),
(63241303, 53345042, 0, 0, 49, 'InHouse_Delivery_Service', 5),
(63266025, 89838172, 0, 0, 14, 'InHouse_Delivery_Service', 5),
(63319776, 0, 0, 57295848, 41, 'SkipTheDishes', 0),
(63397674, 25739291, 0, 0, 46, 'InHouse_Delivery_Service', 0),
(63437224, 0, 98572122, 0, 58, 'Pick_Up', 0),
(63448177, 0, 0, 49413939, 54, 'SkipTheDishes', 5),
(63550378, 55709322, 0, 0, 43, 'InHouse_Delivery_Service', 0),
(63576697, 0, 0, 26213510, 48, 'SkipTheDishes', 0),
(63576761, 89226782, 0, 0, 54, 'InHouse_Delivery_Service', 0),
(63669123, 0, 10410463, 0, 38, 'Pick_Up', 0),
(63707086, 0, 0, 12078655, 26, 'SkipTheDishes', 6),
(63784890, 30562879, 0, 0, 22, 'InHouse_Delivery_Service', 6),
(63797432, 0, 0, 35338151, 51, 'SkipTheDishes', 0),
(63835110, 0, 0, 77039808, 40, 'SkipTheDishes', 0),
(63844383, 0, 47580015, 0, 41, 'Pick_Up', 0),
(63937018, 0, 0, 45879091, 12, 'SkipTheDishes', 5),
(64201946, 68384204, 0, 0, 34, 'InHouse_Delivery_Service', 0),
(64287320, 95213180, 0, 0, 14, 'InHouse_Delivery_Service', 6),
(64369965, 73182350, 0, 0, 52, 'InHouse_Delivery_Service', 0),
(64377931, 20911237, 0, 0, 55, 'InHouse_Delivery_Service', 4),
(64386223, 40739873, 0, 0, 48, 'InHouse_Delivery_Service', 0),
(64446235, 0, 0, 98999780, 37, 'SkipTheDishes', 5),
(64472828, 88532107, 0, 0, 35, 'InHouse_Delivery_Service', 0),
(64490392, 0, 0, 86080278, 41, 'SkipTheDishes', 0),
(64565723, 0, 0, 91226635, 48, 'SkipTheDishes', 0);
INSERT INTO `customer_order` (`Customer_Order_ID`, `InHouse_Delivery_Service_ID`, `Pickup_ID`, `SkipTheDishes_ID`, `Total_order_amount`, `Service_method`, `Discount`) VALUES
(64570335, 0, 0, 96262792, 19, 'SkipTheDishes', 0),
(64730022, 69453676, 0, 0, 35, 'InHouse_Delivery_Service', 5),
(64956385, 0, 0, 38514536, 60, 'SkipTheDishes', 0),
(65018308, 0, 0, 97479778, 31, 'SkipTheDishes', 0),
(65039492, 0, 0, 84393609, 35, 'SkipTheDishes', 0),
(65051553, 0, 0, 38717680, 27, 'SkipTheDishes', 0),
(65051911, 68227586, 0, 0, 45, 'InHouse_Delivery_Service', 0),
(65059360, 0, 60922340, 0, 20, 'Pick_Up', 0),
(65084385, 24985819, 0, 0, 39, 'InHouse_Delivery_Service', 0),
(65239527, 0, 66280567, 0, 26, 'Pick_Up', 0),
(65364501, 0, 0, 73549636, 14, 'SkipTheDishes', 0),
(65406430, 34005384, 0, 0, 29, 'InHouse_Delivery_Service', 0),
(65415045, 39098570, 0, 0, 17, 'InHouse_Delivery_Service', 4),
(65522727, 0, 0, 41475484, 29, 'SkipTheDishes', 0),
(65533500, 62959100, 0, 0, 59, 'InHouse_Delivery_Service', 4),
(65596744, 0, 0, 52112674, 48, 'SkipTheDishes', 0),
(65611647, 16132047, 0, 0, 17, 'InHouse_Delivery_Service', 0),
(65657040, 0, 0, 85296210, 27, 'SkipTheDishes', 0),
(65738191, 52879816, 0, 0, 27, 'InHouse_Delivery_Service', 0),
(65760370, 0, 22328447, 0, 52, 'Pick_Up', 6),
(65941716, 0, 0, 75507856, 55, 'SkipTheDishes', 6),
(66156850, 0, 90078523, 0, 52, 'Pick_Up', 0),
(66285088, 58657388, 0, 0, 37, 'InHouse_Delivery_Service', 4),
(66355366, 39228159, 0, 0, 43, 'InHouse_Delivery_Service', 0),
(66637286, 0, 0, 31590146, 26, 'SkipTheDishes', 0),
(66675658, 70947782, 0, 0, 41, 'InHouse_Delivery_Service', 6),
(66759753, 0, 0, 46881497, 29, 'SkipTheDishes', 0),
(66825877, 94365667, 0, 0, 46, 'InHouse_Delivery_Service', 0),
(66954109, 0, 0, 83337129, 44, 'SkipTheDishes', 0),
(66966434, 63845045, 0, 0, 37, 'InHouse_Delivery_Service', 6),
(66985831, 0, 11399665, 0, 11, 'Pick_Up', 0),
(67051157, 91497948, 0, 0, 51, 'InHouse_Delivery_Service', 0),
(67136182, 15448291, 0, 0, 54, 'InHouse_Delivery_Service', 0),
(67154052, 53877394, 0, 0, 51, 'InHouse_Delivery_Service', 0),
(67369952, 0, 0, 65312845, 33, 'SkipTheDishes', 0),
(67387245, 0, 0, 77747047, 36, 'SkipTheDishes', 0),
(67439281, 0, 0, 99204638, 40, 'SkipTheDishes', 6),
(67532055, 77429255, 0, 0, 46, 'InHouse_Delivery_Service', 4),
(67554052, 0, 0, 19132155, 53, 'SkipTheDishes', 0),
(67593737, 0, 0, 37454151, 35, 'SkipTheDishes', 0),
(67670130, 0, 0, 58504716, 16, 'SkipTheDishes', 0),
(67701089, 0, 0, 73316459, 25, 'SkipTheDishes', 6),
(67704640, 0, 0, 97655054, 26, 'SkipTheDishes', 0),
(67845732, 85294652, 0, 0, 12, 'InHouse_Delivery_Service', 0),
(67921299, 0, 0, 51271399, 46, 'SkipTheDishes', 0),
(67928975, 0, 0, 45303763, 34, 'SkipTheDishes', 0),
(67997592, 0, 10666138, 0, 29, 'Pick_Up', 0),
(68009299, 27990039, 0, 0, 56, 'InHouse_Delivery_Service', 0),
(68104722, 81728716, 0, 0, 60, 'InHouse_Delivery_Service', 6),
(68203739, 0, 77800376, 0, 22, 'Pick_Up', 4),
(68228863, 99297869, 0, 0, 31, 'InHouse_Delivery_Service', 4),
(68236317, 0, 0, 61688109, 41, 'SkipTheDishes', 0),
(68314845, 39354281, 0, 0, 31, 'InHouse_Delivery_Service', 5),
(68544480, 0, 0, 37899214, 57, 'SkipTheDishes', 0),
(68615039, 53717054, 0, 0, 21, 'InHouse_Delivery_Service', 4),
(68717681, 0, 0, 56330026, 38, 'SkipTheDishes', 5),
(68849191, 27141363, 0, 0, 55, 'InHouse_Delivery_Service', 6),
(68872082, 0, 0, 73515574, 30, 'SkipTheDishes', 0),
(68949732, 95090155, 0, 0, 58, 'InHouse_Delivery_Service', 0),
(68960315, 0, 0, 34109625, 25, 'SkipTheDishes', 0),
(69071566, 25105201, 0, 0, 33, 'InHouse_Delivery_Service', 0),
(69080248, 0, 0, 65333311, 13, 'SkipTheDishes', 0),
(69116757, 0, 0, 96786753, 50, 'SkipTheDishes', 0),
(69223949, 0, 13552112, 0, 48, 'Pick_Up', 0),
(69231699, 0, 0, 45744773, 35, 'SkipTheDishes', 0),
(69232234, 29413096, 0, 0, 11, 'InHouse_Delivery_Service', 0),
(69245794, 0, 0, 81734257, 45, 'SkipTheDishes', 0),
(69401836, 0, 0, 11748184, 46, 'SkipTheDishes', 0),
(69421678, 82518571, 0, 0, 26, 'InHouse_Delivery_Service', 0),
(69546412, 0, 0, 71209459, 44, 'SkipTheDishes', 6),
(69595974, 31413534, 0, 0, 11, 'InHouse_Delivery_Service', 0),
(69601039, 0, 0, 51355270, 21, 'SkipTheDishes', 0),
(69615294, 94659354, 0, 0, 60, 'InHouse_Delivery_Service', 4),
(69618420, 97047414, 0, 0, 50, 'InHouse_Delivery_Service', 0),
(69679195, 25833356, 0, 0, 54, 'InHouse_Delivery_Service', 6),
(69888000, 43834749, 0, 0, 40, 'InHouse_Delivery_Service', 0),
(69992134, 12511412, 0, 0, 23, 'InHouse_Delivery_Service', 4),
(69992438, 0, 0, 79126448, 45, 'SkipTheDishes', 0),
(70113731, 0, 0, 33929455, 33, 'SkipTheDishes', 0),
(70161635, 15427891, 0, 0, 19, 'InHouse_Delivery_Service', 0),
(70232726, 0, 0, 57966368, 16, 'SkipTheDishes', 0),
(70240437, 85368925, 0, 0, 30, 'InHouse_Delivery_Service', 5),
(70270223, 0, 0, 87195499, 51, 'SkipTheDishes', 0),
(70291275, 0, 0, 92876286, 30, 'SkipTheDishes', 0),
(70294651, 0, 0, 89344615, 25, 'SkipTheDishes', 0),
(70343376, 0, 0, 76524738, 38, 'SkipTheDishes', 0),
(70353798, 35531778, 0, 0, 42, 'InHouse_Delivery_Service', 0),
(70399971, 67052466, 0, 0, 10, 'InHouse_Delivery_Service', 0),
(70452594, 0, 0, 31377325, 59, 'SkipTheDishes', 0),
(70487343, 0, 93375614, 0, 15, 'Pick_Up', 0),
(70546514, 21734360, 0, 0, 59, 'InHouse_Delivery_Service', 0),
(70601586, 0, 0, 31953052, 49, 'SkipTheDishes', 0),
(70683389, 28406672, 0, 0, 48, 'InHouse_Delivery_Service', 0),
(70698769, 42774451, 0, 0, 49, 'InHouse_Delivery_Service', 0),
(70824411, 0, 36579938, 0, 50, 'Pick_Up', 0),
(70849502, 0, 0, 73607348, 24, 'SkipTheDishes', 6),
(71199200, 0, 0, 78932996, 29, 'SkipTheDishes', 5),
(71208957, 10446312, 0, 0, 55, 'InHouse_Delivery_Service', 0),
(71281493, 99025977, 0, 0, 60, 'InHouse_Delivery_Service', 0),
(71321625, 43447701, 0, 0, 58, 'InHouse_Delivery_Service', 4),
(71456340, 0, 0, 30081369, 47, 'SkipTheDishes', 0),
(71460273, 0, 76639458, 0, 46, 'Pick_Up', 5),
(71467897, 64801468, 0, 0, 47, 'InHouse_Delivery_Service', 0),
(71530318, 54506318, 0, 0, 51, 'InHouse_Delivery_Service', 6),
(71586190, 0, 51977962, 0, 35, 'Pick_Up', 5),
(71696452, 0, 0, 82188653, 17, 'SkipTheDishes', 0),
(71709706, 0, 0, 17622636, 54, 'SkipTheDishes', 0),
(71766085, 0, 0, 71877875, 45, 'SkipTheDishes', 0),
(71778944, 67140874, 0, 0, 46, 'InHouse_Delivery_Service', 4),
(71923337, 68140809, 0, 0, 29, 'InHouse_Delivery_Service', 0),
(72031728, 0, 0, 55234062, 55, 'SkipTheDishes', 6),
(72088265, 0, 0, 59284024, 39, 'SkipTheDishes', 0),
(72109936, 0, 0, 61081634, 38, 'SkipTheDishes', 0),
(72149617, 0, 0, 96680569, 42, 'SkipTheDishes', 0),
(72187390, 0, 0, 74319735, 60, 'SkipTheDishes', 4),
(72212273, 0, 71733699, 0, 18, 'Pick_Up', 0),
(72250235, 0, 33582215, 0, 27, 'Pick_Up', 0),
(72294163, 35276057, 0, 0, 24, 'InHouse_Delivery_Service', 0),
(72366496, 0, 0, 85397654, 50, 'SkipTheDishes', 0),
(72458005, 0, 61491170, 0, 59, 'Pick_Up', 0),
(72543550, 0, 0, 99910100, 54, 'SkipTheDishes', 0),
(72574004, 0, 0, 36844599, 23, 'SkipTheDishes', 0),
(72617162, 0, 0, 19695133, 30, 'SkipTheDishes', 0),
(72754466, 0, 0, 54496915, 55, 'SkipTheDishes', 0),
(72775810, 0, 0, 83033549, 37, 'SkipTheDishes', 0),
(72790857, 0, 0, 56725575, 38, 'SkipTheDishes', 0),
(72797855, 25788594, 0, 0, 34, 'InHouse_Delivery_Service', 0),
(72925925, 77928326, 0, 0, 19, 'InHouse_Delivery_Service', 0),
(73141535, 0, 32197157, 0, 53, 'Pick_Up', 0),
(73277714, 51663011, 0, 0, 57, 'InHouse_Delivery_Service', 0),
(73298648, 81640827, 0, 0, 55, 'InHouse_Delivery_Service', 4),
(73360426, 44825053, 0, 0, 29, 'InHouse_Delivery_Service', 0),
(73375858, 54541358, 0, 0, 59, 'InHouse_Delivery_Service', 0),
(73387974, 0, 0, 69769580, 40, 'SkipTheDishes', 0),
(73542212, 0, 0, 39290225, 13, 'SkipTheDishes', 0),
(73548159, 0, 0, 76426239, 45, 'SkipTheDishes', 4),
(73695807, 35467915, 0, 0, 53, 'InHouse_Delivery_Service', 0),
(73767602, 0, 0, 56500044, 13, 'SkipTheDishes', 6),
(73915677, 75115096, 0, 0, 26, 'InHouse_Delivery_Service', 0),
(73990339, 0, 0, 96824268, 28, 'SkipTheDishes', 4),
(73997395, 0, 0, 90326865, 55, 'SkipTheDishes', 0),
(74067071, 0, 0, 58111495, 11, 'SkipTheDishes', 0),
(74141625, 19980696, 0, 0, 49, 'InHouse_Delivery_Service', 0),
(74174215, 46257116, 0, 0, 53, 'InHouse_Delivery_Service', 0),
(74196932, 16769806, 0, 0, 35, 'InHouse_Delivery_Service', 0),
(74243495, 0, 0, 63390673, 60, 'SkipTheDishes', 0),
(74381710, 89350255, 0, 0, 31, 'InHouse_Delivery_Service', 6),
(74475983, 31200441, 0, 0, 25, 'InHouse_Delivery_Service', 0),
(74533014, 78130774, 0, 0, 51, 'InHouse_Delivery_Service', 0),
(74535900, 0, 0, 90107179, 33, 'SkipTheDishes', 0),
(74544094, 89915274, 0, 0, 56, 'InHouse_Delivery_Service', 4),
(74604908, 47497480, 0, 0, 41, 'InHouse_Delivery_Service', 0),
(74645164, 0, 0, 99483106, 59, 'SkipTheDishes', 0),
(74824590, 0, 44188510, 0, 18, 'Pick_Up', 0),
(74925850, 0, 0, 37708231, 57, 'SkipTheDishes', 0),
(74953985, 97784862, 0, 0, 39, 'InHouse_Delivery_Service', 0),
(75050816, 0, 18194516, 0, 45, 'Pick_Up', 0),
(75131309, 0, 0, 99027267, 48, 'SkipTheDishes', 0),
(75315111, 0, 45927222, 0, 18, 'Pick_Up', 5),
(75375180, 0, 0, 27231898, 58, 'SkipTheDishes', 0),
(75511942, 86651427, 0, 0, 51, 'InHouse_Delivery_Service', 6),
(75534351, 28022526, 0, 0, 17, 'InHouse_Delivery_Service', 0),
(75618836, 0, 36033245, 0, 57, 'Pick_Up', 0),
(75645673, 0, 0, 43466799, 46, 'SkipTheDishes', 6),
(75710682, 0, 0, 50681205, 20, 'SkipTheDishes', 0),
(75720789, 19003976, 0, 0, 40, 'InHouse_Delivery_Service', 0),
(75744824, 0, 0, 18383542, 47, 'SkipTheDishes', 0),
(75756651, 0, 0, 97844781, 48, 'SkipTheDishes', 0),
(76010691, 14176463, 0, 0, 44, 'InHouse_Delivery_Service', 0),
(76185398, 0, 83425915, 0, 51, 'Pick_Up', 0),
(76419569, 61346078, 0, 0, 42, 'InHouse_Delivery_Service', 5),
(76436696, 0, 0, 63983414, 33, 'SkipTheDishes', 0),
(76613123, 0, 17134250, 0, 23, 'Pick_Up', 0),
(76704903, 0, 0, 25872690, 48, 'SkipTheDishes', 0),
(76918766, 0, 11518311, 0, 30, 'Pick_Up', 0),
(76937100, 0, 0, 93590054, 33, 'SkipTheDishes', 0),
(77035332, 0, 0, 87936474, 12, 'SkipTheDishes', 0),
(77047897, 0, 0, 83214347, 33, 'SkipTheDishes', 5),
(77145097, 0, 0, 93719208, 49, 'SkipTheDishes', 0),
(77224463, 0, 0, 80519540, 23, 'SkipTheDishes', 0),
(77225031, 94913376, 0, 0, 34, 'InHouse_Delivery_Service', 0),
(77235522, 0, 61643062, 0, 29, 'Pick_Up', 5),
(77264955, 59997568, 0, 0, 35, 'InHouse_Delivery_Service', 5),
(77345401, 0, 0, 57896354, 39, 'SkipTheDishes', 0),
(77357634, 55667398, 0, 0, 28, 'InHouse_Delivery_Service', 0),
(77398434, 0, 0, 93220873, 27, 'SkipTheDishes', 0),
(77569501, 91792466, 0, 0, 25, 'InHouse_Delivery_Service', 5),
(77670923, 0, 0, 61636323, 55, 'SkipTheDishes', 0),
(77718322, 0, 0, 21359419, 43, 'SkipTheDishes', 0),
(77813344, 0, 94872536, 0, 41, 'Pick_Up', 0),
(77879033, 89029258, 0, 0, 39, 'InHouse_Delivery_Service', 6),
(77922329, 0, 0, 79371135, 52, 'SkipTheDishes', 0),
(77934794, 76624964, 0, 0, 24, 'InHouse_Delivery_Service', 0),
(77996830, 0, 0, 49700878, 24, 'SkipTheDishes', 0),
(78038391, 70456805, 0, 0, 15, 'InHouse_Delivery_Service', 0),
(78048978, 0, 0, 18174485, 58, 'SkipTheDishes', 0),
(78061471, 0, 0, 41937496, 57, 'SkipTheDishes', 0),
(78112571, 69586974, 0, 0, 37, 'InHouse_Delivery_Service', 4),
(78227569, 0, 0, 31238817, 23, 'SkipTheDishes', 0),
(78270701, 0, 96132932, 0, 35, 'Pick_Up', 0),
(78455999, 58272212, 0, 0, 58, 'InHouse_Delivery_Service', 0),
(78500883, 85549797, 0, 0, 16, 'InHouse_Delivery_Service', 0),
(78512206, 0, 0, 64601684, 53, 'SkipTheDishes', 0),
(78577506, 0, 51669921, 0, 36, 'Pick_Up', 5),
(78630256, 13641729, 0, 0, 24, 'InHouse_Delivery_Service', 0),
(78655333, 0, 0, 62628901, 54, 'SkipTheDishes', 5),
(78668937, 0, 0, 67984087, 38, 'SkipTheDishes', 0),
(78701123, 17736932, 0, 0, 49, 'InHouse_Delivery_Service', 0),
(78795841, 0, 0, 62897759, 37, 'SkipTheDishes', 5),
(78821090, 0, 0, 67990915, 51, 'SkipTheDishes', 0),
(78915223, 0, 0, 78047131, 15, 'SkipTheDishes', 6),
(78954716, 13453041, 0, 0, 21, 'InHouse_Delivery_Service', 0),
(79238047, 49674849, 0, 0, 18, 'InHouse_Delivery_Service', 0),
(79282550, 0, 0, 53787399, 27, 'SkipTheDishes', 0),
(79315208, 0, 0, 82897099, 12, 'SkipTheDishes', 0),
(79419840, 0, 0, 25600328, 18, 'SkipTheDishes', 0),
(79459234, 0, 0, 42047451, 59, 'SkipTheDishes', 0),
(79558234, 0, 38227410, 0, 54, 'Pick_Up', 4),
(79720038, 0, 0, 11552640, 25, 'SkipTheDishes', 0),
(79840006, 62170337, 0, 0, 53, 'InHouse_Delivery_Service', 0),
(79924162, 48991242, 0, 0, 43, 'InHouse_Delivery_Service', 4),
(79925391, 0, 0, 53242762, 47, 'SkipTheDishes', 0),
(80010469, 0, 0, 55313743, 45, 'SkipTheDishes', 6),
(80041224, 63643317, 0, 0, 49, 'InHouse_Delivery_Service', 5),
(80054121, 0, 0, 87561863, 53, 'SkipTheDishes', 0),
(80317281, 0, 0, 61440928, 22, 'SkipTheDishes', 6),
(80319185, 0, 0, 77836512, 36, 'SkipTheDishes', 0),
(80636342, 97745397, 0, 0, 45, 'InHouse_Delivery_Service', 6),
(80691485, 29735552, 0, 0, 16, 'InHouse_Delivery_Service', 5),
(80750543, 93998213, 0, 0, 18, 'InHouse_Delivery_Service', 0),
(80771610, 0, 0, 19531028, 56, 'SkipTheDishes', 0),
(80788773, 0, 0, 66560929, 18, 'SkipTheDishes', 0),
(80872938, 33272095, 0, 0, 37, 'InHouse_Delivery_Service', 6),
(80883575, 0, 0, 42435050, 11, 'SkipTheDishes', 0),
(80956314, 0, 62228294, 0, 35, 'Pick_Up', 0),
(81024192, 0, 0, 46128650, 11, 'SkipTheDishes', 6),
(81125164, 56223661, 0, 0, 13, 'InHouse_Delivery_Service', 0),
(81191732, 0, 59110154, 0, 20, 'Pick_Up', 0),
(81265807, 0, 94315580, 0, 54, 'Pick_Up', 0),
(81392368, 0, 0, 68269921, 50, 'SkipTheDishes', 6),
(81442474, 0, 0, 71644042, 33, 'SkipTheDishes', 0),
(81457877, 0, 0, 68818534, 25, 'SkipTheDishes', 6),
(81538932, 66776991, 0, 0, 16, 'InHouse_Delivery_Service', 0),
(81573850, 0, 0, 82429759, 22, 'SkipTheDishes', 6),
(81676228, 96009518, 0, 0, 23, 'InHouse_Delivery_Service', 0),
(81689925, 0, 0, 67485830, 39, 'SkipTheDishes', 6),
(81734082, 47636430, 0, 0, 26, 'InHouse_Delivery_Service', 0),
(81834034, 35410037, 0, 0, 23, 'InHouse_Delivery_Service', 0),
(81862820, 0, 0, 20988326, 20, 'SkipTheDishes', 0),
(81904719, 0, 0, 70688242, 31, 'SkipTheDishes', 0),
(82026694, 0, 0, 55523211, 17, 'SkipTheDishes', 0),
(82070218, 84627771, 0, 0, 15, 'InHouse_Delivery_Service', 6),
(82090703, 84257794, 0, 0, 28, 'InHouse_Delivery_Service', 0),
(82146256, 0, 0, 79850426, 60, 'SkipTheDishes', 0),
(82165439, 85030704, 0, 0, 58, 'InHouse_Delivery_Service', 0),
(82173563, 0, 0, 45675469, 39, 'SkipTheDishes', 0),
(82215826, 42326054, 0, 0, 55, 'InHouse_Delivery_Service', 5),
(82277588, 0, 36868834, 0, 35, 'Pick_Up', 6),
(82311855, 82280933, 0, 0, 14, 'InHouse_Delivery_Service', 0),
(82314370, 44116336, 0, 0, 58, 'InHouse_Delivery_Service', 0),
(82362320, 0, 0, 63213077, 38, 'SkipTheDishes', 0),
(82419029, 0, 0, 29466395, 55, 'SkipTheDishes', 0),
(82468444, 65934545, 0, 0, 50, 'InHouse_Delivery_Service', 0),
(82471843, 0, 0, 44092053, 11, 'SkipTheDishes', 0),
(82547109, 0, 93150058, 0, 31, 'Pick_Up', 0),
(82554343, 0, 0, 55146862, 52, 'SkipTheDishes', 0),
(82724993, 0, 0, 27740799, 12, 'SkipTheDishes', 0),
(82881333, 20936971, 0, 0, 46, 'InHouse_Delivery_Service', 0),
(82909725, 0, 61868392, 0, 49, 'Pick_Up', 0),
(82973493, 0, 0, 72283327, 29, 'SkipTheDishes', 4),
(82998059, 0, 0, 49195859, 25, 'SkipTheDishes', 0),
(83033719, 0, 0, 20378786, 32, 'SkipTheDishes', 4),
(83056732, 0, 36162332, 0, 41, 'Pick_Up', 0),
(83107194, 0, 43199374, 0, 50, 'Pick_Up', 0),
(83173417, 0, 0, 62206268, 51, 'SkipTheDishes', 0),
(83189210, 0, 0, 65584152, 33, 'SkipTheDishes', 0),
(83244801, 0, 61679512, 0, 14, 'Pick_Up', 0),
(83326054, 42157622, 0, 0, 12, 'InHouse_Delivery_Service', 0),
(83379137, 0, 41574171, 0, 49, 'Pick_Up', 0),
(83467752, 56006684, 0, 0, 26, 'InHouse_Delivery_Service', 4),
(83489471, 0, 0, 70969014, 29, 'SkipTheDishes', 0),
(83554722, 0, 0, 14638603, 46, 'SkipTheDishes', 0),
(83613499, 81212390, 0, 0, 45, 'InHouse_Delivery_Service', 0),
(83690224, 39648363, 0, 0, 60, 'InHouse_Delivery_Service', 4),
(83691475, 0, 67220452, 0, 19, 'Pick_Up', 0),
(83706123, 47545102, 0, 0, 39, 'InHouse_Delivery_Service', 0),
(83730763, 24687742, 0, 0, 10, 'InHouse_Delivery_Service', 0),
(83761083, 0, 48973868, 0, 26, 'Pick_Up', 0),
(83778599, 0, 0, 56837562, 56, 'SkipTheDishes', 0),
(83948052, 0, 0, 70105524, 12, 'SkipTheDishes', 5),
(83968795, 94112757, 0, 0, 40, 'InHouse_Delivery_Service', 0),
(84004874, 0, 38433406, 0, 30, 'Pick_Up', 4),
(84109218, 0, 0, 82851689, 53, 'SkipTheDishes', 0),
(84180967, 0, 0, 54642936, 13, 'SkipTheDishes', 0),
(84187939, 0, 0, 81462138, 57, 'SkipTheDishes', 6),
(84302714, 56880516, 0, 0, 54, 'InHouse_Delivery_Service', 0),
(84374424, 0, 0, 34080149, 40, 'SkipTheDishes', 6),
(84413480, 0, 0, 90812865, 59, 'SkipTheDishes', 5),
(84703825, 57428750, 0, 0, 21, 'InHouse_Delivery_Service', 0),
(84743599, 0, 0, 96616930, 23, 'SkipTheDishes', 4),
(84786591, 0, 0, 60950542, 13, 'SkipTheDishes', 0),
(84823266, 0, 0, 53814615, 16, 'SkipTheDishes', 0),
(84848921, 57192036, 0, 0, 41, 'InHouse_Delivery_Service', 0),
(84862396, 0, 0, 26586231, 22, 'SkipTheDishes', 5),
(84864615, 0, 0, 67344601, 13, 'SkipTheDishes', 0),
(85068621, 43464017, 0, 0, 19, 'InHouse_Delivery_Service', 0),
(85088807, 0, 60154801, 0, 56, 'Pick_Up', 0),
(85098296, 16849192, 0, 0, 29, 'InHouse_Delivery_Service', 0),
(85120068, 0, 0, 70846478, 54, 'SkipTheDishes', 0),
(85194203, 0, 0, 55207951, 14, 'SkipTheDishes', 0),
(85259778, 0, 0, 22547100, 16, 'SkipTheDishes', 4),
(85282756, 0, 0, 49669638, 43, 'SkipTheDishes', 0),
(85444597, 0, 94647310, 0, 50, 'Pick_Up', 4),
(85502405, 0, 0, 80093379, 39, 'SkipTheDishes', 5),
(85554024, 0, 0, 25557189, 47, 'SkipTheDishes', 0),
(85707477, 0, 0, 47668720, 35, 'SkipTheDishes', 0),
(85803838, 0, 0, 29094061, 44, 'SkipTheDishes', 0),
(85822918, 0, 0, 33482363, 33, 'SkipTheDishes', 0),
(85894918, 50877086, 0, 0, 31, 'InHouse_Delivery_Service', 6),
(85898707, 96337938, 0, 0, 32, 'InHouse_Delivery_Service', 0),
(85925378, 0, 0, 68815200, 20, 'SkipTheDishes', 6),
(85956577, 0, 0, 40303757, 26, 'SkipTheDishes', 0),
(86049242, 0, 0, 62014305, 21, 'SkipTheDishes', 0),
(86101214, 78070236, 0, 0, 39, 'InHouse_Delivery_Service', 4),
(86113957, 0, 0, 18765231, 16, 'SkipTheDishes', 0),
(86144918, 0, 0, 65064800, 16, 'SkipTheDishes', 0),
(86197534, 0, 0, 45215482, 11, 'SkipTheDishes', 0),
(86296746, 0, 58874287, 0, 59, 'Pick_Up', 0),
(86383491, 28196358, 0, 0, 18, 'InHouse_Delivery_Service', 0),
(86587642, 66565403, 0, 0, 46, 'InHouse_Delivery_Service', 4),
(86646699, 72513085, 0, 0, 55, 'InHouse_Delivery_Service', 5),
(86680130, 98737460, 0, 0, 50, 'InHouse_Delivery_Service', 0),
(86775009, 58033519, 0, 0, 50, 'InHouse_Delivery_Service', 0),
(86806995, 58480008, 0, 0, 12, 'InHouse_Delivery_Service', 6),
(86811581, 0, 0, 43892883, 60, 'SkipTheDishes', 0),
(86886535, 0, 0, 87063426, 28, 'SkipTheDishes', 0),
(86887811, 0, 0, 69979790, 12, 'SkipTheDishes', 0),
(86944607, 58072356, 0, 0, 44, 'InHouse_Delivery_Service', 0),
(87028875, 0, 0, 58683236, 49, 'SkipTheDishes', 0),
(87054955, 36106295, 0, 0, 49, 'InHouse_Delivery_Service', 4),
(87298374, 0, 0, 22751031, 60, 'SkipTheDishes', 4),
(87344373, 88092498, 0, 0, 58, 'InHouse_Delivery_Service', 0),
(87430012, 15809031, 0, 0, 19, 'InHouse_Delivery_Service', 6),
(87431608, 0, 0, 97280247, 58, 'SkipTheDishes', 5),
(87462678, 0, 0, 36224769, 24, 'SkipTheDishes', 0),
(87571273, 61614648, 0, 0, 58, 'InHouse_Delivery_Service', 0),
(87649704, 0, 0, 71505324, 35, 'SkipTheDishes', 6),
(87652355, 0, 80624287, 0, 16, 'Pick_Up', 0),
(87711509, 0, 0, 57097499, 22, 'SkipTheDishes', 0),
(87979176, 0, 81876855, 0, 60, 'Pick_Up', 0),
(88045096, 78094108, 0, 0, 49, 'InHouse_Delivery_Service', 0),
(88088654, 0, 0, 81281897, 10, 'SkipTheDishes', 0),
(88110231, 0, 54325683, 0, 44, 'Pick_Up', 5),
(88141319, 87740298, 0, 0, 32, 'InHouse_Delivery_Service', 0),
(88148765, 0, 0, 86097481, 47, 'SkipTheDishes', 0),
(88173703, 0, 0, 97517577, 20, 'SkipTheDishes', 5),
(88233174, 0, 83867562, 0, 47, 'Pick_Up', 4),
(88307508, 42762555, 0, 0, 51, 'InHouse_Delivery_Service', 0),
(88369489, 30859271, 0, 0, 54, 'InHouse_Delivery_Service', 0),
(88429463, 0, 0, 30418248, 28, 'SkipTheDishes', 0),
(88456118, 50374049, 0, 0, 15, 'InHouse_Delivery_Service', 0),
(88488581, 0, 0, 60844331, 11, 'SkipTheDishes', 0),
(88543701, 0, 0, 13392220, 12, 'SkipTheDishes', 0),
(88705934, 0, 0, 88718890, 27, 'SkipTheDishes', 0),
(88711885, 0, 0, 90003747, 37, 'SkipTheDishes', 0),
(88907032, 0, 0, 74033002, 27, 'SkipTheDishes', 0),
(89043200, 0, 0, 33302887, 44, 'SkipTheDishes', 6),
(89084322, 19661345, 0, 0, 21, 'InHouse_Delivery_Service', 4),
(89114412, 0, 0, 26855831, 55, 'SkipTheDishes', 0),
(89118784, 0, 0, 42398075, 44, 'SkipTheDishes', 6),
(89243320, 0, 0, 76209786, 34, 'SkipTheDishes', 0),
(89344716, 0, 0, 99974523, 26, 'SkipTheDishes', 0),
(89370141, 0, 0, 76439076, 34, 'SkipTheDishes', 6),
(89487952, 94637522, 0, 0, 49, 'InHouse_Delivery_Service', 0),
(89570227, 0, 32561193, 0, 57, 'Pick_Up', 0),
(89589164, 0, 0, 49284531, 27, 'SkipTheDishes', 0),
(89625460, 75688459, 0, 0, 38, 'InHouse_Delivery_Service', 0),
(89667620, 0, 0, 62616290, 11, 'SkipTheDishes', 0),
(89685039, 0, 0, 26184648, 21, 'SkipTheDishes', 0),
(89804305, 0, 0, 77529625, 11, 'SkipTheDishes', 0),
(89835935, 71480730, 0, 0, 11, 'InHouse_Delivery_Service', 4),
(89923681, 0, 0, 69060084, 39, 'SkipTheDishes', 0),
(89956348, 0, 0, 93373875, 24, 'SkipTheDishes', 0),
(89964334, 0, 0, 47068454, 37, 'SkipTheDishes', 0),
(90095887, 62114390, 0, 0, 27, 'InHouse_Delivery_Service', 0),
(90161007, 62081444, 0, 0, 17, 'InHouse_Delivery_Service', 6),
(90205252, 60684720, 0, 0, 37, 'InHouse_Delivery_Service', 0),
(90211484, 0, 0, 53169094, 51, 'SkipTheDishes', 0),
(90251784, 0, 0, 67633641, 21, 'SkipTheDishes', 0),
(90381239, 0, 0, 12224651, 55, 'SkipTheDishes', 0),
(90498522, 23801471, 0, 0, 36, 'InHouse_Delivery_Service', 4),
(90556812, 0, 97357517, 0, 15, 'Pick_Up', 0),
(90582568, 0, 69347045, 0, 42, 'Pick_Up', 0),
(90586825, 77690796, 0, 0, 50, 'InHouse_Delivery_Service', 0),
(90628856, 0, 0, 57013227, 48, 'SkipTheDishes', 0),
(90673558, 0, 0, 44157732, 57, 'SkipTheDishes', 0),
(90778569, 0, 0, 33004240, 19, 'SkipTheDishes', 0),
(90972901, 0, 0, 69951993, 36, 'SkipTheDishes', 0),
(91008521, 0, 0, 26940598, 12, 'SkipTheDishes', 6),
(91077346, 54938803, 0, 0, 59, 'InHouse_Delivery_Service', 0),
(91131257, 0, 0, 18656258, 49, 'SkipTheDishes', 0),
(91131315, 0, 44578365, 0, 24, 'Pick_Up', 0),
(91154757, 0, 0, 45998214, 21, 'SkipTheDishes', 4),
(91174912, 84617466, 0, 0, 49, 'InHouse_Delivery_Service', 5),
(91205326, 0, 0, 31381896, 60, 'SkipTheDishes', 0),
(91294188, 36461759, 0, 0, 36, 'InHouse_Delivery_Service', 0),
(91343606, 22873050, 0, 0, 38, 'InHouse_Delivery_Service', 0),
(91357069, 0, 0, 44618724, 41, 'SkipTheDishes', 6),
(91387295, 55103550, 0, 0, 34, 'InHouse_Delivery_Service', 6),
(91398135, 78245570, 0, 0, 16, 'InHouse_Delivery_Service', 0),
(91512549, 87866168, 0, 0, 51, 'InHouse_Delivery_Service', 0),
(91676710, 26459304, 0, 0, 48, 'InHouse_Delivery_Service', 6),
(91705243, 0, 0, 69811425, 19, 'SkipTheDishes', 0),
(91794126, 0, 50109601, 0, 49, 'Pick_Up', 0),
(91872681, 0, 0, 57449985, 52, 'SkipTheDishes', 4),
(91930192, 0, 75357311, 0, 29, 'Pick_Up', 0),
(91964922, 0, 0, 84480629, 29, 'SkipTheDishes', 0),
(91992364, 0, 0, 28877925, 33, 'SkipTheDishes', 0),
(92042632, 82188074, 0, 0, 45, 'InHouse_Delivery_Service', 5),
(92137411, 0, 0, 37000067, 36, 'SkipTheDishes', 4),
(92179200, 29877285, 0, 0, 24, 'InHouse_Delivery_Service', 0),
(92227419, 0, 0, 57550780, 39, 'SkipTheDishes', 5),
(92238414, 0, 0, 90365183, 32, 'SkipTheDishes', 0),
(92243178, 0, 0, 79078395, 35, 'SkipTheDishes', 0),
(92313043, 0, 0, 26550005, 30, 'SkipTheDishes', 5),
(92340012, 0, 0, 42824288, 39, 'SkipTheDishes', 0),
(92342471, 35234846, 0, 0, 10, 'InHouse_Delivery_Service', 0),
(92383505, 0, 0, 16361364, 60, 'SkipTheDishes', 0),
(92446681, 0, 0, 63135851, 46, 'SkipTheDishes', 0),
(92457115, 79535656, 0, 0, 32, 'InHouse_Delivery_Service', 0),
(92468880, 0, 0, 92865540, 34, 'SkipTheDishes', 0),
(92521058, 0, 0, 98691480, 30, 'SkipTheDishes', 0),
(92597455, 0, 0, 42052001, 29, 'SkipTheDishes', 5),
(92602298, 10773584, 0, 0, 21, 'InHouse_Delivery_Service', 0),
(92675276, 0, 0, 38177276, 32, 'SkipTheDishes', 0),
(92719257, 0, 0, 36577332, 57, 'SkipTheDishes', 0),
(92776607, 73247017, 0, 0, 53, 'InHouse_Delivery_Service', 0),
(92805870, 0, 0, 54689569, 28, 'SkipTheDishes', 0),
(92857123, 0, 63041122, 0, 22, 'Pick_Up', 0),
(92884385, 0, 0, 23503620, 48, 'SkipTheDishes', 4),
(93017023, 0, 0, 91061101, 22, 'SkipTheDishes', 0),
(93088107, 61883559, 0, 0, 28, 'InHouse_Delivery_Service', 0),
(93120648, 0, 0, 45950800, 11, 'SkipTheDishes', 4),
(93145526, 45771226, 0, 0, 43, 'InHouse_Delivery_Service', 0),
(93213704, 0, 0, 39268581, 56, 'SkipTheDishes', 5),
(93238101, 0, 0, 22424850, 11, 'SkipTheDishes', 5),
(93268777, 0, 0, 86171048, 27, 'SkipTheDishes', 0),
(93280224, 0, 0, 94068586, 36, 'SkipTheDishes', 0),
(93537674, 0, 0, 43173549, 51, 'SkipTheDishes', 0),
(93606365, 52707303, 0, 0, 57, 'InHouse_Delivery_Service', 4),
(93607491, 0, 27395848, 0, 43, 'Pick_Up', 0),
(93780504, 75761993, 0, 0, 35, 'InHouse_Delivery_Service', 0),
(93787394, 86955189, 0, 0, 41, 'InHouse_Delivery_Service', 0),
(93925158, 0, 0, 47933495, 45, 'SkipTheDishes', 0),
(93961646, 0, 0, 97959267, 24, 'SkipTheDishes', 6),
(93990247, 87317333, 0, 0, 44, 'InHouse_Delivery_Service', 0),
(93992566, 36830407, 0, 0, 41, 'InHouse_Delivery_Service', 0),
(94038561, 0, 0, 80072691, 28, 'SkipTheDishes', 0),
(94131435, 96901223, 0, 0, 39, 'InHouse_Delivery_Service', 0),
(94137440, 0, 0, 99530942, 46, 'SkipTheDishes', 0),
(94150862, 37446395, 0, 0, 30, 'InHouse_Delivery_Service', 0),
(94205819, 0, 22594734, 0, 26, 'Pick_Up', 0),
(94217053, 0, 74807976, 0, 38, 'Pick_Up', 0),
(94351710, 0, 0, 54303836, 35, 'SkipTheDishes', 0),
(94551121, 0, 0, 49558058, 14, 'SkipTheDishes', 4),
(94555723, 0, 0, 83220842, 12, 'SkipTheDishes', 5),
(94655766, 0, 51644080, 0, 37, 'Pick_Up', 0),
(94741173, 0, 63425733, 0, 29, 'Pick_Up', 5),
(94926527, 0, 0, 39334058, 37, 'SkipTheDishes', 6),
(94965696, 0, 0, 65026456, 37, 'SkipTheDishes', 0),
(94977593, 38657888, 0, 0, 59, 'InHouse_Delivery_Service', 0),
(95059883, 0, 0, 54898615, 38, 'SkipTheDishes', 0),
(95115958, 0, 0, 12240365, 58, 'SkipTheDishes', 0),
(95187041, 0, 0, 61134113, 53, 'SkipTheDishes', 0),
(95204869, 0, 0, 97400200, 56, 'SkipTheDishes', 5),
(95209987, 0, 0, 87519006, 45, 'SkipTheDishes', 0),
(95253311, 0, 0, 84105372, 15, 'SkipTheDishes', 6),
(95273344, 42288967, 0, 0, 56, 'InHouse_Delivery_Service', 0),
(95313889, 0, 0, 83101847, 23, 'SkipTheDishes', 0),
(95318058, 25733480, 0, 0, 22, 'InHouse_Delivery_Service', 0),
(95330702, 83768301, 0, 0, 35, 'InHouse_Delivery_Service', 0),
(95398895, 0, 0, 53300867, 10, 'SkipTheDishes', 4),
(95489130, 0, 17725895, 0, 27, 'Pick_Up', 0),
(95540274, 92247370, 0, 0, 19, 'InHouse_Delivery_Service', 4),
(95654387, 0, 84470161, 0, 38, 'Pick_Up', 0),
(95724353, 0, 0, 65308553, 11, 'SkipTheDishes', 0),
(95724911, 0, 0, 58340130, 29, 'SkipTheDishes', 0),
(95817890, 72655608, 0, 0, 57, 'InHouse_Delivery_Service', 0),
(95823976, 0, 78099872, 0, 57, 'Pick_Up', 0),
(95850269, 0, 0, 68916737, 22, 'SkipTheDishes', 0),
(95910696, 0, 0, 88380976, 41, 'SkipTheDishes', 0),
(95933562, 0, 0, 68161485, 22, 'SkipTheDishes', 0),
(96003280, 85018354, 0, 0, 32, 'InHouse_Delivery_Service', 0),
(96025329, 82351651, 0, 0, 37, 'InHouse_Delivery_Service', 0),
(96051617, 79970814, 0, 0, 18, 'InHouse_Delivery_Service', 0),
(96088189, 0, 0, 89507693, 21, 'SkipTheDishes', 0),
(96258327, 73690140, 0, 0, 46, 'InHouse_Delivery_Service', 6),
(96275910, 0, 51817502, 0, 60, 'Pick_Up', 5),
(96369597, 0, 0, 26878136, 25, 'SkipTheDishes', 0),
(96489000, 0, 0, 70044419, 52, 'SkipTheDishes', 4),
(96494811, 99139428, 0, 0, 19, 'InHouse_Delivery_Service', 0),
(96532735, 0, 0, 63798269, 30, 'SkipTheDishes', 0),
(96608502, 85331473, 0, 0, 31, 'InHouse_Delivery_Service', 0),
(96739813, 51440537, 0, 0, 40, 'InHouse_Delivery_Service', 0),
(96835297, 88208244, 0, 0, 21, 'InHouse_Delivery_Service', 0),
(96901920, 42262262, 0, 0, 23, 'InHouse_Delivery_Service', 0),
(96908596, 72334275, 0, 0, 23, 'InHouse_Delivery_Service', 0),
(96954212, 0, 0, 25068638, 11, 'SkipTheDishes', 0),
(96990396, 79184552, 0, 0, 50, 'InHouse_Delivery_Service', 6),
(96999182, 0, 0, 42017625, 28, 'SkipTheDishes', 0),
(97041302, 49878517, 0, 0, 24, 'InHouse_Delivery_Service', 5),
(97068898, 0, 0, 51861448, 12, 'SkipTheDishes', 4),
(97086476, 74197847, 0, 0, 60, 'InHouse_Delivery_Service', 4),
(97150925, 0, 0, 26151256, 23, 'SkipTheDishes', 0),
(97211730, 29227127, 0, 0, 27, 'InHouse_Delivery_Service', 0),
(97281485, 44538504, 0, 0, 27, 'InHouse_Delivery_Service', 0),
(97393837, 20626452, 0, 0, 12, 'InHouse_Delivery_Service', 4),
(97620348, 41968868, 0, 0, 37, 'InHouse_Delivery_Service', 0),
(97813407, 0, 0, 63206689, 35, 'SkipTheDishes', 0),
(97900175, 0, 0, 65405281, 52, 'SkipTheDishes', 0),
(97939387, 37123066, 0, 0, 24, 'InHouse_Delivery_Service', 6),
(97977659, 0, 87136756, 0, 26, 'Pick_Up', 0),
(98016605, 0, 0, 43103250, 59, 'SkipTheDishes', 0),
(98027155, 0, 0, 97369413, 47, 'SkipTheDishes', 0),
(98040450, 0, 19086278, 0, 27, 'Pick_Up', 6),
(98125952, 0, 0, 41375872, 44, 'SkipTheDishes', 0),
(98164902, 0, 0, 25401337, 56, 'SkipTheDishes', 5),
(98193294, 0, 0, 65254790, 21, 'SkipTheDishes', 0),
(98480117, 0, 0, 66128521, 51, 'SkipTheDishes', 0),
(98486211, 0, 0, 84853191, 10, 'SkipTheDishes', 0),
(98594738, 0, 0, 10235115, 25, 'SkipTheDishes', 6),
(98699441, 0, 0, 90366364, 30, 'SkipTheDishes', 4),
(98765319, 0, 0, 69331408, 51, 'SkipTheDishes', 0),
(98888351, 0, 0, 64592180, 57, 'SkipTheDishes', 0),
(98964053, 37024610, 0, 0, 53, 'InHouse_Delivery_Service', 0),
(99009325, 72923592, 0, 0, 32, 'InHouse_Delivery_Service', 0),
(99060206, 41258622, 0, 0, 10, 'InHouse_Delivery_Service', 5),
(99234470, 35809138, 0, 0, 43, 'InHouse_Delivery_Service', 0),
(99276621, 0, 0, 70390415, 21, 'SkipTheDishes', 0),
(99351700, 0, 0, 16606984, 44, 'SkipTheDishes', 5),
(99424542, 0, 0, 26682781, 40, 'SkipTheDishes', 0),
(99524442, 0, 39465744, 0, 19, 'Pick_Up', 6),
(99528938, 0, 0, 71535308, 58, 'SkipTheDishes', 0),
(99538551, 0, 0, 12621671, 48, 'SkipTheDishes', 4),
(99555546, 49121113, 0, 0, 22, 'InHouse_Delivery_Service', 5),
(99593630, 49156959, 0, 0, 29, 'InHouse_Delivery_Service', 6),
(99593731, 0, 0, 29791996, 51, 'SkipTheDishes', 0),
(99600840, 0, 0, 53661209, 53, 'SkipTheDishes', 0),
(99725198, 0, 0, 17297160, 50, 'SkipTheDishes', 0),
(99732998, 0, 91002756, 0, 12, 'Pick_Up', 0),
(99779678, 0, 0, 42284753, 32, 'SkipTheDishes', 0),
(99852739, 69687093, 0, 0, 11, 'InHouse_Delivery_Service', 0),
(99885457, 95568680, 0, 0, 19, 'InHouse_Delivery_Service', 0),
(99931265, 16543070, 0, 0, 10, 'InHouse_Delivery_Service', 0);

-- --------------------------------------------------------

--
-- Table structure for table `driver`
--

CREATE TABLE `driver` (
  `Driver_ID` int(8) NOT NULL,
  `Driver_First_name` varchar(25) NOT NULL,
  `Driver_Last_name` varchar(25) NOT NULL,
  `SIN` int(9) NOT NULL COMMENT '9 digits',
  `License_plate` varchar(7) NOT NULL COMMENT '7 characters'
) ENGINE=InnoDB DEFAULT CHARSET=utf8mb4;

--
-- Dumping data for table `driver`
--

INSERT INTO `driver` (`Driver_ID`, `Driver_First_name`, `Driver_Last_name`, `SIN`, `License_plate`) VALUES
(1, 'Henry', 'Johnson', 360010346, 'JDHF923'),
(2, 'Mohamed', 'William', 601679541, 'KFDF948'),
(3, 'Peter', 'Brown', 863129222, 'LJGD754'),
(4, 'Paulos', 'Jones', 857803112, 'FDSB231'),
(5, 'Manuel', 'Miller', 752241660, 'GJBF275'),
(6, 'Junior', 'Malik', 220429937, 'IOFP954');

-- --------------------------------------------------------

--
-- Table structure for table `employee`
--

CREATE TABLE `employee` (
  `Employee_ID` int(8) NOT NULL,
  `Store_ID` int(8) NOT NULL,
  `First_name` varchar(25) NOT NULL,
  `Last_name` varchar(25) NOT NULL,
  `SIN` int(9) NOT NULL COMMENT '9 digits',
  `Job_title` varchar(25) NOT NULL,
  `DOB` date DEFAULT NULL COMMENT 'YYYY-MM-DD',
  `Email` varchar(25) DEFAULT NULL,
  `Years_of_Exp` int(2) DEFAULT NULL
) ENGINE=InnoDB DEFAULT CHARSET=utf8mb4;

--
-- Dumping data for table `employee`
--

INSERT INTO `employee` (`Employee_ID`, `Store_ID`, `First_name`, `Last_name`, `SIN`, `Job_title`, `DOB`, `Email`, `Years_of_Exp`) VALUES
(1, 1, 'Heather', 'Smith', 952629593, 'Host', '0000-00-00', '', 3),
(2, 1, 'Frank', 'Carr', 312824257, 'Server', '1998-03-09', '', 0),
(3, 1, 'Matthew', 'Lisle', 340137585, 'Chef', '0000-00-00', 'matthew.lisle@hotmail.com', 2),
(4, 1, 'Sarah', 'Smythe', 241482957, 'Host', '0000-00-00', '', 0),
(5, 1, 'Yash', 'Larn', 904429194, 'Dishwasher', '0000-00-00', '', 3),
(6, 1, 'Valay', 'Forris', 248458264, 'Server', '0000-00-00', '', 5),
(7, 1, 'Sun', 'Thomas', 965228875, 'Host', '0000-00-00', '', 0),
(8, 1, 'Hannah', 'Mcdonald', 352352544, 'Server', '1988-02-24', '', 6),
(9, 1, 'Patrick', 'Stewart', 280298171, 'Server', '0000-00-00', '', 1),
(10, 1, 'Jack', 'Cyrus', 749780749, 'Server', '0000-00-00', 'jack.cyrus@gmail.com', 0),
(11, 1, 'John', 'Riel', 472209534, 'Dishwasher', '0000-00-00', '', 0),
(12, 1, 'Jill', 'Hern', 385435089, 'Host', '0000-00-00', '', 0),
(13, 1, 'Harley', 'Rinna', 635414593, 'Chef', '1993-09-20', '', 1),
(14, 1, 'Ella', 'Volt', 941919738, 'Chef', '0000-00-00', '', 2),
(15, 1, 'Dan', 'Montana', 734320696, 'Chef', '0000-00-00', 'danmontana@yahoo.com', 7),
(16, 1, 'Steve', 'Lewis', 989248239, 'Host', '0000-00-00', '', 1);

-- --------------------------------------------------------

--
-- Table structure for table `ingredients`
--

CREATE TABLE `ingredients` (
  `Ingredient_ID` int(8) NOT NULL,
  `Name_of_Ingredient` varchar(25) NOT NULL
) ENGINE=InnoDB DEFAULT CHARSET=utf8mb4;

--
-- Dumping data for table `ingredients`
--

INSERT INTO `ingredients` (`Ingredient_ID`, `Name_of_Ingredient`) VALUES
(1, 'Mushrooms'),
(2, 'Green Peppers'),
(3, 'Red Peppers'),
(4, 'Black Olives'),
(5, 'Green Olives'),
(6, 'Chicken'),
(7, 'Pepperoni'),
(8, 'Pineapple'),
(9, 'Anchovies'),
(10, 'Ham'),
(11, 'Bacon'),
(12, 'Seasoning'),
(13, 'Garlic Sauce'),
(14, 'Pesto Sauce'),
(15, 'Tomato Sauce'),
(16, 'Dough'),
(17, 'Onions'),
(18, 'Mozzarella Cheese'),
(19, 'Cheddar Cheese'),
(20, 'Spinach');

-- --------------------------------------------------------

--
-- Table structure for table `inhouse_delivery_service`
--

CREATE TABLE `inhouse_delivery_service` (
  `InHouse_Delivery_Service_ID` int(8) NOT NULL,
  `Driver_ID` int(8) NOT NULL,
  `First_name` varchar(25) NOT NULL,
  `Last_name` varchar(25) NOT NULL,
  `Address` varchar(50) NOT NULL,
  `Phone_number` int(10) NOT NULL COMMENT '10 digits',
  `Email` varchar(25) NOT NULL,
  `Service_fee_amount` int(1) NOT NULL COMMENT 'Up to $8'
) ENGINE=InnoDB DEFAULT CHARSET=utf8mb4;

--
-- Dumping data for table `inhouse_delivery_service`
--

INSERT INTO `inhouse_delivery_service` (`InHouse_Delivery_Service_ID`, `Driver_ID`, `First_name`, `Last_name`, `Address`, `Phone_number`, `Email`, `Service_fee_amount`) VALUES
(0, 1, 'test', 'error', 'err drive', 2147483647, 'error@test.ca', 0),
(10278333, 2, 'Jenni', 'Sporton', '37 Browning Center', 2147483647, 'jsporton4l@facebook.com', 1),
(10332070, 3, 'Tess', 'Seeger', '372 International Alley', 2147483647, 'tseeger6r@xinhuanet.com', 4),
(10446312, 6, 'Muire', 'Trevarthen', '21543 Shasta Street', 2147483647, 'mtrevarthen6@seattletimes', 4),
(10578162, 1, 'Lionello', 'Mounfield', '967 Messerschmidt Trail', 2147483647, 'lmounfield18@liveinternet', 1),
(10632664, 5, 'Murvyn', 'Grassot', '0170 Towne Place', 2147483647, 'mgrassotbe@scribd.com', 7),
(10773584, 1, 'Ari', 'Roughey', '6266 Erie Park', 2147483647, 'aroughey3y@rambler.ru', 2),
(10787450, 5, 'Annaliese', 'Seeking', '76062 Jay Street', 2147483647, 'aseekingcg@state.tx.us', 4),
(10788094, 2, 'Ezequiel', 'Giacobelli', '521 Sunnyside Terrace', 2147483647, 'egiacobelli4m@qq.com', 1),
(10794420, 1, 'Gabriel', 'Snoday', '3 Dryden Point', 2147483647, 'gsnoday1m@chron.com', 7),
(10809817, 2, 'Karry', 'Kinnaird', '1779 Eggendart Trail', 2147483647, 'kkinnaird4n@wired.com', 1),
(11460887, 1, 'Bart', 'Eighteen', '6 Jackson Lane', 2147483647, 'beighteen3x@cisco.com', 1),
(11627814, 5, 'Vivianna', 'Reace', '030 Iowa Street', 2147483647, 'vreace9m@wiley.com', 6),
(11741721, 2, 'Lamont', 'Huggon', '4 Northfield Point', 2147483647, 'lhuggonb@google.com.br', 8),
(12511412, 5, 'Susannah', 'Bertelet', '8 Hallows Lane', 2147483647, 'sberteletm@paginegialle.i', 2),
(12543499, 2, 'Tanitansy', 'Russ', '412 Bayside Plaza', 2147483647, 'truss5m@weibo.com', 8),
(12955371, 4, 'Isa', 'Burger', '7824 Cottonwood Park', 2147483647, 'iburgera@go.com', 3),
(13453041, 2, 'Gaby', 'Watchorn', '5625 Buell Trail', 2147483647, 'gwatchorn5r@cargocollecti', 5),
(13641729, 1, 'Levon', 'Thackray', '89926 Laurel Trail', 2147483647, 'lthackrayi@over-blog.com', 2),
(13676230, 2, 'Florence', 'Franchyonok', '61 Shasta Hill', 2147483647, 'ffranchyonok9@unblog.fr', 2),
(13858736, 3, 'Haley', 'Koschke', '4 New Castle Crossing', 2147483647, 'hkoschke6z@istockphoto.co', 4),
(14136942, 2, 'Garald', 'Rasell', '1 Morningstar Terrace', 2147483647, 'grasell7@typepad.com', 6),
(14176463, 2, 'Evvie', 'Kleisel', '0170 Ohio Road', 2147483647, 'ekleisel8@woothemes.com', 7),
(14523873, 2, 'Isador', 'Buttfield', '3 Stoughton Pass', 2147483647, 'ibuttfield4k@delicious.co', 1),
(14666205, 1, 'Ardene', 'Casbon', '2 Carey Avenue', 2147483647, 'acasbon2c@vkontakte.ru', 1),
(14837209, 2, 'Glennis', 'Haysom', '89 Shasta Drive', 2147483647, 'ghaysom5l@google.fr', 8),
(14977589, 4, 'Glenn', 'Egan', '81950 Schurz Lane', 2147483647, 'gegan8o@slate.com', 6),
(15427891, 1, 'Lamont', 'Huggon', '4 Northfield Point', 2147483647, 'lhuggonb@google.com.br', 8),
(15448291, 5, 'Eddy', 'Abbatini', '02446 Kings Drive', 2147483647, 'eabbatini91@plala.or.jp', 3),
(15663735, 4, 'Elwood', 'Hatzar', '84220 Cordelia Way', 2147483647, 'ehatzar8a@yelp.com', 1),
(15686003, 3, 'Nicko', 'Fairman', '32957 Bluejay Alley', 2147483647, 'nfairman3@networksolution', 6),
(15718352, 1, 'Werner', 'Hansed', '9 Moulton Center', 2147483647, 'whansed17@barnesandnoble.', 4),
(15760169, 1, 'Roxana', 'Fazzioli', '50823 Doe Crossing Trail', 2147483647, 'rfazzioli3u@oaic.gov.au', 1),
(15809031, 1, 'Meggie', 'Pepper', '1 Haas Parkway', 2147483647, 'mpepper3w@oracle.com', 5),
(15812040, 1, 'Korney', 'Aggott', '318 Harper Avenue', 2147483647, 'kaggott2v@networksolution', 8),
(16075248, 1, 'Rodrigo', 'Beneze', '67393 Maple Court', 2147483647, 'rbeneze1i@tinyurl.com', 2),
(16076679, 1, 'Kym', 'Jann', '363 Atwood Street', 2147483647, 'kjann2a@nhs.uk', 7),
(16132047, 3, 'Mal', 'Collough', '00173 Petterle Parkway', 2147483647, 'mcollough6w@marriott.com', 8),
(16503887, 5, 'Verna', 'Ziehms', '7 Eliot Junction', 2147483647, 'vziehmsbn@umn.edu', 1),
(16543070, 6, 'Tatiana', 'Leeming', '379 Sycamore Center', 2147483647, 'tleemingz@rediff.com', 1),
(16555682, 3, 'Paola', 'Jobern', '95755 Summer Ridge Point', 2147483647, 'pjobern6b@biblegateway.co', 3),
(16636138, 5, 'Austin', 'Parnell', '6826 Heffernan Court', 2147483647, 'aparnellb4@bing.com', 7),
(16769806, 2, 'Kiele', 'Cone', '47697 Daystar Avenue', 2147483647, 'kcone5n@newyorker.com', 6),
(16849192, 5, 'Ricoriki', 'Penzer', '876 Westend Hill', 2147483647, 'rpenzera6@jigsy.com', 2),
(17182149, 3, 'Adriane', 'Terbrug', '8 Jana Circle', 2147483647, 'aterbrug6a@dagondesign.co', 3),
(17211124, 2, 'Andy', 'Keightley', '4591 Sherman Trail', 2147483647, 'akeightley4f@booking.com', 5),
(17262454, 1, 'Koenraad', 'Shewen', '57 Atwood Park', 2147483647, 'kshewen41@google.ca', 1),
(17268213, 5, 'Elisabeth', 'Dennitts', '49744 New Castle Center', 2147483647, 'edennittsbl@addtoany.com', 7),
(17736932, 5, 'Sidnee', 'Gregor', '3 4th Hill', 2147483647, 'sgregorb9@washington.edu', 4),
(17797876, 6, 'Matthew', 'Brookton', '16838 Sherman Pass', 2147483647, 'mbrooktonbp@sfgate.com', 1),
(17967241, 4, 'Corliss', 'Dinnis', '30650 Mayer Street', 2147483647, 'cdinnis7p@a8.net', 3),
(18603454, 6, 'Lorrie', 'Garvey', '90 Shopko Place', 2147483647, 'lgarveyd4@list-manage.com', 1),
(18690883, 4, 'Braden', 'Nornable', '30091 Armistice Center', 2147483647, 'bnornable8n@hibu.com', 3),
(18873162, 2, 'Kacy', 'Emmot', '05 Sage Alley', 2147483647, 'kemmot5@bing.com', 6),
(19003976, 1, 'Kacy', 'Emmot', '05 Sage Alley', 2147483647, 'kemmot5@bing.com', 4),
(19302317, 4, 'Walsh', 'Biaggi', '083 Armistice Park', 2147483647, 'wbiaggi7q@noaa.gov', 2),
(19661345, 5, 'Tremayne', 'Nornasell', '147 Eagle Crest Circle', 2147483647, 'tnornasella1@npr.org', 2),
(19699114, 3, 'Mandel', 'Mollin', '26 Marcy Way', 2147483647, 'mmollin4@163.com', 7),
(19956170, 5, 'Vonny', 'Cadell', '1 Schmedeman Street', 2147483647, 'vcadellbm@etsy.com', 7),
(19980696, 5, 'Emmett', 'Dearness', '10 Clemons Way', 2147483647, 'edearnessaw@miitbeian.gov', 2),
(20208944, 1, 'Lacy', 'Tomasino', '0453 Amoth Park', 2147483647, 'ltomasino2g@cocolog-nifty', 3),
(20336446, 5, 'Sheba', 'Prandin', '8484 Sunnyside Terrace', 2147483647, 'sprandin1g@cam.ac.uk', 2),
(20405535, 1, 'Aldridge', 'Stryde', '240 Springview Park', 2147483647, 'astryde2h@nba.com', 2),
(20626452, 1, 'Wood', 'Nockalls', '25 Carberry Terrace', 2147483647, 'wnockalls2f@dailymotion.c', 8),
(20911237, 2, 'Isa', 'Burger', '7824 Cottonwood Park', 2147483647, 'iburgera@go.com', 4),
(20936971, 2, 'Cass', 'De Angelo', '02253 Rowland Trail', 2147483647, 'cdeangelod@google.ca', 4),
(21277716, 5, 'Jehu', 'Alsopp', '111 Clarendon Avenue', 2147483647, 'jalsopp1d@a8.net', 2),
(21344775, 1, 'Nicko', 'Fairman', '32957 Bluejay Alley', 2147483647, 'nfairman3@networksolution', 7),
(21675255, 5, 'Mandel', 'Mollin', '26 Marcy Way', 2147483647, 'mmollin4@163.com', 3),
(21734360, 1, 'Marilyn', 'Barham', '41 Loeprich Lane', 2147483647, 'mbarham3f@ovh.net', 3),
(22169426, 5, 'Trescha', 'Darell', '01583 Fordem Crossing', 2147483647, 'tdarellcm@utexas.edu', 8),
(22703353, 3, 'Gertie', 'Collingham', '9 Harper Junction', 2147483647, 'gcollingham7a@icq.com', 6),
(22873050, 1, 'Garald', 'Rasell', '1 Morningstar Terrace', 2147483647, 'grasell7@typepad.com', 4),
(23028104, 6, 'Rodger', 'Cridlin', '4 Reinke Court', 2147483647, 'rcridlindq@ameblo.jp', 1),
(23650055, 4, 'Rriocard', 'Derrett', '75317 Maywood Terrace', 2147483647, 'rderrett83@imageshack.us', 8),
(23801471, 1, 'Lamont', 'Huggon', '4 Northfield Point', 2147483647, 'lhuggonb@google.com.br', 1),
(23845009, 5, 'Matthew', 'Brookton', '16838 Sherman Pass', 2147483647, 'mbrooktonbp@sfgate.com', 8),
(24164668, 1, 'Craig', 'Huggen', '213 Valley Edge Hill', 2147483647, 'chuggen10@globo.com', 1),
(24687742, 5, 'Dylan', 'Wilks', '249 Duke Park', 2147483647, 'dwilks1f@instagram.com', 4),
(24808697, 5, 'Shirlee', 'Chafney', '393 Messerschmidt Parkway', 2147483647, 'schafneyb6@github.com', 2),
(24985819, 4, 'Rory', 'Durrant', '60757 Sommers Plaza', 2147483647, 'rdurrant8m@chicagotribune', 4),
(25105201, 4, 'Lamont', 'Huggon', '4 Northfield Point', 2147483647, 'lhuggonb@google.com.br', 1),
(25733480, 5, 'Matthew', 'Brookton', '16838 Sherman Pass', 2147483647, 'mbrooktonbp@sfgate.com', 1),
(25739291, 5, 'Gardener', 'Lordon', '28630 Lien Street', 2147483647, 'glordonby@cafepress.com', 2),
(25788594, 5, 'Wilfrid', 'Durham', '14582 Ohio Drive', 2147483647, 'wdurhamb7@wisc.edu', 6),
(25833356, 1, 'Briny', 'Autie', '649 Meadow Ridge Park', 2147483647, 'bautie3z@cnbc.com', 8),
(26080110, 1, 'Carmon', 'Ojeda', '641 Little Fleur Place', 2147483647, 'cojeda32@nasa.gov', 6),
(26114367, 4, 'Florence', 'Franchyonok', '61 Shasta Hill', 2147483647, 'ffranchyonok9@unblog.fr', 7),
(26207178, 6, 'Concettina', 'Cogan', '603 Sugar Crossing', 2147483647, 'ccogandd@latimes.com', 3),
(26459304, 6, 'Adlai', 'Bruster', '666 Sunfield Avenue', 2147483647, 'abrusterd5@mapquest.com', 2),
(26664661, 4, 'Jule', 'Downs', '6193 Mccormick Center', 2147483647, 'jdowns13@usnews.com', 8),
(26740268, 3, 'Romonda', 'Ivashchenko', '41 Prairie Rose Street', 2147483647, 'rivashchenko6t@ehow.com', 2),
(27141363, 3, 'Lemmie', 'Hargroves', '80 Cardinal Plaza', 2147483647, 'lhargrovese@opensource.or', 4),
(27340564, 2, 'Marji', 'Goodband', '76 Clove Circle', 2147483647, 'mgoodband5a@youku.com', 4),
(27988711, 5, 'Teddy', 'Craighall', '8803 Carey Road', 2147483647, 'tcraighalla7@cyberchimps.', 4),
(27990039, 1, 'Vaclav', 'Panchin', '46 Harper Terrace', 2147483647, 'vpanchin2t@hostgator.com', 8),
(28022526, 2, 'Maurene', 'Scholtis', '261 Loomis Plaza', 2147483647, 'mscholtis57@washingtonpos', 8),
(28196358, 5, 'Robers', 'Waterson', '575 Hayes Plaza', 2147483647, 'rwatersoncp@ocn.ne.jp', 7),
(28294723, 4, 'Frazer', 'Saunper', '0 Twin Pines Road', 2147483647, 'fsaunper8r@smh.com.au', 2),
(28406672, 6, 'Kailey', 'Philliskirk', '56982 Loeprich Crossing', 2147483647, 'kphilliskirkdo@umich.edu', 3),
(28523578, 5, 'Zelma', 'Farney', '28 Forest Run Center', 2147483647, 'zfarneycc@nytimes.com', 4),
(28914967, 2, 'Garald', 'Rasell', '1 Morningstar Terrace', 2147483647, 'grasell7@typepad.com', 8),
(29207613, 5, 'Joyann', 'York', '48628 Colorado Alley', 2147483647, 'jyork95@yolasite.com', 7),
(29227127, 2, 'Lanae', 'Bail', '1762 Gerald Circle', 2147483647, 'lbail4h@istockphoto.com', 1),
(29413096, 1, 'Neala', 'Haslock', '4 Dovetail Trail', 2147483647, 'nhaslock3s@so-net.ne.jp', 3),
(29540115, 1, 'Abraham', 'Khomin', '65 Veith Crossing', 2147483647, 'akhomin26@gmpg.org', 3),
(29735552, 5, 'Ingamar', 'Nineham', '378 Stephen Point', 2147483647, 'ininehambg@deliciousdays.', 2),
(29877285, 1, 'Alford', 'Harnell', '43352 Roth Circle', 2147483647, 'aharnell2w@census.gov', 1),
(30371534, 3, 'Tirrell', 'Sinnocke', '37 Stuart Lane', 2147483647, 'tsinnocke6x@histats.com', 6),
(30562879, 6, 'Jourdan', 'Brilon', '8696 Amoth Circle', 2147483647, 'jbrilondb@google.com.au', 8),
(30641808, 5, 'Jinny', 'Stronge', '99205 5th Way', 2147483647, 'jstrongebt@shareasale.com', 7),
(30859271, 5, 'Sheba', 'Prandin', '8484 Sunnyside Terrace', 2147483647, 'sprandin1g@cam.ac.uk', 2),
(30877577, 5, 'Zena', 'Eades', '1591 Linden Place', 2147483647, 'zeadesao@scientificameric', 1),
(31095442, 4, 'Gayleen', 'Collabine', '93 Shasta Park', 2147483647, 'gcollabine8b@myspace.com', 6),
(31179981, 2, 'Minda', 'Goode', '055 Fieldstone Trail', 2147483647, 'mgoode54@wikimedia.org', 6),
(31200441, 5, 'Kacy', 'Emmot', '05 Sage Alley', 2147483647, 'kemmot5@bing.com', 6),
(31413534, 5, 'Fawn', 'Laphorn', '09589 John Wall Plaza', 2147483647, 'flaphornac@drupal.org', 2),
(31717783, 1, 'Tanny', 'Ivoshin', '04690 Harbort Park', 2147483647, 'tivoshin22@wikispaces.com', 4),
(32035726, 6, 'Demetra', 'Schrei', '600 Esker Trail', 2147483647, 'dschreidc@bluehost.com', 6),
(32270066, 1, 'Page', 'Tillard', '6282 Loomis Trail', 2147483647, 'ptillard1j@guardian.co.uk', 7),
(32556403, 6, 'Diandra', 'Byard', '9 Lerdahl Road', 2147483647, 'dbyardds@fastcompany.com', 3),
(32769557, 5, 'Roddy', 'Dowzell', '0335 Straubel Alley', 2147483647, 'rdowzellcq@purevolume.com', 1),
(33272095, 3, 'Boycie', 'Mackriell', '23152 Truax Terrace', 2147483647, 'bmackriell6k@oakley.com', 3),
(33337785, 4, 'Abram', 'Wordington', '54100 Kropf Junction', 2147483647, 'awordington8f@ezinearticl', 7),
(34005384, 2, 'Idalia', 'Poytress', '6 Paget Plaza', 2147483647, 'ipoytress5c@histats.com', 7),
(34197058, 4, 'Muire', 'Trevarthen', '21543 Shasta Street', 2147483647, 'mtrevarthen6@seattletimes', 5),
(34449276, 5, 'Freddy', 'Stave', '38804 Rieder Point', 2147483647, 'fstave9r@businessweek.com', 5),
(34475790, 4, 'Nikolaus', 'Hunnybun', '1475 Burning Wood Street', 2147483647, 'nhunnybun81@friendfeed.co', 8),
(34990829, 2, 'Joanie', 'Spaule', '19 Upham Park', 2147483647, 'jspaule5g@lycos.com', 3),
(35033041, 3, 'Leigh', 'McLelland', '083 Florence Place', 2147483647, 'lmclelland12@sun.com', 8),
(35181620, 5, 'Rad', 'Hold', '22899 Algoma Avenue', 2147483647, 'rhold1e@google.com.hk', 1),
(35234846, 5, 'Salomon', 'Barwell', '6713 Northfield Trail', 2147483647, 'sbarwellcv@smh.com.au', 2),
(35276057, 5, 'Warden', 'O\'Kinneally', '73 Melrose Trail', 2147483647, 'wokinneally9t@thetimes.co', 3),
(35395932, 5, 'Kale', 'Baxill', '35 Buena Vista Park', 2147483647, 'kbaxillay@mediafire.com', 2),
(35410037, 5, 'Gabrila', 'Eldrid', '939 Sunbrook Lane', 2147483647, 'geldridbx@bloomberg.com', 5),
(35467915, 4, 'Nicko', 'Fairman', '32957 Bluejay Alley', 2147483647, 'nfairman3@networksolution', 2),
(35531778, 1, 'Barnabe', 'Haxbie', '44 Talisman Circle', 2147483647, 'bhaxbie2k@shutterfly.com', 7),
(35809138, 5, 'Elisabeth', 'Dennitts', '49744 New Castle Center', 2147483647, 'edennittsbl@addtoany.com', 6),
(35902881, 3, 'Noelyn', 'Dusting', '40 Crownhardt Plaza', 2147483647, 'ndusting5x@infoseek.co.jp', 1),
(35961422, 2, 'Lamont', 'Huggon', '4 Northfield Point', 2147483647, 'lhuggonb@google.com.br', 2),
(36106295, 6, 'Naomi', 'Cantle', '407 Golf Center', 2147483647, 'ncantledm@webeden.co.uk', 6),
(36399477, 3, 'Berkeley', 'Fearenside', '165 Lakeland Way', 2147483647, 'bfearenside79@addthis.com', 8),
(36461759, 1, 'Bennie', 'Fosserd', '4190 Prairieview Junction', 2147483647, 'bfosserd2b@unesco.org', 8),
(36830407, 5, 'Bertine', 'Swiggs', '1306 Bultman Park', 2147483647, 'bswiggsc0@gov.uk', 2),
(36912412, 5, 'Angelico', 'Rowcliffe', '43072 Sugar Parkway', 2147483647, 'arowcliffecn@artisteer.co', 2),
(36946553, 1, 'Donavon', 'Duckworth', '290 Utah Crossing', 2147483647, 'dduckworth3q@dailymotion.', 1),
(37024610, 3, 'Candide', 'Peacop', '4393 Comanche Place', 2147483647, 'cpeacop6q@slate.com', 6),
(37083290, 5, 'Nomi', 'Tuckwood', '22 Emmet Hill', 2147483647, 'ntuckwoodaq@homestead.com', 1),
(37123066, 6, 'Vonny', 'Cadell', '1 Schmedeman Street', 2147483647, 'vcadellbm@etsy.com', 1),
(37224123, 3, 'Denice', 'Cookman', '2 Lake View Alley', 2147483647, 'dcookman6f@example.com', 7),
(37260923, 1, 'Zacharias', 'Wimbridge', '2 American Ash Terrace', 2147483647, 'zwimbridgec@google.co.jp', 6),
(37388804, 2, 'Ginnifer', 'Spinnace', '9359 Sloan Place', 2147483647, 'gspinnace4o@theatlantic.c', 5),
(37399438, 5, 'Verna', 'Ziehms', '7 Eliot Junction', 2147483647, 'vziehmsbn@umn.edu', 5),
(37446395, 6, 'Miltie', 'Pettegre', '68 Kensington Lane', 2147483647, 'mpettegredr@time.com', 3),
(38068015, 2, 'Georgeanne', 'Sarney', '33842 Vernon Lane', 2147483647, 'gsarney4i@soup.io', 7),
(38657888, 5, 'Albie', 'Vell', '9 Becker Avenue', 2147483647, 'avellb3@g.co', 1),
(38738873, 1, 'Koren', 'Jeste', '8 Monterey Terrace', 2147483647, 'kjeste1a@shareasale.com', 3),
(38778626, 1, 'Guthrey', 'Critchley', '430 Corben Lane', 2147483647, 'gcritchley3t@yolasite.com', 2),
(38786109, 5, 'Franklyn', 'Tansly', '51334 Forest Dale Street', 2147483647, 'ftanslyb5@barnesandnoble.', 6),
(38934609, 1, 'Kristen', 'Hairesnape', '8 Columbus Street', 2147483647, 'khairesnape27@sciencedail', 2),
(39098570, 1, 'Garald', 'Rasell', '1 Morningstar Terrace', 2147483647, 'grasell7@typepad.com', 7),
(39172363, 3, 'Wanda', 'Gradon', '98 Schiller Alley', 2147483647, 'wgradon74@soup.io', 1),
(39228159, 5, 'Westleigh', 'Daviot', '85 Spaight Crossing', 2147483647, 'wdaviotbw@psu.edu', 1),
(39286784, 3, 'Fayre', 'Antonat', '4779 Hoard Hill', 2147483647, 'fantonat6p@cargocollectiv', 7),
(39354281, 5, 'Melanie', 'O\'Fallowne', '4 Autumn Leaf Avenue', 2147483647, 'mofallownebf@deviantart.c', 2),
(39568436, 1, 'Florence', 'Franchyonok', '61 Shasta Hill', 2147483647, 'ffranchyonok9@unblog.fr', 5),
(39648363, 1, 'Mandel', 'Mollin', '26 Marcy Way', 2147483647, 'mmollin4@163.com', 3),
(40272783, 2, 'Adelind', 'Torra', '12 Luster Pass', 2147483647, 'atorra4g@vkontakte.ru', 6),
(40411477, 5, 'Nonnah', 'Kember', '4 Graceland Junction', 2147483647, 'nkember9s@joomla.org', 2),
(40440106, 1, 'Hercules', 'Polland', '187 Anderson Lane', 2147483647, 'hpolland2n@shinystat.com', 6),
(40702274, 3, 'Jaimie', 'Barks', '296 Everett Drive', 2147483647, 'jbarks60@e-recht24.de', 3),
(40739873, 5, 'Nicolais', 'MacGahy', '2627 Forest Street', 2147483647, 'nmacgahy1h@dyndns.org', 5),
(41166258, 4, 'Kacy', 'Emmot', '05 Sage Alley', 2147483647, 'kemmot5@bing.com', 8),
(41258622, 5, 'Vonny', 'Cadell', '1 Schmedeman Street', 2147483647, 'vcadellbm@etsy.com', 4),
(41521207, 5, 'Demetris', 'Petrecz', '4 Ludington Drive', 2147483647, 'dpetreczbh@4shared.com', 4),
(41680604, 5, 'Erasmus', 'Fulmen', '784 Burning Wood Road', 2147483647, 'efulmenb8@last.fm', 7),
(41928853, 4, 'Fielding', 'Ridewood', '71226 Armistice Crossing', 2147483647, 'fridewood8k@simplemachine', 6),
(41968868, 4, 'Maurie', 'Whiteway', '62 Garrison Street', 2147483647, 'mwhiteway8d@mysql.com', 2),
(42157622, 5, 'Giffy', 'Driscoll', '4384 Hovde Point', 2147483647, 'gdriscoll8y@ucoz.ru', 2),
(42162282, 1, 'Evvie', 'Kleisel', '0170 Ohio Road', 2147483647, 'ekleisel8@woothemes.com', 4),
(42262262, 4, 'Erek', 'Caunce', '4 Calypso Circle', 2147483647, 'ecaunce7w@examiner.com', 3),
(42288967, 3, 'Serene', 'Wiburn', '8955 Redwing Lane', 2147483647, 'swiburn6s@walmart.com', 1),
(42326054, 5, 'Lorrin', 'Wyllis', '5 Ryan Road', 2147483647, 'lwyllisaf@cdc.gov', 8),
(42368527, 5, 'Korey', 'Cashman', '5371 Hanover Alley', 2147483647, 'kcashman1c@va.gov', 3),
(42762555, 3, 'Normie', 'McVeigh', '33517 Basil Point', 2147483647, 'nmcveigh76@washington.edu', 7),
(42774451, 1, 'Connie', 'Maciunas', '33125 Nancy Place', 2147483647, 'cmaciunas21@shutterfly.co', 6),
(42813010, 1, 'Garald', 'Rasell', '1 Morningstar Terrace', 2147483647, 'grasell7@typepad.com', 8),
(43293292, 2, 'Yasmeen', 'Gaudin', '93 Columbus Crossing', 2147483647, 'ygaudin53@marketwatch.com', 7),
(43447701, 3, 'Kevin', 'Thripp', '374 Shelley Terrace', 2147483647, 'kthripp61@pagesperso-oran', 7),
(43464017, 3, 'Evvie', 'Kleisel', '0170 Ohio Road', 2147483647, 'ekleisel8@woothemes.com', 7),
(43571917, 4, 'Carmine', 'Brammall', '97 Sloan Terrace', 2147483647, 'cbrammall7u@mtv.com', 4),
(43834749, 1, 'Jamie', 'Beards', '62 Macpherson Crossing', 2147483647, 'jbeards2o@fema.gov', 6),
(44116336, 3, 'Cherice', 'Tommasuzzi', '4454 Reinke Parkway', 2147483647, 'ctommasuzzi62@businessins', 7),
(44223090, 2, 'Reg', 'Fouldes', '45 Village Green Crossing', 2147483647, 'rfouldes56@virginia.edu', 2),
(44310179, 5, 'Annabela', 'Dibble', '6 Ilene Street', 2147483647, 'adibbleaa@aboutads.info', 2),
(44379378, 2, 'Berty', 'Amyes', '7 Manley Pass', 2147483647, 'bamyes5i@weibo.com', 7),
(44538504, 1, 'Bonnee', 'Graysmark', '5 Dryden Trail', 2147483647, 'bgraysmark3d@studiopress.', 8),
(44692279, 1, 'Chelsea', 'Sheals', '324 Stoughton Junction', 2147483647, 'csheals2y@tumblr.com', 3),
(44728093, 2, 'Minna', 'Moyes', '0 Sullivan Alley', 2147483647, 'mmoyes1@free.fr', 6),
(44825053, 1, 'Nicolais', 'MacGahy', '2627 Forest Street', 2147483647, 'nmacgahy1h@dyndns.org', 1),
(45029329, 5, 'Clovis', 'Whyte', '975 Cambridge Alley', 2147483647, 'cwhyteb1@cam.ac.uk', 3),
(45236870, 1, 'Bordie', 'Bende', '817 Fairview Trail', 2147483647, 'bbende3i@psu.edu', 4),
(45771226, 5, 'Salem', 'Champion', '1 Melvin Hill', 2147483647, 'schampioncf@marriott.com', 8),
(45906720, 1, 'Muire', 'Trevarthen', '21543 Shasta Street', 2147483647, 'mtrevarthen6@seattletimes', 2),
(46257116, 5, 'Cirilo', 'Haslehurst', '1802 Canary Point', 2147483647, 'chaslehurstab@adobe.com', 1),
(47188123, 5, 'Nicolais', 'MacGahy', '2627 Forest Street', 2147483647, 'nmacgahy1h@dyndns.org', 8),
(47497480, 4, 'Kandace', 'Pattillo', '13677 Algoma Hill', 2147483647, 'kpattillo8h@webs.com', 2),
(47545102, 2, 'Shandy', 'Wickes', '74953 Thackeray Pass', 2147483647, 'swickes5q@miibeian.gov.cn', 5),
(47636430, 5, 'Gretel', 'Robers', '28 Dryden Junction', 2147483647, 'grobersc9@cnet.com', 1),
(47672885, 1, 'Saul', 'MacIan', '860 Center Lane', 2147483647, 'smacian2i@goo.ne.jp', 8),
(47828744, 1, 'Elisabet', 'Scalera', '25192 Beilfuss Plaza', 2147483647, 'escalera45@w3.org', 3),
(48145394, 5, 'Binni', 'Deverall', '7 Blackbird Park', 2147483647, 'bdeverallbq@list-manage.c', 5),
(48398570, 1, 'Rheba', 'Jehu', '22 John Wall Terrace', 2147483647, 'rjehu1o@time.com', 2),
(48526448, 2, 'Cloris', 'Foxton', '86 Gina Junction', 2147483647, 'cfoxton51@amazonaws.com', 6),
(48932788, 3, 'Ashla', 'Mansfield', '47622 Butterfield Parkway', 2147483647, 'amansfield7d@nyu.edu', 3),
(48948554, 1, 'Florence', 'Franchyonok', '61 Shasta Hill', 2147483647, 'ffranchyonok9@unblog.fr', 5),
(48991242, 1, 'Tandy', 'Salomon', '06 Morning Circle', 2147483647, 'tsalomon3c@google.es', 6),
(48994420, 3, 'Elsie', 'Olivera', '1 Loftsgordon Street', 2147483647, 'eolivera77@nhs.uk', 7),
(49121113, 5, 'Robbert', 'Belleny', '76899 Melvin Crossing', 2147483647, 'rbelleny9u@seattletimes.c', 3),
(49156959, 2, 'Aleda', 'Rathbone', '1021 Ludington Hill', 2147483647, 'arathbone4r@reddit.com', 8),
(49674849, 4, 'Cristobal', 'Peckitt', '695 Northwestern Pass', 2147483647, 'cpeckittf@pen.io', 5),
(49684457, 3, 'Lark', 'Broster', '1 Buhler Avenue', 2147483647, 'lbroster69@g.co', 4),
(49864297, 1, 'Barb', 'Devonport', '6 Anthes Plaza', 2147483647, 'bdevonport1b@amazon.co.jp', 3),
(49878517, 5, 'Sheba', 'Prandin', '8484 Sunnyside Terrace', 2147483647, 'sprandin1g@cam.ac.uk', 1),
(50162999, 4, 'Catarina', 'Turmel', '96 Merry Hill', 2147483647, 'cturmel7y@dmoz.org', 5),
(50374049, 1, 'Corty', 'Douris', '6 Talisman Street', 2147483647, 'cdouris3g@china.com.cn', 8),
(50877086, 5, 'Byrann', 'Hamor', '6872 Cottonwood Avenue', 2147483647, 'bhamor99@jimdo.com', 6),
(51280323, 2, 'Linus', 'Chat', '7 Center Court', 2147483647, 'lchat5p@mtv.com', 6),
(51357036, 1, 'Roi', 'Darlow', '8 Memorial Alley', 2147483647, 'rdarlow2j@dailymotion.com', 5),
(51440537, 5, 'Sandy', 'Notti', '1828 Continental Lane', 2147483647, 'snotticl@bloomberg.com', 5),
(51663011, 2, 'Mignon', 'Yter', '0822 Mallory Point', 2147483647, 'myter5k@is.gd', 4),
(51673623, 2, 'Bambie', 'Burkinshaw', '431 Luster Trail', 2147483647, 'bburkinshaw5h@wordpress.o', 6),
(52133819, 4, 'Shelba', 'Filgate', '5 Leroy Crossing', 2147483647, 'sfilgate7o@xing.com', 7),
(52489375, 1, 'Mattie', 'Childerhouse', '12 Duke Road', 2147483647, 'mchilderhouse43@ftc.gov', 3),
(52577410, 5, 'Binni', 'Deverall', '7 Blackbird Park', 2147483647, 'bdeverallbq@list-manage.c', 5),
(52707303, 1, 'Derby', 'Tedorenko', '90674 Pleasure Pass', 2147483647, 'dtedorenkoo@deliciousdays', 5),
(52737347, 3, 'Patin', 'Kleinsmuntz', '372 Nancy Alley', 2147483647, 'pkleinsmuntz70@zimbio.com', 3),
(52879816, 1, 'Oliver', 'Crowson', '6 Victoria Pass', 2147483647, 'ocrowson2z@intel.com', 5),
(53345042, 2, 'Isa', 'Burger', '7824 Cottonwood Park', 2147483647, 'iburgera@go.com', 3),
(53717054, 5, 'Jehu', 'Alsopp', '111 Clarendon Avenue', 2147483647, 'jalsopp1d@a8.net', 3),
(53841635, 1, 'Neill', 'Huckleby', '6349 Birchwood Center', 2147483647, 'nhuckleby1n@cbslocal.com', 5),
(53877394, 3, 'Cass', 'Axtonne', '30409 Corscot Crossing', 2147483647, 'caxtonne6e@about.com', 6),
(54002538, 2, 'Marshal', 'Thiese', '084 Dixon Trail', 2147483647, 'mthiese5d@joomla.org', 8),
(54167352, 5, 'Gabby', 'Coverley', '0 Dahle Point', 2147483647, 'gcoverleyas@prnewswire.co', 2),
(54395490, 1, 'Muire', 'Trevarthen', '21543 Shasta Street', 2147483647, 'mtrevarthen6@seattletimes', 7),
(54506318, 6, 'Brigham', 'Trineman', '9 Sullivan Terrace', 2147483647, 'btrinemanbr@is.gd', 1),
(54541358, 5, 'Virgilio', 'Axford', '568 Stoughton Hill', 2147483647, 'vaxfordck@discuz.net', 1),
(54576573, 1, 'Gustav', 'Loxton', '3546 Maple Plaza', 2147483647, 'gloxton2l@blogtalkradio.c', 3),
(54938803, 1, 'Lesya', 'Udy', '72 Judy Junction', 2147483647, 'ludy28@sciencedaily.com', 2),
(55103550, 3, 'Agatha', 'Dear', '866 Derek Trail', 2147483647, 'adear6c@eepurl.com', 2),
(55121974, 6, 'Marris', 'Boame', '27930 Luster Road', 2147483647, 'mboamedl@rediff.com', 6),
(55201294, 3, 'Josefina', 'Nortcliffe', '25034 Anderson Parkway', 2147483647, 'jnortcliffe64@pinterest.c', 2),
(55482669, 2, 'Noah', 'Bernardt', '96221 Oak Place', 2147483647, 'nbernardt58@bizjournals.c', 4),
(55555855, 1, 'Wendie', 'Truelove', '4573 Red Cloud Trail', 2147483647, 'wtruelove1l@ehow.com', 4),
(55667398, 3, 'Boyce', 'Hellyar', '20727 Sheridan Junction', 2147483647, 'bhellyar6h@ask.com', 1),
(55682522, 1, 'Brion', 'Itzkov', '3139 Riverside Junction', 2147483647, 'bitzkov3o@tamu.edu', 7),
(55709322, 1, 'Dinny', 'Renvoise', '2 Brown Alley', 2147483647, 'drenvoise2r@smh.com.au', 4),
(56006684, 1, 'Delilah', 'Christer', '76 Holy Cross Alley', 2147483647, 'dchrister40@canalblog.com', 2),
(56223661, 5, 'Fee', 'Levitt', '72 Jackson Court', 2147483647, 'flevitt94@mlb.com', 2),
(56880516, 5, 'Jaclin', 'Orrey', '1 Westerfield Terrace', 2147483647, 'jorrey9d@washington.edu', 7),
(57071312, 2, 'Mandel', 'Mollin', '26 Marcy Way', 2147483647, 'mmollin4@163.com', 1),
(57088065, 2, 'Inger', 'Basek', '82 Eliot Circle', 2147483647, 'ibasek5u@nymag.com', 4),
(57192036, 3, 'Timotheus', 'Gorges', '9110 Eastlawn Junction', 2147483647, 'tgorges5z@slashdot.org', 1),
(57245638, 1, 'Evvie', 'Kleisel', '0170 Ohio Road', 2147483647, 'ekleisel8@woothemes.com', 6),
(57358720, 3, 'Parnell', 'Ianilli', '45813 Del Mar Park', 2147483647, 'pianilli68@github.com', 3),
(57428750, 5, 'Leona', 'Kaaskooper', '57 Portage Court', 2147483647, 'lkaaskooperci@dailymail.c', 1),
(57658535, 1, 'Margalo', 'Humphrys', '34730 Jackson Place', 2147483647, 'mhumphrys3e@smh.com.au', 6),
(57954420, 5, 'Frederique', 'Neal', '9 Maywood Street', 2147483647, 'fnealcr@squarespace.com', 1),
(58033519, 5, 'Mitchael', 'Petrolli', '9 Amoth Way', 2147483647, 'mpetrolliba@ucoz.ru', 1),
(58072356, 4, 'Agnes', 'Jelkes', '07949 Tennessee Road', 2147483647, 'ajelkes7t@eepurl.com', 7),
(58272212, 1, 'Muire', 'Trevarthen', '21543 Shasta Street', 2147483647, 'mtrevarthen6@seattletimes', 6),
(58357500, 6, 'Carine', 'Durie', '49983 Homewood Way', 2147483647, 'cduriedt@rambler.ru', 5),
(58391430, 5, 'Marlane', 'Izhaky', '825 Marquette Plaza', 2147483647, 'mizhaky9a@csmonitor.com', 3),
(58480008, 2, 'Marlyn', 'Rembrandt', '5 Walton Pass', 2147483647, 'mrembrandt11@marketwatch.', 8),
(58573842, 5, 'Clary', 'Dimock', '76197 Nobel Alley', 2147483647, 'cdimock9c@sitemeter.com', 4),
(58618913, 3, 'Orelle', 'Darnody', '32 Dexter Junction', 2147483647, 'odarnody71@arizona.edu', 5),
(58657388, 3, 'Debor', 'Gammons', '7295 Hoepker Hill', 2147483647, 'dgammons7e@go.com', 4),
(58830067, 2, 'Rollo', 'Lumbley', '765 Delladonna Park', 2147483647, 'rlumbleyp@flavors.me', 7),
(59367784, 4, 'Hailey', 'Frow', '038 Arrowood Drive', 2147483647, 'hfrow87@cam.ac.uk', 5),
(59659381, 5, 'Stanislas', 'Von Der Empten', '44870 Warbler Junction', 2147483647, 'svonderemptencj@mtv.com', 4),
(59878058, 3, 'Sancho', 'Cranke', '59088 Old Shore Place', 2147483647, 'scranke6o@com.com', 4),
(59997568, 4, 'Mandel', 'Mollin', '26 Marcy Way', 2147483647, 'mmollin4@163.com', 7),
(60598776, 5, 'Brigham', 'Trineman', '9 Sullivan Terrace', 2147483647, 'btrinemanbr@is.gd', 7),
(60684720, 3, 'Tann', 'Rainsbury', '0395 5th Place', 2147483647, 'trainsbury6j@apple.com', 8),
(60734719, 2, 'Muire', 'Trevarthen', '21543 Shasta Street', 2147483647, 'mtrevarthen6@seattletimes', 8),
(60852142, 1, 'Curry', 'O\'Hegertie', '8 Independence Hill', 2147483647, 'cohegertie3r@cnet.com', 1),
(61063576, 5, 'Sheba', 'Prandin', '8484 Sunnyside Terrace', 2147483647, 'sprandin1g@cam.ac.uk', 1),
(61346078, 5, 'Ilyse', 'Broggelli', '961 Stoughton Pass', 2147483647, 'ibroggellibs@google.fr', 1),
(61452084, 5, 'Dougy', 'Kohrsen', '85 Valley Edge Place', 2147483647, 'dkohrsenct@deliciousdays.', 7),
(61540063, 4, 'Sonny', 'Skyner', '2072 Lindbergh Point', 2147483647, 'sskyner7v@ocn.ne.jp', 3),
(61614648, 1, 'Mandel', 'Mollin', '26 Marcy Way', 2147483647, 'mmollin4@163.com', 3),
(61695369, 5, 'Sarena', 'Hanrott', '4181 Stephen Park', 2147483647, 'shanrottbc@foxnews.com', 6),
(61813587, 3, 'Stearne', 'Lingner', '5665 Village Alley', 2147483647, 'slingner75@miibeian.gov.c', 3),
(61871615, 5, 'Iain', 'Mulcahy', '498 Lillian Place', 2147483647, 'imulcahybz@census.gov', 6),
(61873355, 6, 'Verna', 'Ziehms', '7 Eliot Junction', 2147483647, 'vziehmsbn@umn.edu', 3),
(61883559, 6, 'Lamont', 'Huggon', '4 Northfield Point', 2147483647, 'lhuggonb@google.com.br', 7),
(61925120, 4, 'Linet', 'Tapson', '3324 Hayes Road', 2147483647, 'ltapson7z@ifeng.com', 2),
(61967972, 5, 'Windy', 'Dibden', '3867 Aberg Avenue', 2147483647, 'wdibdenbb@ehow.com', 1),
(62069037, 5, 'Daphna', 'Worden', '2 North Lane', 2147483647, 'dwordenbo@t.co', 5),
(62081444, 4, 'Korey', 'Cashman', '5371 Hanover Alley', 2147483647, 'kcashman1c@va.gov', 2),
(62114390, 1, 'Lisette', 'Tolumello', '017 Bonner Lane', 2147483647, 'ltolumello2e@barnesandnob', 8),
(62170337, 4, 'Clemmy', 'Bickerstaffe', '981 Bonner Crossing', 2147483647, 'cbickerstaffe88@stumbleup', 8),
(62374730, 4, 'Isa', 'Burger', '7824 Cottonwood Park', 2147483647, 'iburgera@go.com', 5),
(62959100, 5, 'Dolly', 'Petrosian', '2 Mallard Way', 2147483647, 'dpetrosianb0@ted.com', 3),
(63519567, 1, 'Tobye', 'Birwhistle', '5 Heffernan Plaza', 2147483647, 'tbirwhistle19@networkadve', 1),
(63643317, 5, 'Birgitta', 'Bullerwell', '44714 Pine View Hill', 2147483647, 'bbullerwellbi@alexa.com', 8),
(63845045, 4, 'Fredelia', 'Bridgeland', '18681 6th Trail', 2147483647, 'fbridgeland8j@statcounter', 8),
(63918790, 1, 'Elston', 'Albers', '54835 Chive Alley', 2147483647, 'ealbers3l@typepad.com', 3),
(64801468, 1, 'Kacy', 'Emmot', '05 Sage Alley', 2147483647, 'kemmot5@bing.com', 3),
(64982171, 5, 'Claudelle', 'Coull', '3046 Butterfield Place', 2147483647, 'ccoulla9@forbes.com', 1),
(65224387, 5, 'Katy', 'Matz', '01707 Havey Center', 2147483647, 'kmatzat@hp.com', 2),
(65603227, 4, 'Jehu', 'Alsopp', '111 Clarendon Avenue', 2147483647, 'jalsopp1d@a8.net', 5),
(65667177, 5, 'Griffie', 'Males', '8539 Sachtjen Road', 2147483647, 'gmalesbk@sphinn.com', 2),
(65765467, 2, 'Hugibert', 'De Bischop', '5544 Basil Hill', 2147483647, 'hdebischop55@cmu.edu', 8),
(65934545, 5, 'Chuck', 'Kleinerman', '678 Homewood Center', 2147483647, 'ckleinerman8z@1und1.de', 5),
(66339408, 4, 'Gale', 'Daws', '26 Starling Street', 2147483647, 'gdaws8g@naver.com', 4),
(66364122, 5, 'Shepperd', 'Chevolleau', '0 Main Park', 2147483647, 'schevolleauca@abc.net.au', 1),
(66565403, 2, 'Catlee', 'Osipov', '66 Hallows Crossing', 2147483647, 'cosipov5j@admin.ch', 3),
(66776991, 1, 'Archibald', 'Tyas', '8870 Sommers Alley', 2147483647, 'atyas3j@latimes.com', 4),
(67052466, 5, 'Adey', 'Dupoy', '48495 Garrison Terrace', 2147483647, 'adupoycb@networksolutions', 8),
(67140874, 1, 'Rozina', 'Featherston', '526 Gulseth Park', 2147483647, 'rfeatherston2u@ox.ac.uk', 3),
(67553558, 5, 'Brunhilda', 'Weightman', '3 Forest Run Drive', 2147483647, 'bweightmanar@blinklist.co', 2),
(67757628, 1, 'Mandel', 'Mollin', '26 Marcy Way', 2147483647, 'mmollin4@163.com', 8),
(67942049, 4, 'Cherlyn', 'Krikorian', '8 La Follette Park', 2147483647, 'ckrikorian86@state.tx.us', 4),
(68140809, 5, 'Granger', 'Elderfield', '5406 Browning Place', 2147483647, 'gelderfield9n@dropbox.com', 1),
(68227586, 1, 'Moreen', 'Lonergan', '59 Nova Court', 2147483647, 'mlonergan1p@jimdo.com', 4),
(68236796, 5, 'Mead', 'Gilli', '6 Kenwood Pass', 2147483647, 'mgilliad@angelfire.com', 4),
(68384204, 3, 'Jean', 'Yakob', '16281 Saint Paul Trail', 2147483647, 'jyakob6g@census.gov', 4),
(68542025, 6, 'Elisabeth', 'Dennitts', '49744 New Castle Center', 2147483647, 'edennittsbl@addtoany.com', 8),
(68914338, 3, 'Cristen', 'Duffil', '4643 Harbort Pass', 2147483647, 'cduffil73@creativecommons', 7),
(69376967, 5, 'Cale', 'Lefwich', '9 Twin Pines Parkway', 2147483647, 'clefwich97@skyrock.com', 7),
(69453676, 4, 'Madge', 'Madre', '4298 Dahle Pass', 2147483647, 'mmadre84@simplemachines.o', 1),
(69575491, 5, 'Christian', 'Snaddon', '18650 David Terrace', 2147483647, 'csnaddona3@edublogs.org', 6),
(69586974, 1, 'Isa', 'Burger', '7824 Cottonwood Park', 2147483647, 'iburgera@go.com', 8),
(69687093, 5, 'Edd', 'Ible', '7 Norway Maple Drive', 2147483647, 'eible9q@skype.com', 6),
(70134231, 5, 'Isa', 'Burger', '7824 Cottonwood Park', 2147483647, 'iburgera@go.com', 7),
(70456805, 3, 'Salem', 'Comben', '4 Bellgrove Hill', 2147483647, 'scomben2@hc360.com', 8),
(70640881, 2, 'Evvie', 'Kleisel', '0170 Ohio Road', 2147483647, 'ekleisel8@woothemes.com', 8),
(70947782, 5, 'Rogerio', 'Ibeson', '11075 Little Fleur Road', 2147483647, 'ribesonbu@spotify.com', 4),
(70982281, 5, 'Nicolais', 'MacGahy', '2627 Forest Street', 2147483647, 'nmacgahy1h@dyndns.org', 5),
(71480730, 2, 'Lethia', 'Aiton', '193 Bayside Road', 2147483647, 'laiton5s@wikimedia.org', 5),
(72074827, 3, 'Orsola', 'Scallan', '1 Hanson Pass', 2147483647, 'oscallan6l@tinypic.com', 4),
(72334275, 5, 'Mab', 'Prahl', '7 Mendota Center', 2147483647, 'mprahl9e@businessinsider.', 5),
(72386633, 5, 'Valene', 'Musk', '31 Fairview Pass', 2147483647, 'vmusk96@yellowbook.com', 8),
(72513085, 3, 'Ruggiero', 'Alford', '22 Mosinee Alley', 2147483647, 'ralford6v@examiner.com', 8),
(72655608, 5, 'Franny', 'Ansteys', '2 Basil Alley', 2147483647, 'fansteyscs@google.com.au', 8),
(72923592, 1, 'Rhodie', 'Ostridge', '40043 Monument Circle', 2147483647, 'rostridge3p@friendfeed.co', 7),
(73182350, 4, 'Foster', 'Franzen', '7 Morning Avenue', 2147483647, 'ffranzen7r@umn.edu', 6),
(73247017, 1, 'Errick', 'Amps', '768 Monterey Alley', 2147483647, 'eamps3v@reference.com', 7),
(73250714, 2, 'Pauly', 'Mathelon', '246 Mccormick Point', 2147483647, 'pmathelon52@earthlink.net', 4),
(73415157, 3, 'Ileane', 'Huckleby', '3705 Ronald Regan Street', 2147483647, 'ihuckleby7c@posterous.com', 8),
(73488387, 1, 'Rana', 'Mazillius', '22 Glacier Hill Hill', 2147483647, 'rmazillius42@wp.com', 1),
(73656448, 6, 'Binni', 'Deverall', '7 Blackbird Park', 2147483647, 'bdeverallbq@list-manage.c', 5),
(73690140, 1, 'Raffaello', 'Althrope', '635 Redwing Parkway', 2147483647, 'ralthrope44@blog.com', 4),
(73808035, 1, 'Mavis', 'Dusting', '03603 Blackbird Circle', 2147483647, 'mdusting31@wikispaces.com', 3),
(73845669, 1, 'Evvie', 'Kleisel', '0170 Ohio Road', 2147483647, 'ekleisel8@woothemes.com', 6),
(74039083, 3, 'Julee', 'Jurs', '2 Dorton Terrace', 2147483647, 'jjurs6n@cbslocal.com', 8),
(74197847, 5, 'Daphna', 'Worden', '2 North Lane', 2147483647, 'dwordenbo@t.co', 4),
(74576433, 5, 'Dulce', 'Annakin', '80741 Jenifer Junction', 2147483647, 'dannakinan@cbc.ca', 3),
(74952147, 5, 'Casey', 'Slader', '10573 Stoughton Avenue', 2147483647, 'csladerap@feedburner.com', 8),
(75023547, 5, 'Dylan', 'Wilks', '249 Duke Park', 2147483647, 'dwilks1f@instagram.com', 7),
(75115096, 5, 'Dylan', 'Wilks', '249 Duke Park', 2147483647, 'dwilks1f@instagram.com', 5),
(75148092, 2, 'Rubin', 'Tuftin', '2 Victoria Lane', 2147483647, 'rtuftin59@wikimedia.org', 8),
(75149021, 2, 'Betti', 'Lowther', '029 Hovde Crossing', 2147483647, 'blowther5o@google.nl', 3),
(75559782, 1, 'Kiah', 'Maggorini', '85 Packers Crossing', 2147483647, 'kmaggorini2d@narod.ru', 8),
(75688459, 4, 'Corliss', 'Robbeke', '39 Blackbird Terrace', 2147483647, 'crobbeke7x@sbwire.com', 8),
(75761993, 5, 'Merill', 'McTeague', '1596 Pine View Center', 2147483647, 'mmcteagueau@google.com.au', 1),
(76624964, 5, 'Verna', 'Ziehms', '7 Eliot Junction', 2147483647, 'vziehmsbn@umn.edu', 2),
(76640389, 6, 'Iggy', 'Road', '48287 Petterle Street', 2147483647, 'iroadn@1688.com', 1),
(77322349, 3, 'Beverlee', 'Mansel', '1 Sherman Terrace', 2147483647, 'bmanselk@ehow.com', 5),
(77327944, 5, 'Lon', 'Smithe', '4 Nobel Way', 2147483647, 'lsmithech@tiny.cc', 6),
(77429255, 5, 'Korey', 'Cashman', '5371 Hanover Alley', 2147483647, 'kcashman1c@va.gov', 7),
(77439175, 1, 'Evonne', 'Spaughton', '49338 South Alley', 2147483647, 'espaughton3h@cnbc.com', 2),
(77690796, 4, 'June', 'Reinger', '326 Morrow Pass', 2147483647, 'jreingerl@salon.com', 6),
(77928326, 1, 'Gwenore', 'Higgoe', '8566 Northwestern Street', 2147483647, 'ghiggoe29@ifeng.com', 6),
(78070236, 1, 'Antons', 'Cayton', '90593 Namekagon Pass', 2147483647, 'acayton2q@boston.com', 3),
(78094108, 2, 'Avrit', 'Cornfoot', '192 Sloan Street', 2147483647, 'acornfoot5t@godaddy.com', 7),
(78130774, 1, 'Lonni', 'Bearsmore', '84380 Elmside Way', 2147483647, 'lbearsmore0@friendfeed.co', 6),
(78245570, 3, 'Babs', 'Screaton', '004 Lake View Terrace', 2147483647, 'bscreaton72@wiley.com', 2),
(78895009, 1, 'Dirk', 'Prosh', '4 Reinke Pass', 2147483647, 'dprosh16@yahoo.co.jp', 7),
(79121432, 1, 'Nicko', 'Fairman', '32957 Bluejay Alley', 2147483647, 'nfairman3@networksolution', 4),
(79184552, 5, 'Seline', 'Leimster', '4309 Golf Place', 2147483647, 'sleimsterbj@sourceforge.n', 7),
(79535656, 1, 'Kacy', 'Emmot', '05 Sage Alley', 2147483647, 'kemmot5@bing.com', 2),
(79549274, 6, 'Dorothea', 'Ortelt', '70 Nancy Lane', 2147483647, 'dorteltd8@miibeian.gov.cn', 7),
(79947297, 3, 'Nanette', 'Trematick', '51 Service Junction', 2147483647, 'ntrematick63@time.com', 3),
(79970814, 4, 'Keefe', 'Hobbert', '17 7th Hill', 2147483647, 'khobbert7s@engadget.com', 4),
(80160538, 3, 'Barthel', 'Stagge', '0289 Prairieview Court', 2147483647, 'bstagge78@bluehost.com', 3),
(80259747, 2, 'Suki', 'Wallsam', '5586 Troy Park', 2147483647, 'swallsam4p@goo.gl', 6),
(80825107, 5, 'Brigham', 'Trineman', '9 Sullivan Terrace', 2147483647, 'btrinemanbr@is.gd', 3),
(80889487, 5, 'Dylan', 'Wilks', '249 Duke Park', 2147483647, 'dwilks1f@instagram.com', 5),
(81166840, 5, 'Lamont', 'Huggon', '4 Northfield Point', 2147483647, 'lhuggonb@google.com.br', 1),
(81212390, 3, 'Rafe', 'Luckhurst', '4 Sycamore Way', 2147483647, 'rluckhurst6m@360.cn', 6),
(81640827, 5, 'Maxie', 'Raven', '407 Crowley Circle', 2147483647, 'mravenag@google.com', 5),
(81728716, 4, 'Neils', 'Buckenham', '4904 Pepper Wood Drive', 2147483647, 'nbuckenham8i@techcrunch.c', 2),
(81993109, 1, 'Charity', 'Rugiero', '4378 Sauthoff Point', 2147483647, 'crugiero24@google.com.br', 3),
(82188074, 6, 'Turner', 'Husset', '637 Heath Plaza', 2147483647, 'thussetda@sourceforge.net', 1),
(82280933, 5, 'Rad', 'Hold', '22899 Algoma Avenue', 2147483647, 'rhold1e@google.com.hk', 5),
(82351651, 4, 'Garald', 'Rasell', '1 Morningstar Terrace', 2147483647, 'grasell7@typepad.com', 5),
(82518571, 5, 'Ralina', 'Surfleet', '0 Union Road', 2147483647, 'rsurfleet14@cyberchimps.c', 7),
(82527346, 5, 'Nicolais', 'MacGahy', '2627 Forest Street', 2147483647, 'nmacgahy1h@dyndns.org', 5),
(82587414, 5, 'Matthew', 'Brookton', '16838 Sherman Pass', 2147483647, 'mbrooktonbp@sfgate.com', 1),
(82681271, 6, 'Terza', 'Chipp', '5 Barby Terrace', 2147483647, 'tchippd9@youtu.be', 8),
(82781681, 5, 'Daphna', 'Worden', '2 North Lane', 2147483647, 'dwordenbo@t.co', 1),
(82875395, 3, 'Kevyn', 'Wollrauch', '14 Meadow Ridge Place', 2147483647, 'kwollrauch6u@wsj.com', 2),
(83449371, 3, 'Winnie', 'Miranda', '5778 Brickson Park Lane', 2147483647, 'wmiranda6i@joomla.org', 3),
(83768301, 5, 'Matt', 'Eggers', '4787 Tennessee Park', 2147483647, 'meggers9l@globo.com', 8),
(83777427, 5, 'Bartram', 'Lumby', '0425 Nancy Terrace', 2147483647, 'blumby93@yolasite.com', 7),
(83979534, 1, 'Wynny', 'McAdam', '126 Eggendart Crossing', 2147483647, 'wmcadam3m@tuttocitta.it', 6),
(84257794, 4, 'Ancell', 'Rablin', '9 Red Cloud Way', 2147483647, 'arablin8p@thetimes.co.uk', 4),
(84454488, 5, 'Gabbey', 'Gerdts', '75232 Stephen Road', 2147483647, 'ggerdtsb2@wordpress.org', 2),
(84617466, 5, 'Mack', 'Ellerton', '1 Lerdahl Lane', 2147483647, 'mellertonae@latimes.com', 5),
(84627771, 3, 'Wainwright', 'Barringer', '148 Manufacturers Center', 2147483647, 'wbarringer67@tiny.cc', 8),
(85018354, 5, 'Jehu', 'Alsopp', '111 Clarendon Avenue', 2147483647, 'jalsopp1d@a8.net', 1),
(85030704, 3, 'Karmen', 'Girkin', '6184 Raven Center', 2147483647, 'kgirkin7b@feedburner.com', 1),
(85179243, 3, 'Gussi', 'Gillebride', '6 Westend Plaza', 2147483647, 'ggillebride5v@yale.edu', 8),
(85294652, 5, 'Charles', 'Walklot', '175 Stang Court', 2147483647, 'cwalklot98@newsvine.com', 8),
(85331473, 5, 'Lothario', 'Brickham', '344 Jay Junction', 2147483647, 'lbrickhama2@globo.com', 8),
(85368925, 5, 'Blayne', 'Hargerie', '6194 Farragut Trail', 2147483647, 'bhargeriec8@ning.com', 2),
(85549797, 5, 'Humfried', 'Dady', '715 Victoria Alley', 2147483647, 'hdadya8@cafepress.com', 4),
(85571683, 3, 'Florence', 'Franchyonok', '61 Shasta Hill', 2147483647, 'ffranchyonok9@unblog.fr', 5),
(85571717, 1, 'Marcello', 'Lillee', '41 Hazelcrest Road', 2147483647, 'mlillee3n@hugedomains.com', 8),
(85725970, 3, 'Odelia', 'Balazin', '43803 Atwood Park', 2147483647, 'obalazin65@huffingtonpost', 8),
(85988026, 1, 'Ermentrude', 'Okie', '82 Haas Place', 2147483647, 'eokie2x@google.co.uk', 3),
(86651427, 5, 'Roxine', 'Lipson', '872 7th Crossing', 2147483647, 'rlipsong@studiopress.com', 7),
(86955189, 4, 'Ninette', 'Maxwale', '78805 Esch Point', 2147483647, 'nmaxwale80@independent.co', 8),
(87317333, 1, 'Florence', 'Franchyonok', '61 Shasta Hill', 2147483647, 'ffranchyonok9@unblog.fr', 7),
(87467417, 4, 'Emelen', 'Hazeldean', '7017 Scoville Point', 2147483647, 'ehazeldean8c@nsw.gov.au', 1),
(87468746, 1, 'Nicko', 'Fairman', '32957 Bluejay Alley', 2147483647, 'nfairman3@networksolution', 6),
(87519795, 5, 'Beltran', 'Kuna', '927 Merrick Court', 2147483647, 'bkuna90@typepad.com', 7),
(87722578, 6, 'Daphna', 'Worden', '2 North Lane', 2147483647, 'dwordenbo@t.co', 8),
(87740298, 6, 'Cathe', 'Dunlea', '77 Caliangt Park', 2147483647, 'cdunleadp@buzzfeed.com', 1),
(87866168, 1, 'Muire', 'Trevarthen', '21543 Shasta Street', 2147483647, 'mtrevarthen6@seattletimes', 3),
(88092498, 5, 'Vonny', 'Cadell', '1 Schmedeman Street', 2147483647, 'vcadellbm@etsy.com', 6),
(88168018, 5, 'Rad', 'Hold', '22899 Algoma Avenue', 2147483647, 'rhold1e@google.com.hk', 2),
(88208244, 2, 'Idalia', 'Cattemull', '9073 Fulton Terrace', 2147483647, 'icattemullj@buzzfeed.com', 6),
(88532107, 1, 'Jehu', 'Alsopp', '111 Clarendon Avenue', 2147483647, 'jalsopp1d@a8.net', 5),
(88562200, 2, 'Jo ann', 'Smitherman', '4362 Hanover Hill', 2147483647, 'jsmitherman5b@businesswir', 3),
(88754077, 1, 'Korey', 'Cashman', '5371 Hanover Alley', 2147483647, 'kcashman1c@va.gov', 7),
(88790300, 2, 'Staci', 'Wildbore', '3 Lakeland Drive', 2147483647, 'swildbore5f@hhs.gov', 8),
(89029258, 5, 'Korey', 'Cashman', '5371 Hanover Alley', 2147483647, 'kcashman1c@va.gov', 3),
(89226782, 5, 'Killie', 'Collinson', '8981 Grasskamp Alley', 2147483647, 'kcollinsonbv@dmoz.org', 6),
(89272659, 4, 'Moselle', 'Taggart', '31 Iowa Crossing', 2147483647, 'mtaggart8e@ucla.edu', 6),
(89350255, 2, 'Saba', 'Bullent', '6 Morning Plaza', 2147483647, 'sbullent4q@barnesandnoble', 5),
(89838172, 5, 'Rafa', 'Dimitriou', '4736 Katie Lane', 2147483647, 'rdimitriou9o@google.com.a', 6),
(89915274, 5, 'Brigham', 'Trineman', '9 Sullivan Terrace', 2147483647, 'btrinemanbr@is.gd', 2),
(89953243, 6, 'Lilias', 'Mastrantone', '75 Hayes Avenue', 2147483647, 'lmastrantone15@cbc.ca', 3),
(90279867, 6, 'Erasmus', 'Tebbutt', '3 Clove Place', 2147483647, 'etebbuttd7@123-reg.co.uk', 1),
(90840971, 2, 'Giulia', 'Whear', '10 Ludington Center', 2147483647, 'gwhear5e@marketwatch.com', 1),
(90988957, 1, 'Roosevelt', 'Faire', '12568 Fulton Avenue', 2147483647, 'rfaire2p@reverbnation.com', 6),
(91185233, 4, 'Vivian', 'McCleary', '91 Miller Plaza', 2147483647, 'vmccleary85@storify.com', 8),
(91303109, 5, 'Grace', 'Merman', '29222 Onsgard Park', 2147483647, 'gmermanaz@rediff.com', 7),
(91324990, 1, 'Garald', 'Rasell', '1 Morningstar Terrace', 2147483647, 'grasell7@typepad.com', 2),
(91497948, 4, 'Rad', 'Hold', '22899 Algoma Avenue', 2147483647, 'rhold1e@google.com.hk', 3),
(91563967, 3, 'Susi', 'Bruyns', '09265 Novick Lane', 2147483647, 'sbruyns5y@privacy.gov.au', 5),
(91792466, 5, 'Tomas', 'Everton', '2553 Mesta Hill', 2147483647, 'tevertonce@plala.or.jp', 3),
(92247370, 5, 'Dur', 'Itschakov', '7845 Old Shore Plaza', 2147483647, 'ditschakov9p@columbia.edu', 3),
(92623947, 5, 'Lynda', 'Franciskiewicz', '8 Gateway Parkway', 2147483647, 'lfranciskiewiczax@whiteho', 1),
(92768309, 4, 'Carmine', 'Emmatt', '992 Alpine Terrace', 2147483647, 'cemmatt8l@telegraph.co.uk', 7),
(93039774, 1, 'Chancey', 'Craine', '073 Victoria Place', 2147483647, 'ccraine2s@pbs.org', 2),
(93333659, 5, 'Keelia', 'Kitchener', '8 Wayridge Terrace', 2147483647, 'kkitchener9b@time.com', 5),
(93353288, 5, 'Nerita', 'Niles', '8 Arkansas Crossing', 2147483647, 'nnilesco@ebay.com', 5),
(93998213, 5, 'Carl', 'Tissiman', '65742 Village Trail', 2147483647, 'ctissimanbd@abc.net.au', 7),
(94066012, 5, 'Demetris', 'Loy', '97894 Iowa Way', 2147483647, 'dloycw@tripod.com', 4),
(94082985, 4, 'Katlin', 'Coda', '2 Portage Trail', 2147483647, 'kcoda89@networksolutions.', 1),
(94112757, 6, 'Felic', 'Mixworthy', '94 Brickson Park Park', 2147483647, 'fmixworthydu@google.ru', 5),
(94365667, 4, 'Florence', 'Franchyonok', '61 Shasta Hill', 2147483647, 'ffranchyonok9@unblog.fr', 8),
(94412087, 1, 'Katrinka', 'Codd', '38961 Kensington Road', 2147483647, 'kcodd25@yellowpages.com', 4),
(94600424, 5, 'Binni', 'Deverall', '7 Blackbird Park', 2147483647, 'bdeverallbq@list-manage.c', 1),
(94637522, 4, 'Evvie', 'Kleisel', '0170 Ohio Road', 2147483647, 'ekleisel8@woothemes.com', 1),
(94659354, 1, 'Sidonnie', 'Sunock', '11 Schmedeman Place', 2147483647, 'ssunock1k@booking.com', 2),
(94850980, 5, 'Basilio', 'Hearson', '60162 Holy Cross Park', 2147483647, 'bhearsoncu@theguardian.co', 1),
(94913376, 2, 'Nicko', 'Fairman', '32957 Bluejay Alley', 2147483647, 'nfairman3@networksolution', 8),
(94927347, 5, 'Dallas', 'Velten', '66718 Sommers Junction', 2147483647, 'dvelten92@ftc.gov', 1),
(94990868, 3, 'Antonin', 'Mulrenan', '5 Oakridge Place', 2147483647, 'amulrenan6d@europa.eu', 2),
(95090155, 1, 'Barbey', 'Bowdery', '83088 Monica Drive', 2147483647, 'bbowdery1r@infoseek.co.jp', 3),
(95213180, 5, 'Elisabeth', 'Dennitts', '49744 New Castle Center', 2147483647, 'edennittsbl@addtoany.com', 8),
(95568680, 1, 'Sheba', 'Prandin', '8484 Sunnyside Terrace', 2147483647, 'sprandin1g@cam.ac.uk', 7),
(95710804, 4, 'Farra', 'Hoys', '44 Hovde Pass', 2147483647, 'fhoys82@4shared.com', 5),
(95836050, 3, 'Conrad', 'Clausewitz', '0929 Corry Drive', 2147483647, 'cclausewitz66@yellowpages', 5),
(95909121, 6, 'Kacy', 'Emmot', '05 Sage Alley', 2147483647, 'kemmot5@bing.com', 8),
(96009518, 6, 'Brok', 'Trude', '93828 Oneill Terrace', 2147483647, 'btrudedv@tumblr.com', 7),
(96337938, 1, 'Romola', 'MacQuaker', '99765 Village Green Junction', 2147483647, 'rmacquaker30@delicious.co', 8),
(96590074, 1, 'Welch', 'Paybody', '29755 Steensland Way', 2147483647, 'wpaybody23@mapquest.com', 4),
(96901223, 1, 'Westbrooke', 'Davers', '6 Oxford Drive', 2147483647, 'wdavers3k@state.gov', 7),
(97047414, 1, 'Isa', 'Burger', '7824 Cottonwood Park', 2147483647, 'iburgera@go.com', 4),
(97114639, 5, 'Jdavie', 'Sofe', '85356 Johnson Circle', 2147483647, 'jsofea5@phpbb.com', 5),
(97260861, 3, 'Penny', 'Impey', '2652 Montana Terrace', 2147483647, 'pimpey5w@chicagotribune.c', 2),
(97506859, 3, 'Nicko', 'Fairman', '32957 Bluejay Alley', 2147483647, 'nfairman3@networksolution', 4),
(97745397, 3, 'Tara', 'Behnecke', '0208 Old Gate Alley', 2147483647, 'tbehnecke6y@woothemes.com', 4),
(97784862, 1, 'Rad', 'Hold', '22899 Algoma Avenue', 2147483647, 'rhold1e@google.com.hk', 2),
(97809174, 2, 'Heath', 'Drewe', '762 Del Sol Point', 2147483647, 'hdrewe4j@miitbeian.gov.cn', 7),
(97874783, 5, 'Selle', 'Halfacre', '80 Kropf Trail', 2147483647, 'shalfacrea4@360.cn', 4),
(97907333, 6, 'Eddie', 'Scone', '17134 Banding Parkway', 2147483647, 'esconed6@tripod.com', 2),
(97975228, 5, 'Papageno', 'Heinsen', '20168 Wayridge Street', 2147483647, 'pheinsencd@cornell.edu', 5),
(98562212, 1, 'Olly', 'Sorel', '51278 Becker Alley', 2147483647, 'osorel2m@1und1.de', 5),
(98737460, 6, 'Frederick', 'Haeslier', '6200 Nancy Plaza', 2147483647, 'fhaeslierdn@ucoz.ru', 4),
(98897717, 1, 'Dylan', 'Wilks', '249 Duke Park', 2147483647, 'dwilks1f@instagram.com', 6),
(99025977, 5, 'Harley', 'Lewisham', '66237 Milwaukee Parkway', 2147483647, 'hlewishamav@un.org', 8),
(99139428, 4, 'Shellie', 'Dominique', '8024 Waxwing Park', 2147483647, 'sdominique8q@skyrock.com', 2),
(99297869, 6, 'Paloma', 'Wannell', '82 Lighthouse Bay Avenue', 2147483647, 'pwannellh@cbslocal.com', 3),
(99904458, 1, 'Cash', 'Wildor', '49 Little Fleur Circle', 2147483647, 'cwildor1q@addthis.com', 3);

-- --------------------------------------------------------

--
-- Table structure for table `invoice`
--

CREATE TABLE `invoice` (
  `Invoice_ID` int(8) NOT NULL,
  `Store_ID` int(8) NOT NULL,
  `Customer_Order_ID` int(8) NOT NULL,
  `Date` date NOT NULL COMMENT 'YYYY-MM-DD',
  `Time` varchar(11) NOT NULL COMMENT 'HH:MM:SS AM or PM'
) ENGINE=InnoDB DEFAULT CHARSET=utf8mb4;

--
-- Dumping data for table `invoice`
--

INSERT INTO `invoice` (`Invoice_ID`, `Store_ID`, `Customer_Order_ID`, `Date`, `Time`) VALUES
(10053267, 1, 85259778, '2020-04-28', '12:07:48'),
(10078059, 1, 58285833, '2020-04-05', '16:25:14'),
(10125306, 1, 22173128, '2020-04-30', '20:07:15'),
(10191109, 1, 60751585, '2020-05-17', '18:50:37'),
(10221925, 1, 45226854, '2020-05-10', '11:46:39'),
(10336397, 1, 57472771, '2020-01-17', '17:36:23'),
(10413448, 1, 94926527, '2020-04-29', '13:11:16'),
(10467291, 1, 13315148, '2020-01-20', '20:25:05'),
(10512309, 1, 29073114, '2020-01-22', '22:10:39'),
(10532914, 1, 36126621, '2020-04-23', '14:12:46'),
(10545292, 1, 24275903, '2020-01-10', '21:52:03'),
(10582103, 1, 95398895, '2020-05-17', '11:32:23'),
(10694783, 1, 79925391, '2020-04-14', '17:27:21'),
(10755581, 1, 69546412, '2020-06-30', '16:46:10'),
(10771998, 1, 11590220, '2020-03-13', '18:14:44'),
(10782254, 1, 33846866, '2020-01-08', '12:29:01'),
(10820645, 1, 63835110, '2020-05-25', '13:20:44'),
(10855119, 1, 44178494, '2020-01-14', '22:25:03'),
(10899786, 1, 14155242, '2020-01-08', '15:15:30'),
(10900540, 1, 36362894, '2020-02-18', '12:50:17'),
(10954194, 1, 23672080, '2020-05-28', '13:40:31'),
(11039347, 1, 92243178, '2020-03-10', '19:51:19'),
(11196771, 1, 85194203, '2020-01-06', '12:32:29'),
(11522575, 1, 54573489, '2020-05-27', '21:13:47'),
(11528865, 1, 53036158, '2020-05-24', '21:25:24'),
(11676956, 1, 51947318, '2020-01-04', '12:35:31'),
(11746367, 1, 88148765, '2020-02-16', '17:38:06'),
(11809609, 1, 91357069, '2020-03-14', '20:11:54'),
(11821870, 1, 46535381, '2020-05-07', '22:12:34'),
(11875060, 1, 79419840, '2020-05-29', '22:07:42'),
(11966562, 1, 81904719, '2020-04-15', '19:03:26'),
(11987056, 1, 31583003, '2020-05-05', '21:29:57'),
(12011248, 1, 35053548, '2020-02-13', '18:23:38'),
(12012453, 1, 23212207, '2020-04-24', '13:11:09'),
(12019693, 1, 85956577, '2020-02-21', '22:28:21'),
(12032714, 1, 23584786, '2020-02-24', '13:25:58'),
(12083705, 1, 65018308, '2020-03-14', '21:24:13'),
(12097753, 1, 51888147, '2020-06-06', '12:54:25'),
(12191654, 1, 41572548, '2020-03-05', '21:38:06'),
(12193485, 1, 33920231, '2020-04-17', '19:21:16'),
(12217272, 1, 29737796, '2020-06-17', '19:28:00'),
(12231254, 1, 40650148, '2020-02-25', '12:51:09'),
(12259867, 1, 95187041, '2020-03-05', '15:00:32'),
(12314226, 1, 33349294, '2020-04-02', '12:43:05'),
(12475426, 1, 62152485, '2020-05-05', '11:57:16'),
(12550967, 1, 49473035, '2020-05-04', '22:45:35'),
(12666588, 1, 19359392, '2020-06-08', '22:25:21'),
(12748844, 1, 95724911, '2020-05-14', '19:37:26'),
(12792990, 1, 52397749, '2020-01-03', '16:06:03'),
(12820893, 1, 11286133, '2020-03-30', '13:44:48'),
(12880100, 1, 25424279, '2020-05-22', '20:48:50'),
(12904617, 1, 14161072, '2020-06-06', '14:35:08'),
(12943352, 1, 54259597, '2020-04-21', '12:16:17'),
(13038731, 1, 71456340, '2020-06-13', '14:42:04'),
(13066893, 1, 21372956, '2020-02-06', '11:48:37'),
(13102951, 1, 36077585, '2020-05-17', '16:42:21'),
(13156732, 1, 32718493, '2020-03-09', '18:12:01'),
(13257743, 1, 50211754, '2020-04-23', '17:03:25'),
(13330689, 1, 78512206, '2020-01-05', '13:00:06'),
(13331770, 1, 48622318, '2020-01-03', '14:52:01'),
(13339746, 1, 25266597, '2020-02-28', '14:23:25'),
(13392773, 1, 96999182, '2020-04-23', '14:50:17'),
(13409222, 1, 69401836, '2020-06-01', '11:45:55'),
(13461684, 1, 31261928, '2020-06-15', '17:20:06'),
(13492850, 1, 47336691, '2020-02-18', '12:27:30'),
(13514098, 1, 46792428, '2020-03-30', '19:48:06'),
(13537480, 1, 56431509, '2020-06-21', '20:52:37'),
(13567102, 1, 27115676, '2020-04-06', '22:41:45'),
(13596493, 1, 70232726, '2020-03-09', '11:18:50'),
(13666972, 1, 78795841, '2020-02-20', '14:33:51'),
(13745635, 1, 89243320, '2020-02-19', '19:58:12'),
(13809097, 1, 90251784, '2020-06-17', '22:18:16'),
(13860997, 1, 57649786, '2020-02-14', '13:36:45'),
(13927005, 1, 39638571, '2020-05-02', '12:27:43'),
(13937340, 1, 72775810, '2020-03-19', '12:27:43'),
(13939260, 1, 70270223, '2020-03-31', '21:46:32'),
(13991206, 1, 16437555, '2020-03-30', '14:14:31'),
(14023696, 1, 17858033, '2020-06-29', '19:09:40'),
(14050811, 1, 27684423, '2020-05-09', '17:42:07'),
(14094092, 1, 23776512, '2020-05-09', '20:30:30'),
(14118312, 1, 79720038, '2020-05-09', '15:45:36'),
(14165234, 1, 89685039, '2020-01-30', '20:46:31'),
(14257958, 1, 99538551, '2020-04-28', '15:47:48'),
(14278467, 1, 80054121, '2020-02-02', '12:48:44'),
(14290808, 1, 40520474, '2020-04-07', '22:13:29'),
(14319626, 1, 50039827, '2020-07-02', '18:28:27'),
(14358320, 1, 45933857, '2020-04-07', '15:14:33'),
(14386435, 1, 55986895, '2020-03-01', '17:18:06'),
(14407460, 1, 82026694, '2020-05-01', '12:32:50'),
(14443473, 1, 42702324, '2020-04-20', '11:54:28'),
(14520991, 1, 38537405, '2020-03-09', '19:01:26'),
(14538077, 1, 52769813, '2020-01-16', '13:53:02'),
(14879700, 1, 47976237, '2020-03-30', '18:09:58'),
(14883771, 1, 38574059, '2020-03-07', '15:19:59'),
(14965056, 1, 55758073, '2020-03-29', '17:19:30'),
(14965706, 1, 55249414, '2020-03-05', '19:42:02'),
(14970042, 1, 10570289, '2020-02-08', '11:57:49'),
(15000716, 1, 49961455, '2020-03-17', '12:32:40'),
(15076163, 1, 39175990, '2020-01-22', '13:35:18'),
(15228342, 1, 65051553, '2020-06-27', '13:39:05'),
(15244349, 1, 33250049, '2020-02-03', '16:37:40'),
(15266629, 1, 72031728, '2020-06-10', '13:33:56'),
(15279495, 1, 21002477, '2020-04-01', '15:05:23'),
(15332605, 1, 80788773, '2020-01-03', '22:36:12'),
(15437091, 1, 70113731, '2020-01-05', '13:13:47'),
(15552275, 1, 46460927, '2020-01-20', '22:49:13'),
(15554836, 1, 67554052, '2020-05-07', '17:27:38'),
(15609948, 1, 25019230, '2020-06-30', '18:42:33'),
(15737460, 1, 54320338, '2020-02-14', '19:24:42'),
(15761986, 1, 30444873, '2020-03-17', '18:17:42'),
(15769628, 1, 35932636, '2020-01-31', '11:24:20'),
(15972895, 1, 42057275, '2020-04-17', '18:11:07'),
(16011876, 1, 10664212, '2020-05-14', '15:00:25'),
(16170432, 1, 49347554, '2020-05-20', '14:34:57'),
(16255115, 1, 48799635, '2020-06-13', '14:36:13'),
(16301524, 1, 82419029, '2020-01-13', '16:17:59'),
(16310415, 1, 81457877, '2020-01-22', '11:25:03'),
(16346102, 1, 20247674, '2020-03-01', '13:03:53'),
(16563138, 1, 97813407, '2020-01-08', '22:49:21'),
(16635784, 1, 45625417, '2020-04-01', '16:30:21'),
(16770941, 1, 46681859, '2020-04-11', '13:05:19'),
(16854736, 1, 56076053, '2020-03-06', '20:29:34'),
(16882068, 1, 20971295, '2020-03-13', '21:26:06'),
(16982437, 1, 36832157, '2020-02-17', '20:12:28'),
(17010780, 1, 37395585, '2020-01-22', '21:03:11'),
(17094437, 1, 18928167, '2020-06-23', '21:00:57'),
(17116267, 1, 20928113, '2020-04-15', '16:09:51'),
(17116814, 1, 29374262, '2020-03-15', '18:19:27'),
(17221918, 1, 73997395, '2020-01-02', '17:44:23'),
(17244035, 1, 42032035, '2020-04-13', '12:15:13'),
(17250226, 1, 20256490, '2020-01-27', '11:26:01'),
(17314101, 1, 56715535, '2020-03-20', '21:52:53'),
(17365919, 1, 55360657, '2020-06-07', '13:33:20'),
(17473817, 1, 53288665, '2020-02-06', '20:08:20'),
(17525230, 1, 60581174, '2020-03-26', '17:10:29'),
(17534484, 1, 15450167, '2020-02-01', '14:40:53'),
(17542385, 1, 84743599, '2020-01-05', '12:02:10'),
(17583954, 1, 43346704, '2020-02-20', '20:47:25'),
(17607517, 1, 38157088, '2020-04-02', '22:51:04'),
(17794350, 1, 21818279, '2020-05-12', '21:45:00'),
(17829401, 1, 21794398, '2020-02-16', '22:41:42'),
(17840985, 1, 16787841, '2020-04-25', '21:10:53'),
(17843858, 1, 42953781, '2020-06-17', '16:03:15'),
(17908600, 1, 79459234, '2020-06-07', '22:25:57'),
(17931716, 1, 77718322, '2020-04-04', '12:56:18'),
(17938571, 1, 42701237, '2020-05-16', '12:38:39'),
(18007803, 1, 59975713, '2020-01-30', '12:29:45'),
(18010417, 1, 32635021, '2020-02-29', '11:35:20'),
(18038833, 1, 89956348, '2020-05-01', '20:04:40'),
(18061763, 1, 45143724, '2020-05-15', '13:52:27'),
(18077969, 1, 84374424, '2020-04-10', '16:51:48'),
(18161062, 1, 84180967, '2020-03-27', '12:49:59'),
(18185692, 1, 93280224, '2020-02-17', '14:06:16'),
(18202979, 1, 19185074, '2020-03-29', '13:01:40'),
(18290833, 1, 86197534, '2020-05-11', '16:57:35'),
(18355473, 1, 88429463, '2020-06-16', '18:26:32'),
(18445903, 1, 81573850, '2020-06-30', '18:27:17'),
(18520234, 1, 83948052, '2020-04-19', '14:59:28'),
(18531422, 1, 81689925, '2020-04-07', '12:51:55'),
(18571474, 1, 86811581, '2020-02-27', '18:38:38'),
(18601807, 1, 43322043, '2020-06-04', '21:13:35'),
(18651515, 1, 87431608, '2020-05-26', '21:07:15'),
(18744945, 1, 80771610, '2020-06-12', '21:33:12'),
(18766477, 1, 96532735, '2020-03-25', '20:00:49'),
(18890895, 1, 16900431, '2020-01-05', '22:01:36'),
(18995133, 1, 91131257, '2020-03-20', '16:33:44'),
(19054863, 1, 49445274, '2020-03-08', '20:16:03'),
(19128110, 1, 35593277, '2020-03-29', '11:34:00'),
(19201458, 1, 31058412, '2020-05-12', '13:57:28'),
(19262762, 1, 69992438, '2020-02-10', '11:59:41'),
(19334226, 1, 10668513, '2020-01-28', '11:46:38'),
(19456150, 1, 83554722, '2020-06-11', '17:43:06'),
(19477969, 1, 72754466, '2020-04-20', '20:33:26'),
(19713733, 1, 52574397, '2020-01-12', '13:46:14'),
(19776354, 1, 80883575, '2020-01-29', '19:43:59'),
(19788398, 1, 41216167, '2020-05-16', '13:14:07'),
(19793074, 1, 90778569, '2020-03-12', '12:09:18'),
(19809271, 1, 37900627, '2020-05-24', '14:23:22'),
(19830204, 1, 41549722, '2020-04-13', '13:36:45'),
(19832126, 1, 93537674, '2020-05-08', '20:44:18'),
(20013951, 1, 28135801, '2020-02-10', '12:40:48'),
(20025012, 1, 98027155, '2020-06-20', '16:03:37'),
(20052088, 1, 23234437, '2020-05-20', '19:58:39'),
(20080918, 1, 98699441, '2020-07-01', '18:46:26'),
(20132854, 1, 35114044, '2020-01-06', '13:01:23'),
(20225589, 1, 75756651, '2020-04-22', '21:10:35'),
(20238731, 1, 59133043, '2020-04-21', '11:55:38'),
(20246623, 1, 41636350, '2020-05-05', '11:05:10'),
(20250805, 1, 83173417, '2020-03-22', '14:11:13'),
(20258946, 1, 52395825, '2020-01-12', '12:07:38'),
(20297416, 1, 29031345, '2020-01-11', '12:04:55'),
(20298827, 1, 59990581, '2020-01-03', '13:08:31'),
(20320975, 1, 57694453, '2020-05-08', '11:30:11'),
(20344820, 1, 58441232, '2020-04-22', '21:34:51'),
(20417568, 1, 92446681, '2020-06-08', '11:07:26'),
(20423227, 1, 59320096, '2020-03-19', '15:01:05'),
(20481803, 1, 92719257, '2020-05-14', '21:49:42'),
(20503685, 1, 67921299, '2020-06-05', '14:32:40'),
(20625993, 1, 60776692, '2020-05-22', '17:15:12'),
(20629470, 1, 98125952, '2020-04-07', '11:15:52'),
(20718264, 1, 75131309, '2020-04-08', '20:45:48'),
(20720110, 1, 54379100, '2020-03-09', '15:18:04'),
(20852826, 1, 34981886, '2020-02-02', '17:43:18'),
(20970151, 1, 31100208, '2020-06-03', '11:29:39'),
(20977802, 1, 32192500, '2020-02-15', '22:00:26'),
(20989459, 1, 64565723, '2020-04-27', '20:51:41'),
(21001844, 1, 51405340, '2020-06-14', '20:31:35'),
(21115203, 1, 83968795, '2020-05-20', '19:39:00'),
(21201906, 1, 24673593, '2020-02-18', '20:40:54'),
(21201928, 1, 99424542, '2020-01-28', '21:03:38'),
(21300795, 1, 68872082, '2020-03-28', '18:51:29'),
(21302290, 1, 21179688, '2020-05-19', '18:09:26'),
(21319594, 1, 39020369, '2020-04-21', '13:11:43'),
(21418551, 1, 82173563, '2020-03-04', '22:38:04'),
(21424476, 1, 23201136, '2020-03-11', '12:15:10'),
(21428031, 1, 45975922, '2020-01-30', '18:06:32'),
(21432579, 1, 90628856, '2020-04-04', '17:26:28'),
(21483176, 1, 29330398, '2020-03-18', '22:02:05'),
(21649032, 1, 95313889, '2020-03-06', '18:33:31'),
(21739175, 1, 97150925, '2020-06-18', '15:39:46'),
(21789447, 1, 96369597, '2020-03-06', '14:06:36'),
(21859506, 1, 36084233, '2020-05-19', '22:27:02'),
(22001354, 1, 34316432, '2020-06-01', '22:28:13'),
(22011098, 1, 89964334, '2020-01-06', '16:57:58'),
(22035256, 1, 38969966, '2020-05-30', '20:08:41'),
(22055861, 1, 57138492, '2020-01-27', '20:01:35'),
(22112594, 1, 20694563, '2020-06-21', '15:56:49'),
(22113572, 1, 15007953, '2020-06-26', '16:22:39'),
(22118082, 1, 26177912, '2020-02-04', '15:46:31'),
(22137495, 1, 99779678, '2020-01-29', '17:01:26'),
(22162895, 1, 41910817, '2020-01-23', '19:54:52'),
(22175717, 1, 98486211, '2020-05-29', '20:02:42'),
(22204137, 1, 82471843, '2020-05-07', '11:12:11'),
(22222205, 1, 70452594, '2020-01-07', '18:55:35'),
(22254061, 1, 22216007, '2020-04-02', '17:18:07'),
(22277996, 1, 40465306, '2020-02-10', '19:15:15'),
(22301853, 1, 16691260, '2020-05-13', '21:43:55'),
(22389188, 1, 52550764, '2020-01-10', '13:00:34'),
(22519866, 1, 48910353, '2020-04-15', '19:42:07'),
(22523919, 1, 54428120, '2020-02-05', '19:37:17'),
(22548983, 1, 22488633, '2020-06-04', '16:40:50'),
(22596466, 1, 12919998, '2020-01-02', '22:52:15'),
(22632621, 1, 67387245, '2020-06-29', '16:04:17'),
(22689776, 1, 36212614, '2020-03-30', '11:43:23'),
(22803021, 1, 92521058, '2020-01-29', '19:10:00'),
(22993925, 1, 53048708, '2020-06-04', '14:56:09'),
(23027389, 1, 86144918, '2020-05-13', '20:33:14'),
(23031481, 1, 29819873, '2020-06-14', '21:30:51'),
(23110527, 1, 95204869, '2020-05-07', '15:04:04'),
(23124425, 1, 34001282, '2020-03-31', '16:48:15'),
(23146307, 1, 45879958, '2020-02-19', '11:17:53'),
(23202439, 1, 73548159, '2020-05-12', '20:48:12'),
(23255706, 1, 77345401, '2020-03-12', '13:51:00'),
(23315256, 1, 54407613, '2020-05-24', '13:42:11'),
(23386550, 1, 26920038, '2020-01-14', '18:58:16'),
(23435137, 1, 53054264, '2020-06-24', '14:22:13'),
(23463308, 1, 33796774, '2020-06-08', '17:48:03'),
(23502069, 1, 90673558, '2020-06-10', '22:13:20'),
(23515382, 1, 34917094, '2020-01-10', '22:11:23'),
(23583977, 1, 18846773, '2020-04-25', '19:31:47'),
(23678813, 1, 44577193, '2020-04-28', '11:17:24'),
(23749887, 1, 12163986, '2020-06-17', '11:56:15'),
(23878008, 1, 24370010, '2020-01-20', '21:51:09'),
(23929973, 1, 98480117, '2020-04-04', '12:00:47'),
(23942283, 1, 51494715, '2020-06-06', '21:30:19'),
(23951188, 1, 92340012, '2020-06-08', '11:32:11'),
(23951594, 1, 56022189, '2020-01-12', '11:16:16'),
(23984283, 1, 62836101, '2020-06-21', '19:52:15'),
(24216658, 1, 31897754, '2020-02-05', '12:11:27'),
(24299028, 1, 80317281, '2020-02-08', '15:03:01'),
(24313977, 1, 27515362, '2020-04-09', '16:45:37'),
(24319673, 1, 92383505, '2020-05-26', '22:35:29'),
(24428465, 1, 26519165, '2020-06-04', '17:54:52'),
(24450155, 1, 26713542, '2020-03-15', '20:49:34'),
(24527727, 1, 62300259, '2020-06-13', '11:40:30'),
(24529282, 1, 12137894, '2020-02-17', '22:21:09'),
(24788938, 1, 51837404, '2020-02-22', '17:12:19'),
(24804017, 1, 79315208, '2020-06-06', '12:50:50'),
(24813035, 1, 87711509, '2020-05-24', '16:42:55'),
(24819219, 1, 65941716, '2020-04-01', '22:33:15'),
(24824739, 1, 58648441, '2020-04-30', '20:04:38'),
(24829259, 1, 76704903, '2020-05-28', '18:23:25'),
(24833920, 1, 74243495, '2020-02-02', '21:19:57'),
(24856991, 1, 44692195, '2020-02-28', '11:13:51'),
(24900847, 1, 47903820, '2020-03-12', '11:28:11'),
(24923501, 1, 85120068, '2020-06-08', '12:22:16'),
(25080546, 1, 91154757, '2020-04-22', '14:03:47'),
(25202076, 1, 22231474, '2020-05-23', '19:15:39'),
(25258714, 1, 91992364, '2020-04-14', '15:41:51'),
(25322193, 1, 18115141, '2020-06-09', '22:27:32'),
(25328826, 1, 94150862, '2020-03-25', '20:49:48'),
(25442641, 1, 51996551, '2020-02-06', '21:27:27'),
(25496691, 1, 27734012, '2020-01-04', '21:53:15'),
(25526998, 1, 63069709, '2020-02-20', '20:48:24'),
(25550126, 1, 19362106, '2020-04-14', '16:22:13'),
(25638610, 1, 22902757, '2020-04-06', '11:26:28'),
(25740649, 1, 68236317, '2020-06-02', '15:28:38'),
(25743340, 1, 18494093, '2020-05-08', '12:18:45'),
(25776786, 1, 12073840, '2020-03-12', '18:38:48'),
(25892159, 1, 17254642, '2020-04-01', '18:45:17'),
(25934071, 1, 21019426, '2020-02-22', '13:14:32'),
(25942086, 1, 43054818, '2020-02-26', '13:30:09'),
(25983826, 1, 22333856, '2020-04-09', '11:09:57'),
(26014157, 1, 85925378, '2020-06-19', '15:50:23'),
(26078372, 1, 40863985, '2020-01-03', '16:05:37'),
(26089563, 1, 96489000, '2020-04-04', '14:17:46'),
(26091483, 1, 76937100, '2020-05-20', '12:20:34'),
(26133490, 1, 48028140, '2020-03-06', '18:51:38'),
(26197632, 1, 46768164, '2020-02-17', '22:14:51'),
(26236567, 1, 84786591, '2020-04-01', '17:32:02'),
(26272591, 1, 36940185, '2020-01-11', '13:25:56'),
(26362181, 1, 99276621, '2020-05-14', '19:01:40'),
(26379224, 1, 44125108, '2020-06-26', '17:53:46'),
(26386748, 1, 98193294, '2020-01-01', '16:04:00'),
(26415623, 1, 17770568, '2020-05-23', '11:15:56'),
(26453285, 1, 88705934, '2020-02-02', '20:52:14'),
(26479631, 1, 13995375, '2020-03-26', '16:22:22'),
(26571115, 1, 44140757, '2020-05-06', '12:14:00'),
(26607073, 1, 30694971, '2020-04-16', '18:13:57'),
(26647719, 1, 86113957, '2020-02-02', '15:21:07'),
(26864809, 1, 26538232, '2020-05-16', '15:33:38'),
(26937748, 1, 60374876, '2020-01-06', '21:33:11'),
(26988112, 1, 44547276, '2020-06-21', '12:00:48'),
(27006476, 1, 43018124, '2020-01-17', '12:59:57'),
(27017914, 1, 55963432, '2020-02-18', '12:40:06'),
(27042790, 1, 54608156, '2020-04-05', '12:43:04'),
(27086644, 1, 80010469, '2020-06-02', '21:16:21'),
(27126328, 1, 53544225, '2020-04-05', '21:25:27'),
(27152050, 1, 63576697, '2020-04-15', '18:57:09'),
(27233055, 1, 67670130, '2020-02-05', '11:20:35'),
(27296268, 1, 75710682, '2020-01-01', '16:38:52'),
(27315938, 1, 64956385, '2020-06-19', '17:36:11'),
(27332529, 1, 33442084, '2020-02-22', '12:21:16'),
(27401148, 1, 81392368, '2020-02-08', '16:25:21'),
(27433140, 1, 89344716, '2020-04-07', '12:48:42'),
(27515017, 1, 89667620, '2020-01-13', '22:58:40'),
(27522771, 1, 31301683, '2020-02-07', '21:31:52'),
(27546710, 1, 88088654, '2020-04-29', '15:30:57'),
(27591223, 1, 29800731, '2020-04-23', '20:29:11'),
(27645822, 1, 12627893, '2020-03-15', '12:11:59'),
(27801187, 1, 36519132, '2020-06-21', '15:06:43'),
(27823630, 1, 82554343, '2020-04-17', '11:00:27'),
(27840436, 1, 24827150, '2020-05-29', '13:06:58'),
(27861728, 1, 32546903, '2020-05-11', '12:54:53'),
(27878282, 1, 78048978, '2020-04-23', '19:19:09'),
(27925323, 1, 26870892, '2020-01-12', '12:21:30'),
(28014172, 1, 92884385, '2020-06-26', '13:50:22'),
(28164376, 1, 92805870, '2020-02-25', '14:57:05'),
(28217948, 1, 98016605, '2020-02-24', '14:54:19'),
(28353575, 1, 38552878, '2020-01-20', '18:14:04'),
(28363940, 1, 56363089, '2020-04-15', '16:37:33'),
(28365193, 1, 65364501, '2020-05-01', '14:24:32'),
(28421134, 1, 98765319, '2020-06-20', '19:42:02'),
(28423245, 1, 17624909, '2020-01-16', '19:06:50'),
(28430847, 1, 95724353, '2020-04-09', '17:19:24'),
(28551044, 1, 18162993, '2020-06-07', '16:43:14'),
(28605730, 1, 45978623, '2020-06-30', '17:48:03'),
(28681862, 1, 58272750, '2020-01-10', '12:44:55'),
(28714642, 1, 84823266, '2020-06-21', '14:44:02'),
(28737704, 1, 19978421, '2020-03-06', '13:16:28'),
(28789912, 1, 98164902, '2020-05-11', '13:11:50'),
(28823354, 1, 48626516, '2020-03-29', '15:09:17'),
(28844347, 1, 16566889, '2020-04-20', '17:32:32'),
(28917472, 1, 57353955, '2020-03-29', '16:53:35'),
(28927088, 1, 74645164, '2020-06-22', '14:36:06'),
(28950335, 1, 25220727, '2020-06-08', '16:44:52'),
(29104206, 1, 65596744, '2020-01-24', '12:18:56'),
(29199372, 1, 54587351, '2020-03-24', '19:01:09'),
(29236349, 1, 26856141, '2020-01-16', '11:08:11'),
(29255818, 1, 62475711, '2020-03-13', '20:17:44'),
(29324932, 1, 88543701, '2020-01-16', '22:53:57'),
(29394071, 1, 42766987, '2020-01-21', '18:16:49'),
(29759527, 1, 64490392, '2020-05-15', '21:40:21'),
(29814159, 1, 92597455, '2020-04-29', '22:17:06'),
(29850090, 1, 73767602, '2020-03-18', '20:36:35'),
(29924224, 1, 52240144, '2020-03-23', '11:03:49'),
(29964391, 1, 56576019, '2020-05-05', '12:52:53'),
(29992611, 1, 87649704, '2020-01-20', '17:03:31'),
(30007979, 1, 37114451, '2020-02-01', '22:46:04'),
(30021259, 1, 73542212, '2020-02-15', '21:49:51'),
(30024660, 1, 78915223, '2020-04-30', '15:00:20'),
(30048525, 1, 63128749, '2020-04-18', '21:59:51'),
(30084863, 1, 26027147, '2020-02-17', '21:13:46'),
(30150160, 1, 70849502, '2020-02-29', '16:38:51'),
(30179779, 1, 36143098, '2020-05-21', '13:34:14'),
(30237125, 1, 35207636, '2020-02-07', '14:50:33'),
(30246041, 1, 20745233, '2020-01-26', '21:03:49'),
(30376174, 1, 49047912, '2020-03-30', '13:52:21'),
(30387250, 1, 34016878, '2020-04-15', '19:54:17'),
(30410348, 1, 15366224, '2020-04-15', '12:21:34'),
(30427916, 1, 99528938, '2020-05-21', '18:26:53'),
(30462995, 1, 99593731, '2020-06-19', '16:59:10'),
(30486984, 1, 16397009, '2020-02-04', '12:23:14'),
(30559125, 1, 70343376, '2020-06-24', '19:10:13'),
(30629156, 1, 72543550, '2020-01-14', '21:54:12'),
(30667982, 1, 44930258, '2020-01-24', '13:01:47'),
(30695607, 1, 19505930, '2020-01-08', '20:27:02'),
(30717832, 1, 19173158, '2020-04-05', '21:28:04'),
(30801221, 1, 58698036, '2020-06-24', '12:42:52'),
(30811571, 1, 62278967, '2020-02-28', '12:26:10'),
(30832194, 1, 50637282, '2020-04-25', '15:12:46'),
(30854810, 1, 25493146, '2020-05-14', '13:22:24'),
(30876848, 1, 97068898, '2020-04-04', '13:38:18'),
(30878269, 1, 34027467, '2020-04-02', '17:06:45'),
(30932635, 1, 72109936, '2020-05-17', '15:02:31'),
(30977853, 1, 49510523, '2020-06-28', '15:59:32'),
(30992013, 1, 48924348, '2020-06-06', '14:12:56'),
(31019905, 1, 52712731, '2020-05-01', '22:17:39'),
(31056998, 1, 86049242, '2020-01-11', '16:06:32'),
(31383475, 1, 72574004, '2020-06-12', '15:37:24'),
(31385229, 1, 93238101, '2020-03-26', '19:05:21'),
(31402148, 1, 96739813, '2020-02-10', '17:30:10'),
(31411692, 1, 34042945, '2020-05-13', '15:15:36'),
(31460873, 1, 50345856, '2020-06-25', '19:11:11'),
(31508327, 1, 60579808, '2020-04-08', '21:15:42'),
(31528410, 1, 15322144, '2020-01-21', '14:23:29'),
(31548964, 1, 10739263, '2020-06-13', '15:02:37'),
(31712197, 1, 70291275, '2020-01-14', '18:07:08'),
(31797047, 1, 97900175, '2020-06-14', '17:26:34'),
(31808909, 1, 74067071, '2020-06-15', '19:25:57'),
(31886677, 1, 94555723, '2020-02-23', '13:29:34'),
(32029256, 1, 26657695, '2020-02-26', '11:30:56'),
(32033022, 1, 69116757, '2020-05-20', '15:19:25'),
(32197015, 1, 35222602, '2020-04-28', '19:57:53'),
(32209508, 1, 37159096, '2020-06-09', '17:01:56'),
(32240590, 1, 20126509, '2020-03-25', '11:41:40'),
(32248962, 1, 51927630, '2020-03-17', '15:17:47'),
(32295292, 1, 91205326, '2020-05-24', '21:11:28'),
(32297567, 1, 57301874, '2020-01-09', '19:39:12'),
(32387817, 1, 40778022, '2020-04-16', '22:20:05'),
(32390042, 1, 21724392, '2020-01-01', '13:38:17'),
(32461892, 1, 23008724, '2020-05-13', '13:05:52'),
(32562963, 1, 12889978, '2020-04-27', '11:06:07'),
(32671347, 1, 14445528, '2020-05-27', '12:32:58'),
(32676860, 1, 77922329, '2020-05-08', '22:48:15'),
(32774434, 1, 55315682, '2020-02-26', '15:33:47'),
(32789607, 1, 46050406, '2020-06-09', '14:29:49'),
(32860967, 1, 20891613, '2020-03-31', '11:31:20'),
(32891014, 1, 72187390, '2020-01-18', '21:24:51'),
(32938698, 1, 32480360, '2020-06-06', '11:39:22'),
(32961607, 1, 92468880, '2020-04-13', '14:15:20'),
(33101004, 1, 61132725, '2020-03-06', '14:17:09'),
(33115758, 1, 58630340, '2020-04-29', '20:33:01'),
(33163250, 1, 51192789, '2020-01-30', '19:07:59'),
(33243230, 1, 38429996, '2020-03-08', '13:27:04'),
(33276788, 1, 37941782, '2020-01-07', '16:56:05'),
(33300951, 1, 70294651, '2020-04-23', '12:41:02'),
(33317091, 1, 67369952, '2020-03-22', '22:23:29'),
(33320951, 1, 69080248, '2020-03-13', '16:44:57'),
(33386520, 1, 91008521, '2020-01-18', '13:38:40'),
(33532320, 1, 73387974, '2020-01-06', '20:48:02'),
(33555616, 1, 57984315, '2020-04-25', '20:08:43'),
(33571132, 1, 61318827, '2020-02-17', '21:45:41'),
(33624019, 1, 37086823, '2020-06-27', '20:33:26'),
(33725789, 1, 32224454, '2020-06-20', '22:17:02'),
(33814189, 1, 85502405, '2020-02-07', '21:36:46'),
(33880588, 1, 75375180, '2020-06-26', '18:54:52'),
(33980125, 1, 25635350, '2020-01-28', '15:20:03'),
(34006324, 1, 72790857, '2020-06-24', '17:55:27'),
(34009423, 1, 53436619, '2020-06-22', '15:06:59'),
(34031198, 1, 48553679, '2020-02-19', '21:53:21'),
(34068270, 1, 16869826, '2020-02-21', '13:41:50'),
(34068954, 1, 92238414, '2020-03-30', '12:15:37'),
(34075857, 1, 81862820, '2020-06-01', '18:56:38'),
(34122185, 1, 53913697, '2020-01-17', '15:54:19'),
(34172658, 1, 38923899, '2020-01-06', '12:40:25'),
(34188005, 1, 68717681, '2020-06-07', '19:07:57'),
(34258350, 1, 91705243, '2020-04-14', '11:46:11'),
(34309770, 1, 92313043, '2020-05-22', '14:57:51'),
(34331096, 1, 95059883, '2020-04-18', '11:55:59'),
(34383925, 1, 94137440, '2020-02-07', '14:54:28'),
(34405264, 1, 49575378, '2020-05-01', '18:04:26'),
(34504316, 1, 47285696, '2020-05-09', '15:44:23'),
(34574800, 1, 92227419, '2020-05-26', '15:16:25'),
(34698728, 1, 55029904, '2020-01-12', '14:03:23'),
(34733183, 1, 95209987, '2020-03-12', '11:18:28'),
(34794546, 1, 84187939, '2020-03-12', '12:29:18'),
(34814575, 1, 89118784, '2020-02-03', '20:57:58'),
(34874916, 1, 95850269, '2020-06-09', '15:07:59'),
(34894040, 1, 87462678, '2020-07-02', '14:19:02'),
(34958847, 1, 45439296, '2020-03-21', '14:53:47'),
(35040943, 1, 43997993, '2020-06-07', '15:24:04'),
(35048882, 1, 68960315, '2020-05-10', '21:48:13'),
(35072628, 1, 92675276, '2020-04-18', '16:09:40'),
(35122324, 1, 35800907, '2020-06-26', '12:26:55'),
(35136881, 1, 50849806, '2020-02-13', '14:45:50'),
(35183277, 1, 89370141, '2020-05-12', '13:32:41'),
(35262266, 1, 18597383, '2020-02-13', '15:55:10'),
(35289165, 1, 37873160, '2020-03-24', '17:32:20'),
(35308105, 1, 91872681, '2020-04-07', '12:32:39'),
(35325258, 1, 15693881, '2020-05-08', '21:33:57'),
(35377496, 1, 45414107, '2020-05-17', '18:46:48'),
(35432230, 1, 20351970, '2020-05-18', '21:06:40'),
(35433810, 1, 84109218, '2020-01-30', '12:38:54'),
(35667271, 1, 57870374, '2020-01-26', '15:13:19'),
(35868462, 1, 60980715, '2020-02-11', '14:50:55'),
(35924151, 1, 19517723, '2020-02-04', '18:19:54'),
(36069976, 1, 47354251, '2020-06-07', '17:31:37'),
(36107484, 1, 75645673, '2020-03-11', '15:47:50'),
(36204828, 1, 91964922, '2020-02-16', '20:54:23'),
(36222604, 1, 62915229, '2020-06-18', '22:21:43'),
(36342152, 1, 45374728, '2020-03-14', '16:35:01'),
(36459381, 1, 10798150, '2020-01-06', '22:57:08'),
(36528588, 1, 42007545, '2020-01-12', '19:38:31'),
(36583157, 1, 77670923, '2020-04-07', '22:34:22'),
(36626618, 1, 43345390, '2020-04-01', '22:03:12'),
(36643923, 1, 70601586, '2020-05-19', '11:48:08'),
(36646276, 1, 78227569, '2020-06-23', '21:55:52'),
(36743111, 1, 82724993, '2020-06-24', '14:08:46'),
(36767327, 1, 39976241, '2020-02-24', '13:54:01'),
(36790915, 1, 39173814, '2020-02-26', '21:15:43'),
(36793480, 1, 37074428, '2020-03-14', '13:24:37'),
(36902893, 1, 82362320, '2020-03-13', '17:46:40'),
(36913243, 1, 41739854, '2020-06-02', '19:39:08'),
(36941055, 1, 77047897, '2020-03-28', '17:30:12'),
(36960848, 1, 78821090, '2020-02-03', '17:36:48'),
(37013359, 1, 42287676, '2020-06-12', '21:13:11'),
(37137750, 1, 25426813, '2020-05-19', '22:05:03'),
(37171841, 1, 56633876, '2020-05-14', '11:50:48'),
(37233062, 1, 90211484, '2020-04-14', '13:18:21'),
(37380343, 1, 16088873, '2020-05-16', '12:54:35'),
(37382958, 1, 21243184, '2020-01-09', '14:43:02'),
(37394027, 1, 31313822, '2020-06-25', '15:20:01'),
(37481160, 1, 18012134, '2020-06-11', '20:18:39'),
(37656125, 1, 60729729, '2020-06-04', '19:47:47'),
(37665769, 1, 85554024, '2020-05-27', '21:45:00'),
(37761763, 1, 29951201, '2020-01-21', '11:09:03'),
(37777581, 1, 72149617, '2020-01-29', '22:32:41'),
(37782763, 1, 40074547, '2020-03-05', '20:27:57'),
(37891839, 1, 22204538, '2020-05-16', '22:57:33'),
(37936573, 1, 94551121, '2020-06-21', '18:52:01'),
(37940540, 1, 55142908, '2020-01-17', '19:27:42'),
(37946711, 1, 56341277, '2020-02-20', '14:24:34'),
(37978604, 1, 94965696, '2020-05-09', '19:43:30'),
(37989656, 1, 83778599, '2020-04-02', '22:33:26'),
(38020740, 1, 42240811, '2020-03-24', '12:32:14'),
(38243379, 1, 13471748, '2020-06-01', '16:48:35'),
(38296666, 1, 35890361, '2020-04-14', '22:06:28'),
(38316882, 1, 43865131, '2020-04-05', '12:19:11'),
(38365752, 1, 17541724, '2020-04-25', '14:14:09'),
(38384209, 1, 18691628, '2020-06-01', '18:36:23'),
(38490295, 1, 93268777, '2020-04-19', '21:45:27'),
(38502498, 1, 49434246, '2020-03-20', '13:52:28'),
(38579088, 1, 24489007, '2020-03-09', '13:53:19'),
(38588429, 1, 19903281, '2020-01-16', '20:32:16'),
(38602543, 1, 78655333, '2020-05-24', '15:23:27'),
(38675316, 1, 23777091, '2020-03-01', '21:52:20'),
(38786948, 1, 74544094, '2020-04-29', '12:59:45'),
(38923119, 1, 24826023, '2020-05-13', '13:50:19'),
(38944858, 1, 14922817, '2020-04-07', '13:35:36'),
(38955885, 1, 10328843, '2020-04-08', '11:52:58'),
(38981282, 1, 26762776, '2020-06-18', '22:12:33'),
(39034622, 1, 63707086, '2020-04-18', '17:14:54'),
(39074999, 1, 20591532, '2020-01-23', '20:09:32'),
(39136708, 1, 31493068, '2020-02-28', '21:03:42'),
(39162872, 1, 10059313, '2020-03-15', '15:53:03'),
(39180149, 1, 81442474, '2020-04-19', '19:37:43'),
(39200602, 1, 95933562, '2020-04-29', '12:50:08'),
(39264289, 1, 71709706, '2020-01-27', '20:03:05'),
(39304899, 1, 18746177, '2020-05-06', '19:25:37'),
(39403499, 1, 13667686, '2020-05-19', '21:51:11'),
(39425886, 1, 39477579, '2020-03-05', '13:04:44'),
(39501471, 1, 92342471, '2020-01-23', '20:16:18'),
(39527368, 1, 85707477, '2020-01-30', '18:40:48'),
(39750731, 1, 64570335, '2020-03-05', '18:12:59'),
(39790909, 1, 16474343, '2020-01-05', '18:21:05'),
(39893390, 1, 85822918, '2020-04-23', '17:03:25'),
(39902339, 1, 28829886, '2020-01-26', '17:59:40'),
(40072046, 1, 93213704, '2020-01-20', '12:32:01'),
(40094594, 1, 58803715, '2020-04-05', '14:21:44'),
(40097541, 1, 77398434, '2020-05-17', '15:05:58'),
(40127583, 1, 51443915, '2020-01-01', '13:03:00'),
(40273041, 1, 11382887, '2020-02-19', '17:46:54'),
(40329946, 1, 76436696, '2020-01-11', '19:38:25'),
(40333317, 1, 24069058, '2020-02-13', '22:11:08'),
(40359020, 1, 22985766, '2020-01-21', '21:29:59'),
(40368086, 1, 60415696, '2020-02-22', '16:28:27'),
(40380322, 1, 30543515, '2020-06-18', '15:11:27'),
(40381034, 1, 98888351, '2020-02-19', '19:55:50'),
(40456532, 1, 93120648, '2020-02-04', '19:59:40'),
(40506001, 1, 27796028, '2020-06-21', '15:22:08'),
(40668515, 1, 18847221, '2020-03-26', '20:45:10'),
(40727113, 1, 50260700, '2020-01-14', '13:57:59'),
(40804174, 1, 59442585, '2020-05-18', '14:56:34'),
(40824469, 1, 63319776, '2020-02-07', '18:24:27'),
(40864314, 1, 15129867, '2020-02-06', '22:45:17'),
(40874551, 1, 53288117, '2020-01-05', '22:34:13'),
(40906709, 1, 74925850, '2020-04-14', '19:47:09'),
(40962728, 1, 72617162, '2020-04-23', '17:57:24'),
(41040833, 1, 97939387, '2020-06-28', '20:08:07'),
(41077968, 1, 10981937, '2020-02-22', '15:33:55'),
(41235584, 1, 59508108, '2020-04-29', '22:52:25'),
(41271308, 1, 41751551, '2020-01-27', '19:48:53'),
(41307438, 1, 62634433, '2020-06-10', '13:39:48'),
(41333652, 1, 68544480, '2020-06-27', '22:51:44'),
(41423048, 1, 61270599, '2020-05-10', '21:12:26'),
(41860258, 1, 85282756, '2020-04-17', '16:37:40'),
(41925467, 1, 71199200, '2020-01-25', '12:34:10'),
(41960140, 1, 23976049, '2020-06-26', '12:49:23'),
(41991899, 1, 50834160, '2020-01-31', '17:27:32'),
(42117129, 1, 46054902, '2020-04-30', '15:03:32'),
(42189254, 1, 66759753, '2020-02-24', '19:45:57'),
(42275019, 1, 37872511, '2020-05-06', '15:42:32'),
(42399884, 1, 39659380, '2020-01-22', '17:58:09'),
(42431922, 1, 27791989, '2020-06-12', '20:36:14'),
(42498733, 1, 81676228, '2020-04-27', '22:38:26'),
(42523819, 1, 67701089, '2020-05-25', '11:55:42'),
(42529349, 1, 40835389, '2020-02-05', '18:34:27'),
(42533277, 1, 59532953, '2020-06-13', '20:34:54'),
(42651825, 1, 78668937, '2020-05-07', '21:17:53'),
(42659794, 1, 15142861, '2020-06-13', '11:42:26'),
(42796062, 1, 44134796, '2020-05-09', '17:47:02'),
(42804874, 1, 83033719, '2020-05-04', '14:07:04'),
(42816095, 1, 33309074, '2020-03-05', '14:48:51'),
(42881690, 1, 71766085, '2020-03-30', '17:06:27'),
(42883469, 1, 55908425, '2020-02-23', '11:24:52'),
(42994655, 1, 53994893, '2020-03-03', '19:04:09'),
(43137189, 1, 34314589, '2020-05-21', '12:05:00'),
(43174409, 1, 93925158, '2020-01-04', '17:29:58'),
(43209017, 1, 83189210, '2020-01-29', '20:46:57'),
(43255937, 1, 79282550, '2020-01-27', '18:03:58'),
(43328351, 1, 90972901, '2020-03-29', '19:01:57'),
(43390080, 1, 17550384, '2020-01-20', '14:53:44'),
(43432406, 1, 51457454, '2020-03-24', '11:29:48'),
(43533603, 1, 25083320, '2020-03-31', '16:47:31'),
(43636588, 1, 93017023, '2020-03-11', '15:53:05'),
(43753801, 1, 45330085, '2020-04-20', '19:42:50'),
(43778005, 1, 47785392, '2020-04-11', '22:01:08'),
(43826691, 1, 28703545, '2020-05-28', '21:11:12'),
(43842864, 1, 99600840, '2020-04-16', '19:07:15'),
(43844981, 1, 32942464, '2020-04-19', '22:52:18'),
(43887518, 1, 43888007, '2020-03-13', '15:58:35'),
(43901862, 1, 30114076, '2020-01-21', '16:09:16'),
(43951094, 1, 70683389, '2020-01-05', '21:46:27'),
(43990677, 1, 77224463, '2020-01-27', '12:59:02'),
(44004984, 1, 71696452, '2020-03-04', '16:48:14'),
(44116753, 1, 20559324, '2020-02-05', '22:20:32'),
(44117207, 1, 62210848, '2020-05-18', '18:01:37'),
(44257639, 1, 84864615, '2020-07-01', '16:23:08'),
(44354349, 1, 47496654, '2020-04-27', '17:38:58'),
(44394866, 1, 38272041, '2020-01-31', '22:55:32'),
(44406281, 1, 21818582, '2020-06-08', '17:40:57'),
(44432584, 1, 66637286, '2020-03-13', '22:14:46'),
(44435382, 1, 66954109, '2020-05-16', '18:08:05'),
(44483742, 1, 12172514, '2020-05-10', '15:51:07'),
(44539340, 1, 44425666, '2020-01-11', '20:46:36'),
(44561624, 1, 57608235, '2020-03-09', '16:28:52'),
(44566380, 1, 44370802, '2020-06-08', '14:24:30'),
(44621292, 1, 81024192, '2020-03-13', '22:49:50'),
(44788299, 1, 69245794, '2020-04-05', '21:33:33'),
(44880740, 1, 96954212, '2020-02-06', '11:34:53'),
(44915682, 1, 84703825, '2020-03-01', '12:43:05'),
(44943289, 1, 22925987, '2020-04-13', '17:10:01'),
(44952478, 1, 49583739, '2020-05-19', '13:38:17'),
(45006980, 1, 43841943, '2020-01-06', '22:30:19'),
(45110015, 1, 18098370, '2020-02-10', '13:03:49'),
(45170852, 1, 26805072, '2020-04-05', '15:27:39'),
(45197244, 1, 36551742, '2020-03-22', '16:27:17'),
(45232769, 1, 67928975, '2020-04-08', '20:55:19'),
(45282927, 1, 40961633, '2020-03-18', '17:57:12'),
(45351463, 1, 67593737, '2020-04-18', '15:02:28'),
(45481532, 1, 89923681, '2020-04-03', '13:33:15'),
(45558347, 1, 26700051, '2020-03-22', '14:29:45'),
(45570890, 1, 22512178, '2020-06-02', '14:03:14'),
(45653899, 1, 52422703, '2020-03-09', '14:52:01'),
(45686058, 1, 56426274, '2020-01-26', '14:46:21'),
(45697153, 1, 26367067, '2020-02-21', '21:50:07'),
(45815659, 1, 88488581, '2020-05-20', '14:20:57'),
(45855389, 1, 55645673, '2020-02-16', '20:40:57'),
(45914883, 1, 36318153, '2020-06-26', '15:18:07'),
(45998252, 1, 44003600, '2020-06-01', '13:35:17'),
(46007211, 1, 28594052, '2020-05-06', '18:35:48'),
(46086755, 1, 33281747, '2020-06-09', '16:27:46'),
(46103762, 1, 33939119, '2020-05-19', '14:48:20'),
(46124914, 1, 43506503, '2020-04-23', '13:23:05'),
(46315647, 1, 43649478, '2020-01-16', '11:50:44'),
(46396320, 1, 53011008, '2020-05-22', '15:24:07'),
(46408667, 1, 30564373, '2020-01-14', '19:06:05'),
(46465091, 1, 12268227, '2020-05-11', '22:29:59'),
(46492496, 1, 55812126, '2020-03-18', '14:07:21'),
(46566951, 1, 25513235, '2020-02-15', '12:10:39'),
(46605427, 1, 80319185, '2020-06-30', '20:39:45'),
(46635718, 1, 23464644, '2020-06-29', '17:36:23'),
(46643849, 1, 39852255, '2020-05-10', '15:32:24'),
(46653790, 1, 82146256, '2020-01-09', '21:57:17'),
(46697242, 1, 72088265, '2020-06-28', '18:07:57'),
(46723576, 1, 56266842, '2020-05-07', '21:51:50'),
(46831193, 1, 28624951, '2020-06-18', '18:56:48'),
(46866752, 1, 59812532, '2020-04-18', '12:54:35'),
(46933863, 1, 26572675, '2020-03-30', '18:35:29'),
(46941137, 1, 65039492, '2020-06-03', '14:34:59'),
(46945821, 1, 88907032, '2020-02-04', '22:43:53'),
(46947054, 1, 62525870, '2020-05-05', '22:54:43'),
(47025149, 1, 20774531, '2020-05-04', '15:03:10'),
(47073097, 1, 67439281, '2020-06-23', '16:13:38'),
(47243783, 1, 20259880, '2020-06-12', '20:09:14'),
(47281338, 1, 95910696, '2020-02-12', '14:44:55'),
(47299374, 1, 26750612, '2020-01-26', '11:29:23'),
(47319473, 1, 89043200, '2020-06-21', '13:38:19'),
(47335081, 1, 75744824, '2020-04-21', '16:44:57'),
(47351636, 1, 22206629, '2020-03-28', '11:22:57'),
(47458993, 1, 24419315, '2020-04-07', '14:28:18'),
(47468364, 1, 25262732, '2020-02-18', '20:14:06'),
(47471357, 1, 51477191, '2020-02-14', '22:21:07'),
(47500038, 1, 16911739, '2020-04-01', '21:42:43'),
(47601915, 1, 55242758, '2020-06-24', '18:24:43'),
(47624366, 1, 46185203, '2020-06-13', '20:40:08'),
(47624746, 1, 19156191, '2020-06-12', '12:22:41'),
(47744413, 1, 28185740, '2020-01-10', '22:56:39'),
(47767019, 1, 98594738, '2020-05-24', '15:47:25'),
(47771915, 1, 18720194, '2020-02-13', '20:08:15'),
(47780268, 1, 88711885, '2020-03-26', '17:19:47'),
(47845221, 1, 52851576, '2020-02-13', '19:15:17'),
(47933248, 1, 25449761, '2020-05-22', '16:17:35'),
(47973458, 1, 63937018, '2020-05-10', '17:47:10'),
(48164890, 1, 82998059, '2020-02-12', '11:26:30'),
(48315659, 1, 89804305, '2020-04-18', '22:22:10'),
(48317325, 1, 12509734, '2020-04-02', '18:49:08'),
(48339660, 1, 62077468, '2020-02-21', '18:24:02'),
(48393100, 1, 69231699, '2020-05-23', '16:45:41'),
(48453200, 1, 33151671, '2020-06-11', '21:20:53'),
(48459837, 1, 62860646, '2020-03-22', '12:59:25'),
(48489874, 1, 44188547, '2020-01-09', '22:44:02'),
(48493885, 1, 86886535, '2020-02-28', '21:57:01'),
(48527307, 1, 38706399, '2020-05-07', '20:44:34'),
(48692408, 1, 12631093, '2020-05-29', '18:30:49'),
(48714396, 1, 45041769, '2020-03-08', '19:28:41'),
(48762058, 1, 47352172, '2020-06-09', '18:45:11'),
(48861827, 1, 46992264, '2020-02-19', '13:31:27'),
(48904144, 1, 87028875, '2020-05-15', '18:02:58'),
(48911362, 1, 59744044, '2020-03-27', '15:33:14'),
(48985159, 1, 10644792, '2020-05-23', '15:16:38'),
(49028944, 1, 99725198, '2020-05-24', '18:55:33'),
(49039244, 1, 63448177, '2020-03-08', '19:45:22'),
(49052214, 1, 25718514, '2020-03-16', '13:39:29'),
(49070553, 1, 77145097, '2020-06-27', '21:30:05'),
(49119305, 1, 77996830, '2020-02-18', '18:26:27'),
(49155637, 1, 84862396, '2020-01-26', '17:01:04'),
(49264795, 1, 95115958, '2020-04-10', '21:43:34'),
(49278667, 1, 49246189, '2020-01-14', '17:31:17'),
(49283371, 1, 93961646, '2020-05-08', '13:30:24'),
(49341569, 1, 14248332, '2020-06-13', '12:33:33'),
(49428332, 1, 63797432, '2020-04-04', '21:25:21'),
(49578761, 1, 95253311, '2020-06-24', '11:27:27'),
(49602094, 1, 65657040, '2020-04-06', '12:08:47'),
(49987449, 1, 48338743, '2020-02-04', '20:51:20'),
(50031843, 1, 63784890, '2020-04-07', '15:34:38'),
(50203882, 1, 59903106, '2020-01-28', '16:10:49'),
(50238408, 1, 24184851, '2020-03-31', '22:51:46'),
(50328838, 1, 39105124, '2020-05-30', '15:23:06'),
(50355643, 1, 29499076, '2020-03-23', '12:55:06'),
(50368201, 1, 35628068, '2020-01-03', '13:16:49'),
(50389858, 1, 66985831, '2020-02-05', '18:20:25'),
(50411326, 1, 63222233, '2020-02-08', '16:40:17'),
(50616265, 1, 21610334, '2020-01-14', '19:10:59'),
(50713754, 1, 63224544, '2020-03-31', '15:36:03'),
(50773511, 1, 18124316, '2020-01-15', '17:12:08'),
(50946325, 1, 66285088, '2020-06-26', '11:42:17'),
(50985569, 1, 55413717, '2020-05-22', '15:31:20'),
(51011419, 1, 15389719, '2020-03-05', '17:34:04'),
(51069425, 1, 20030413, '2020-01-07', '19:16:50'),
(51123762, 1, 59507794, '2020-04-18', '16:20:14'),
(51176261, 1, 52466017, '2020-01-20', '18:29:41'),
(51260405, 1, 19182984, '2020-04-02', '15:57:58'),
(51601157, 1, 12244530, '2020-06-06', '21:56:26'),
(51725255, 1, 39771605, '2020-03-01', '22:04:50'),
(51821059, 1, 37669587, '2020-03-31', '14:11:13'),
(51872990, 1, 63550378, '2020-01-01', '20:13:40'),
(51878899, 1, 99732998, '2020-05-21', '16:24:38'),
(51950492, 1, 30692290, '2020-02-07', '11:21:30'),
(51965893, 1, 62122338, '2020-05-09', '15:36:21'),
(52027878, 1, 87571273, '2020-06-09', '13:39:32'),
(52050664, 1, 23826675, '2020-01-05', '20:10:50'),
(52074747, 1, 35578549, '2020-06-26', '17:52:10'),
(52264147, 1, 42443964, '2020-06-17', '18:49:29'),
(52302838, 1, 37941144, '2020-02-11', '15:02:19'),
(52314595, 1, 93606365, '2020-06-25', '20:53:05'),
(52416970, 1, 96051617, '2020-05-01', '20:29:06'),
(52418240, 1, 47030696, '2020-06-06', '13:13:19'),
(52457211, 1, 48640814, '2020-06-15', '14:04:05'),
(52488831, 1, 38951246, '2020-02-04', '17:28:28'),
(52650994, 1, 33474248, '2020-05-13', '16:10:09'),
(52655684, 1, 60803831, '2020-04-02', '18:22:00'),
(52657774, 1, 44662169, '2020-03-08', '15:32:51'),
(52682745, 1, 39285817, '2020-02-23', '12:01:51'),
(52708480, 1, 37215820, '2020-04-11', '21:42:17'),
(52739031, 1, 18732059, '2020-04-09', '22:49:33'),
(52845473, 1, 63202863, '2020-03-29', '22:10:47'),
(52912786, 1, 33530104, '2020-01-27', '12:43:55'),
(52933625, 1, 11923895, '2020-04-30', '12:45:31'),
(52992592, 1, 89835935, '2020-03-04', '16:40:38'),
(53102896, 1, 56054352, '2020-04-02', '22:25:15'),
(53104696, 1, 77035332, '2020-06-30', '21:26:43'),
(53367266, 1, 33917347, '2020-04-14', '16:10:58'),
(53559073, 1, 96901920, '2020-05-13', '13:56:43'),
(53591073, 1, 17517894, '2020-02-22', '19:53:46'),
(53647848, 1, 25129233, '2020-05-17', '19:28:46'),
(53653869, 1, 83613499, '2020-05-13', '16:28:46'),
(53784533, 1, 19143095, '2020-02-04', '16:08:33'),
(53839567, 1, 31473394, '2020-02-07', '12:56:25'),
(53867678, 1, 86887811, '2020-04-10', '11:48:48'),
(53889575, 1, 84413480, '2020-06-09', '11:54:17'),
(53908742, 1, 79558234, '2020-02-05', '12:21:27'),
(54039623, 1, 52684372, '2020-06-16', '12:00:10'),
(54172574, 1, 13660765, '2020-05-25', '17:12:54'),
(54183088, 1, 69615294, '2020-04-30', '12:58:05'),
(54416796, 1, 71460273, '2020-05-19', '17:12:22'),
(54460486, 1, 20387181, '2020-04-29', '14:25:52'),
(54501741, 1, 23389008, '2020-03-07', '22:36:47'),
(54526163, 1, 28103482, '2020-04-02', '19:48:33'),
(54636496, 1, 73141535, '2020-01-29', '20:57:20'),
(54645838, 1, 99060206, '2020-05-08', '14:01:25'),
(54959724, 1, 25790713, '2020-02-06', '15:23:35'),
(54978229, 1, 24148256, '2020-01-22', '20:21:48'),
(55073960, 1, 71586190, '2020-06-26', '16:48:03'),
(55193208, 1, 59482557, '2020-05-08', '20:32:57'),
(55296043, 1, 40378666, '2020-04-20', '15:25:42'),
(55320955, 1, 74174215, '2020-05-31', '12:56:09'),
(55329953, 1, 64472828, '2020-01-11', '18:16:54'),
(55352455, 1, 33330130, '2020-02-09', '11:33:43'),
(55538595, 1, 95654387, '2020-01-29', '11:08:27'),
(55667461, 1, 28678369, '2020-02-05', '22:21:58'),
(55755919, 1, 64369965, '2020-03-02', '18:08:49'),
(55758638, 1, 27579898, '2020-01-17', '20:53:10'),
(55783405, 1, 90586825, '2020-06-09', '21:34:11'),
(55903309, 1, 74824590, '2020-02-09', '18:08:47'),
(56037933, 1, 96494811, '2020-06-09', '19:41:30'),
(56094347, 1, 20484380, '2020-05-09', '16:49:25'),
(56112221, 1, 26761418, '2020-02-09', '21:39:39'),
(56138354, 1, 10743126, '2020-05-25', '12:37:46'),
(56328203, 1, 33582297, '2020-04-07', '15:33:37'),
(56566358, 1, 64386223, '2020-02-23', '12:56:42'),
(56610587, 1, 61228382, '2020-02-19', '17:30:57'),
(56714888, 1, 55340557, '2020-04-29', '14:48:45'),
(56770434, 1, 28815386, '2020-05-25', '15:15:59'),
(56830465, 1, 78455999, '2020-06-13', '16:58:05'),
(56986965, 1, 40877655, '2020-05-08', '12:43:44'),
(57058152, 1, 95273344, '2020-02-12', '18:54:59'),
(57136503, 1, 26721000, '2020-06-02', '22:58:29'),
(57291537, 1, 91930192, '2020-04-06', '18:50:38'),
(57367124, 1, 22678477, '2020-02-20', '17:17:31'),
(57514263, 1, 68104722, '2020-03-01', '11:21:07'),
(57547861, 1, 22237113, '2020-01-10', '11:30:14'),
(57549802, 1, 34227409, '2020-01-17', '22:34:47'),
(57573139, 1, 51232415, '2020-02-20', '11:07:22'),
(57624130, 1, 97086476, '2020-02-24', '16:12:03'),
(57765108, 1, 88141319, '2020-01-05', '20:39:21'),
(57801574, 1, 20836116, '2020-01-15', '21:34:15'),
(57801985, 1, 73695807, '2020-05-11', '12:40:18'),
(58256307, 1, 32496115, '2020-02-16', '15:01:01'),
(58276848, 1, 46024958, '2020-04-21', '21:06:37'),
(58401066, 1, 76185398, '2020-03-03', '11:59:21'),
(58519184, 1, 14273169, '2020-01-16', '14:35:49'),
(58530484, 1, 78630256, '2020-06-02', '16:57:12'),
(58557105, 1, 65059360, '2020-03-13', '20:50:35'),
(58612006, 1, 13439593, '2020-02-19', '16:32:39'),
(58690183, 1, 20573049, '2020-04-10', '17:58:39'),
(58707874, 1, 30928557, '2020-03-01', '18:59:03'),
(58818705, 1, 58260386, '2020-03-16', '16:56:54'),
(58840611, 1, 43881091, '2020-01-09', '13:03:46'),
(58897657, 1, 80750543, '2020-02-19', '13:17:19'),
(58901813, 1, 34894517, '2020-01-22', '20:47:34'),
(58973073, 1, 23450147, '2020-03-23', '11:27:23'),
(59051730, 1, 91794126, '2020-05-05', '19:58:38'),
(59068081, 1, 17742397, '2020-04-15', '19:48:24'),
(59156018, 1, 65522727, '2020-02-12', '18:14:22'),
(59194486, 1, 64287320, '2020-04-03', '20:12:02'),
(59195847, 1, 51817437, '2020-05-31', '15:07:49'),
(59283446, 1, 26814897, '2020-02-17', '22:28:02'),
(59286674, 1, 44266029, '2020-04-22', '15:00:15'),
(59404503, 1, 82165439, '2020-01-17', '14:57:48'),
(59412022, 1, 78500883, '2020-03-08', '15:13:39'),
(59436097, 1, 34639809, '2020-05-29', '15:59:51'),
(59524603, 1, 60060535, '2020-05-19', '17:52:18'),
(59644983, 1, 46327887, '2020-02-05', '11:18:07'),
(59651440, 1, 99885457, '2020-02-29', '13:41:23'),
(59656586, 1, 78270701, '2020-03-17', '15:40:56'),
(59678922, 1, 31157644, '2020-05-04', '18:03:25'),
(59715158, 1, 65084385, '2020-02-13', '22:45:16'),
(59808093, 1, 20302443, '2020-06-01', '22:01:36'),
(59808973, 1, 71923337, '2020-06-17', '22:34:24'),
(59847656, 1, 82215826, '2020-06-23', '18:29:00'),
(59947152, 1, 64377931, '2020-05-10', '18:42:29'),
(59984221, 1, 29544622, '2020-06-01', '16:48:13'),
(60155522, 1, 28901933, '2020-06-26', '20:44:59'),
(60235839, 1, 66355366, '2020-05-26', '20:36:07'),
(60352690, 1, 80872938, '2020-02-04', '12:33:36'),
(60381913, 1, 33163863, '2020-06-23', '20:15:28'),
(60429539, 1, 88173703, '2020-05-25', '16:31:56'),
(60487036, 1, 57613938, '2020-01-27', '16:04:07'),
(60505381, 1, 14908527, '2020-04-18', '11:27:54'),
(60600135, 1, 35205918, '2020-02-15', '17:35:36'),
(60612582, 1, 34521716, '2020-01-31', '21:29:29'),
(60631481, 1, 64201946, '2020-04-19', '12:03:06'),
(60680811, 1, 73277714, '2020-03-18', '12:27:08'),
(60728233, 1, 54619167, '2020-06-26', '21:25:57'),
(60746806, 1, 47363294, '2020-04-03', '19:17:45'),
(60797491, 1, 93145526, '2020-01-18', '22:35:41'),
(60825107, 1, 11044225, '2020-05-23', '14:37:02'),
(60841916, 1, 14651679, '2020-03-21', '16:54:18'),
(60856771, 1, 48051663, '2020-02-20', '20:32:25'),
(61053459, 1, 46357845, '2020-06-17', '14:52:21'),
(61062781, 1, 32493904, '2020-04-13', '15:28:45'),
(61076382, 1, 10828288, '2020-03-07', '12:25:13'),
(61089355, 1, 72294163, '2020-02-28', '14:58:52'),
(61192716, 1, 56166960, '2020-07-01', '14:13:19'),
(61195275, 1, 76010691, '2020-06-10', '17:53:47'),
(61249151, 1, 95817890, '2020-01-31', '13:08:59'),
(61309205, 1, 68228863, '2020-04-19', '19:11:13'),
(61485366, 1, 86587642, '2020-04-17', '13:49:14'),
(61535564, 1, 25327122, '2020-02-22', '12:04:52'),
(61689121, 1, 93992566, '2020-01-24', '16:24:48'),
(61745139, 1, 47314781, '2020-05-24', '16:21:06'),
(61830074, 1, 56906104, '2020-02-13', '19:54:51'),
(61877498, 1, 40035179, '2020-04-02', '15:57:11'),
(61879118, 1, 27816022, '2020-05-30', '17:18:45'),
(62020770, 1, 16900827, '2020-02-07', '18:11:41'),
(62043336, 1, 69992134, '2020-05-03', '15:17:20'),
(62070236, 1, 31457804, '2020-05-04', '18:57:11'),
(62072005, 1, 27159147, '2020-06-24', '20:12:04'),
(62084842, 1, 95318058, '2020-05-28', '14:57:50'),
(62171675, 1, 63241303, '2020-03-08', '13:54:36'),
(62213436, 1, 49397593, '2020-04-29', '18:42:55'),
(62215152, 1, 62342767, '2020-01-03', '22:17:14'),
(62255979, 1, 56268208, '2020-01-26', '12:19:58'),
(62266028, 1, 61130335, '2020-05-18', '20:04:58'),
(62349770, 1, 16465130, '2020-06-15', '15:29:56'),
(62376142, 1, 16997926, '2020-02-21', '16:06:56'),
(62382690, 1, 97393837, '2020-05-22', '19:34:02'),
(62398509, 1, 94655766, '2020-05-21', '12:56:29'),
(62476830, 1, 29102846, '2020-06-14', '17:29:58'),
(62631307, 1, 88110231, '2020-02-04', '20:42:26'),
(62728655, 1, 91387295, '2020-05-04', '13:14:49'),
(62753718, 1, 12003540, '2020-01-21', '18:59:58'),
(62769426, 1, 43309441, '2020-06-23', '16:25:25'),
(62838357, 1, 40627563, '2020-04-17', '11:45:39'),
(62893797, 1, 91676710, '2020-06-04', '12:59:35'),
(62974992, 1, 27083137, '2020-04-30', '16:11:59'),
(63019997, 1, 14268792, '2020-03-19', '13:35:19'),
(63099833, 1, 60596359, '2020-01-29', '22:24:16'),
(63152006, 1, 28359837, '2020-05-26', '13:51:36'),
(63233846, 1, 31439140, '2020-02-20', '17:23:42'),
(63267731, 1, 24743847, '2020-02-02', '13:00:36'),
(63322170, 1, 57863838, '2020-03-10', '17:42:15'),
(63341140, 1, 82468444, '2020-01-19', '19:49:41'),
(63369895, 1, 81538932, '2020-03-01', '16:25:51'),
(63400811, 1, 37851428, '2020-02-16', '19:56:39'),
(63443469, 1, 74475983, '2020-05-24', '17:33:21'),
(63444732, 1, 47655939, '2020-06-12', '12:45:08'),
(63447500, 1, 93787394, '2020-05-10', '15:52:11'),
(63503216, 1, 92457115, '2020-04-08', '21:19:19'),
(63517733, 1, 77235522, '2020-02-26', '19:27:13'),
(63566538, 1, 65611647, '2020-05-08', '19:39:11'),
(63697676, 1, 85803838, '2020-01-16', '11:15:22'),
(63714182, 1, 69232234, '2020-03-26', '16:30:13'),
(63776489, 1, 62883490, '2020-06-25', '12:41:02'),
(63853601, 1, 83730763, '2020-02-09', '13:40:00'),
(64083916, 1, 82070218, '2020-03-09', '12:03:54'),
(64096818, 1, 56618209, '2020-01-25', '18:37:30'),
(64108427, 1, 24877099, '2020-04-03', '15:09:56'),
(64138445, 1, 93088107, '2020-05-21', '11:13:27'),
(64171892, 1, 27572926, '2020-01-25', '20:27:11'),
(64243050, 1, 97281485, '2020-03-23', '13:03:14'),
(64277546, 1, 93780504, '2020-03-15', '14:13:36'),
(64332889, 1, 31087446, '2020-06-16', '22:43:22'),
(64507559, 1, 30666597, '2020-01-31', '15:39:56'),
(64522038, 1, 11935989, '2020-01-03', '17:00:42'),
(64563612, 1, 89084322, '2020-02-29', '11:53:02'),
(64686506, 1, 81265807, '2020-06-05', '21:08:31'),
(64788864, 1, 70824411, '2020-05-28', '20:07:35'),
(64798298, 1, 66156850, '2020-05-05', '19:02:35'),
(64832383, 1, 22164126, '2020-01-01', '11:30:37'),
(64857371, 1, 63397674, '2020-04-03', '21:49:01'),
(64939289, 1, 61147276, '2020-04-13', '15:51:22'),
(64991852, 1, 80636342, '2020-06-07', '13:53:04'),
(65063501, 1, 27335829, '2020-06-25', '15:26:48'),
(65127257, 1, 83467752, '2020-01-12', '15:57:33'),
(65455578, 1, 48889777, '2020-02-17', '17:17:08'),
(65468898, 1, 86383491, '2020-05-31', '18:40:19'),
(65543013, 1, 74604908, '2020-04-17', '22:59:16'),
(65626582, 1, 26976933, '2020-03-25', '14:13:51'),
(65733457, 1, 43162565, '2020-04-14', '13:11:00'),
(65744955, 1, 16285912, '2020-04-29', '13:30:02'),
(65758798, 1, 32626917, '2020-05-27', '16:07:25'),
(65765626, 1, 26737964, '2020-05-08', '13:52:49'),
(65829352, 1, 86775009, '2020-01-19', '22:08:45'),
(65854275, 1, 82973493, '2020-05-18', '15:12:23'),
(65995842, 1, 57779518, '2020-02-08', '20:01:35'),
(66029070, 1, 83691475, '2020-06-11', '22:08:11'),
(66084785, 1, 58165421, '2020-03-02', '13:16:46'),
(66164438, 1, 85898707, '2020-04-01', '12:07:29'),
(66197589, 1, 34029202, '2020-06-26', '15:30:36'),
(66216441, 1, 19765977, '2020-05-05', '18:14:27'),
(66233746, 1, 51539897, '2020-05-23', '14:05:57'),
(66252148, 1, 51273145, '2020-05-18', '17:37:13'),
(66274475, 1, 88456118, '2020-02-15', '13:59:24'),
(66336683, 1, 13062101, '2020-06-28', '14:35:27'),
(66352688, 1, 25962369, '2020-01-16', '19:01:23'),
(66359063, 1, 39009512, '2020-07-02', '13:16:16'),
(66483192, 1, 58599614, '2020-05-05', '17:27:07'),
(66686747, 1, 90161007, '2020-01-03', '17:27:15'),
(66743933, 1, 18552302, '2020-05-18', '15:40:14'),
(66897001, 1, 55676853, '2020-06-30', '17:05:45'),
(66953357, 1, 39211157, '2020-04-15', '16:22:17'),
(67003578, 1, 50598250, '2020-06-29', '13:11:30'),
(67190370, 1, 72797855, '2020-05-22', '19:25:10'),
(67313890, 1, 50530675, '2020-06-15', '21:06:06'),
(67334319, 1, 13465850, '2020-03-22', '20:53:18'),
(67461340, 1, 17005375, '2020-01-17', '20:12:01'),
(67484818, 1, 74196932, '2020-05-31', '16:10:06'),
(67595902, 1, 20564636, '2020-01-18', '17:46:37'),
(67638516, 1, 39426363, '2020-06-24', '13:05:51'),
(67662559, 1, 72366496, '2020-02-05', '15:14:33'),
(67700918, 1, 83107194, '2020-03-24', '21:03:24'),
(67734056, 1, 21970854, '2020-02-27', '12:16:35'),
(67815104, 1, 89570227, '2020-03-09', '22:57:02'),
(67892752, 1, 74141625, '2020-04-20', '16:56:18'),
(67924519, 1, 73915677, '2020-05-21', '11:41:40');
INSERT INTO `invoice` (`Invoice_ID`, `Store_ID`, `Customer_Order_ID`, `Date`, `Time`) VALUES
(68146225, 1, 14292144, '2020-05-03', '19:10:26'),
(68151420, 1, 87344373, '2020-03-07', '20:54:51'),
(68168194, 1, 79238047, '2020-05-04', '21:11:08'),
(68219770, 1, 33376162, '2020-03-07', '21:19:01'),
(68419494, 1, 63437224, '2020-04-30', '19:57:55'),
(68475667, 1, 55987804, '2020-01-21', '14:47:52'),
(68544212, 1, 26722733, '2020-06-17', '22:49:15'),
(68552974, 1, 52517083, '2020-01-30', '15:00:58'),
(68636153, 1, 96275910, '2020-02-20', '11:16:30'),
(68659318, 1, 91294188, '2020-05-16', '20:59:17'),
(68979481, 1, 99931265, '2020-01-07', '22:38:29'),
(68987024, 1, 69618420, '2020-03-02', '18:15:06'),
(69073847, 1, 32972887, '2020-02-22', '13:35:19'),
(69106425, 1, 47711612, '2020-03-11', '17:43:24'),
(69246383, 1, 12847101, '2020-03-13', '19:12:04'),
(69272768, 1, 68849191, '2020-01-14', '22:39:34'),
(69319590, 1, 60069303, '2020-03-20', '17:52:13'),
(69354725, 1, 89625460, '2020-06-24', '15:33:42'),
(69372997, 1, 44497721, '2020-04-03', '15:00:16'),
(69535396, 1, 68203739, '2020-04-14', '19:42:51'),
(69647014, 1, 37328054, '2020-02-12', '19:13:52'),
(69660513, 1, 94038561, '2020-04-16', '14:41:52'),
(69663693, 1, 87652355, '2020-04-24', '12:16:35'),
(69692378, 1, 17298014, '2020-04-16', '17:08:27'),
(69761259, 1, 66966434, '2020-05-31', '11:04:23'),
(69847559, 1, 42378550, '2020-05-30', '19:09:42'),
(69873554, 1, 55091440, '2020-01-02', '17:19:14'),
(69895414, 1, 55039891, '2020-05-12', '11:08:45'),
(69964539, 1, 83244801, '2020-06-20', '21:56:20'),
(70100874, 1, 32396834, '2020-03-19', '22:31:04'),
(70125837, 1, 15404632, '2020-02-03', '14:24:51'),
(70179446, 1, 53951505, '2020-06-06', '18:22:39'),
(70330566, 1, 40797847, '2020-05-28', '15:10:18'),
(70344743, 1, 45274166, '2020-01-03', '22:55:22'),
(70375914, 1, 39396508, '2020-01-04', '20:57:16'),
(70541731, 1, 12325701, '2020-06-24', '17:14:35'),
(70552884, 1, 37591988, '2020-01-10', '20:59:55'),
(70605903, 1, 81834034, '2020-02-06', '13:11:55'),
(70651630, 1, 31512288, '2020-02-19', '11:04:16'),
(70659972, 1, 95489130, '2020-05-16', '17:33:39'),
(70680729, 1, 24131327, '2020-02-04', '20:44:35'),
(70835129, 1, 83761083, '2020-03-20', '14:02:55'),
(71099134, 1, 46390964, '2020-03-24', '21:48:27'),
(71110720, 1, 19394861, '2020-06-13', '16:32:09'),
(71120645, 1, 48013978, '2020-02-23', '12:26:39'),
(71148871, 1, 74381710, '2020-05-07', '11:23:19'),
(71174615, 1, 50741144, '2020-03-26', '20:12:13'),
(71233704, 1, 53587066, '2020-02-05', '13:27:05'),
(71260405, 1, 13692503, '2020-01-29', '22:37:53'),
(71269071, 1, 38181477, '2020-04-02', '12:31:32'),
(71280110, 1, 45552612, '2020-02-01', '15:14:30'),
(71311604, 1, 79924162, '2020-05-16', '14:11:44'),
(71318215, 1, 82277588, '2020-04-06', '15:51:58'),
(71324838, 1, 48597647, '2020-02-08', '14:57:51'),
(71330469, 1, 83056732, '2020-01-09', '18:47:14'),
(71348062, 1, 59017268, '2020-02-19', '20:29:10'),
(71354784, 1, 71281493, '2020-05-04', '15:51:55'),
(71363280, 1, 70399971, '2020-02-27', '11:51:35'),
(71427869, 1, 94741173, '2020-05-11', '19:40:42'),
(71457511, 1, 88369489, '2020-03-30', '22:40:56'),
(71492377, 1, 80041224, '2020-02-09', '13:11:47'),
(71524703, 1, 72250235, '2020-06-08', '18:01:13'),
(71563477, 1, 63266025, '2020-02-24', '11:15:55'),
(71607490, 1, 36339571, '2020-03-27', '16:50:01'),
(71697271, 1, 84004874, '2020-02-21', '17:20:57'),
(71725802, 1, 37668701, '2020-01-18', '15:22:35'),
(71728244, 1, 80691485, '2020-04-29', '13:31:02'),
(71749914, 1, 69679195, '2020-03-24', '11:22:24'),
(71750850, 1, 97620348, '2020-03-31', '21:47:51'),
(71846158, 1, 78577506, '2020-03-17', '16:29:25'),
(71875622, 1, 30022381, '2020-02-05', '15:16:15'),
(71924738, 1, 68009299, '2020-06-07', '20:38:26'),
(71945349, 1, 29427907, '2020-04-08', '11:45:36'),
(72181086, 1, 16032444, '2020-04-12', '11:08:46'),
(72190694, 1, 18142095, '2020-06-23', '13:18:49'),
(72227982, 1, 16484289, '2020-05-23', '11:47:28'),
(72264600, 1, 92042632, '2020-06-24', '12:59:36'),
(72392715, 1, 60341256, '2020-03-16', '18:53:01'),
(72492969, 1, 82547109, '2020-07-02', '11:11:11'),
(72522532, 1, 21217662, '2020-01-16', '18:13:07'),
(72552130, 1, 76918766, '2020-01-01', '11:37:59'),
(72578910, 1, 28953549, '2020-05-01', '14:30:14'),
(72592859, 1, 65415045, '2020-04-19', '17:26:38'),
(72672827, 1, 56021287, '2020-02-14', '16:34:47'),
(72709925, 1, 82881333, '2020-06-04', '17:02:07'),
(72783629, 1, 72212273, '2020-02-21', '18:44:39'),
(72857107, 1, 48783903, '2020-03-22', '17:06:26'),
(72890227, 1, 37616308, '2020-03-01', '21:40:34'),
(72953606, 1, 54277039, '2020-01-26', '11:14:29'),
(72974339, 1, 36829454, '2020-02-29', '11:23:14'),
(72987778, 1, 16053236, '2020-05-13', '19:19:09'),
(73051806, 1, 48741875, '2020-07-01', '22:53:07'),
(73052876, 1, 11191198, '2020-06-09', '21:49:15'),
(73154261, 1, 74533014, '2020-04-13', '15:06:54'),
(73449321, 1, 55372721, '2020-01-22', '13:15:48'),
(73551042, 1, 63086268, '2020-02-24', '21:00:19'),
(73552910, 1, 66825877, '2020-02-28', '11:51:12'),
(73554351, 1, 27510716, '2020-01-23', '14:08:48'),
(73665604, 1, 77569501, '2020-04-10', '15:52:59'),
(73696739, 1, 55668255, '2020-01-14', '22:17:53'),
(73947359, 1, 99593630, '2020-04-30', '16:49:21'),
(73966429, 1, 59289715, '2020-01-21', '11:50:20'),
(74000082, 1, 87054955, '2020-06-15', '22:23:35'),
(74021606, 1, 40648296, '2020-04-09', '20:48:46'),
(74080534, 1, 60776343, '2020-06-25', '16:04:10'),
(74220994, 1, 15489080, '2020-05-27', '12:24:07'),
(74588963, 1, 70240437, '2020-05-18', '22:31:00'),
(74606241, 1, 87979176, '2020-04-06', '11:07:38'),
(74615710, 1, 61238981, '2020-01-21', '20:35:17'),
(74810464, 1, 83489471, '2020-01-03', '18:56:12'),
(74900163, 1, 63113801, '2020-06-22', '12:03:50'),
(74922776, 1, 54283501, '2020-02-10', '15:43:46'),
(75112498, 1, 25236357, '2020-01-02', '17:37:16'),
(75145738, 1, 99852739, '2020-02-20', '12:35:04'),
(75249498, 1, 59627528, '2020-02-07', '16:26:02'),
(75312030, 1, 96835297, '2020-02-04', '14:35:40'),
(75346949, 1, 40247719, '2020-05-20', '16:42:31'),
(75429383, 1, 15619474, '2020-03-22', '20:56:01'),
(75465620, 1, 50444415, '2020-03-04', '21:23:14'),
(75467647, 1, 45855887, '2020-03-13', '13:58:47'),
(75483007, 1, 23120246, '2020-04-27', '15:40:46'),
(75520340, 1, 84848921, '2020-04-08', '17:25:51'),
(75577657, 1, 57955467, '2020-04-25', '15:42:25'),
(75766002, 1, 16225037, '2020-01-23', '16:39:43'),
(75891622, 1, 40970851, '2020-02-26', '17:39:25'),
(76054189, 1, 41591020, '2020-04-18', '19:13:50'),
(76195411, 1, 54455826, '2020-03-12', '13:08:05'),
(76221798, 1, 26928560, '2020-03-10', '15:07:56'),
(76241455, 1, 30690332, '2020-01-14', '15:07:33'),
(76302579, 1, 75511942, '2020-01-24', '15:50:43'),
(76369404, 1, 52560704, '2020-01-03', '19:36:16'),
(76430586, 1, 32952237, '2020-06-26', '20:03:16'),
(76528357, 1, 46580535, '2020-02-23', '15:00:45'),
(76617921, 1, 24777568, '2020-05-06', '19:50:02'),
(76628133, 1, 96258327, '2020-03-17', '22:35:44'),
(76668789, 1, 39993768, '2020-04-30', '14:26:02'),
(76778594, 1, 50824267, '2020-01-30', '17:58:09'),
(76795673, 1, 96025329, '2020-06-20', '11:39:56'),
(76852888, 1, 36184809, '2020-05-23', '14:04:46'),
(76879035, 1, 20421466, '2020-04-25', '16:52:41'),
(77099188, 1, 76419569, '2020-02-26', '18:57:39'),
(77102542, 1, 94205819, '2020-04-04', '13:55:38'),
(77116196, 1, 19160704, '2020-02-25', '17:17:55'),
(77203429, 1, 85088807, '2020-03-29', '15:21:37'),
(77218770, 1, 33279343, '2020-05-23', '15:13:07'),
(77428170, 1, 25423658, '2020-03-18', '16:14:19'),
(77482152, 1, 62340505, '2020-05-09', '20:31:38'),
(77534598, 1, 86680130, '2020-03-30', '17:51:56'),
(77550265, 1, 86806995, '2020-05-20', '16:06:35'),
(77782206, 1, 44299052, '2020-04-05', '11:54:24'),
(77843534, 1, 44496654, '2020-05-20', '21:20:39'),
(77877146, 1, 90095887, '2020-05-07', '20:56:57'),
(77907542, 1, 47068480, '2020-01-17', '15:13:44'),
(77977549, 1, 92137411, '2020-02-11', '16:09:18'),
(78007927, 1, 69595974, '2020-04-07', '17:19:41'),
(78054846, 1, 29569381, '2020-03-23', '19:20:43'),
(78143539, 1, 69601039, '2020-06-28', '12:52:48'),
(78194794, 1, 98964053, '2020-04-09', '15:48:09'),
(78275924, 1, 82311855, '2020-05-03', '21:32:51'),
(78435677, 1, 35794233, '2020-04-23', '15:34:57'),
(78498460, 1, 92857123, '2020-04-18', '14:25:56'),
(78571731, 1, 14905090, '2020-02-15', '18:14:49'),
(78700337, 1, 46627507, '2020-02-09', '17:07:51'),
(78772492, 1, 91512549, '2020-02-25', '20:34:31'),
(78778291, 1, 38204304, '2020-06-07', '21:43:59'),
(78807900, 1, 55295590, '2020-06-21', '22:12:37'),
(78929268, 1, 47393582, '2020-04-11', '18:30:41'),
(78974515, 1, 90498522, '2020-05-11', '13:49:41'),
(79034572, 1, 48018361, '2020-04-19', '16:49:32'),
(79087096, 1, 71208957, '2020-06-02', '15:04:21'),
(79105331, 1, 82909725, '2020-03-13', '20:58:59'),
(79131564, 1, 99234470, '2020-03-28', '14:56:17'),
(79206323, 1, 67051157, '2020-06-18', '20:51:20'),
(79332744, 1, 98040450, '2020-03-05', '19:25:34'),
(79367956, 1, 99351700, '2020-05-15', '16:21:39'),
(79374841, 1, 68615039, '2020-01-05', '17:47:05'),
(79424621, 1, 49108004, '2020-04-25', '20:23:50'),
(79511735, 1, 49227358, '2020-06-12', '14:55:59'),
(79600486, 1, 49482147, '2020-05-10', '20:28:49'),
(79626248, 1, 53341486, '2020-05-06', '11:45:01'),
(79852781, 1, 16429998, '2020-01-16', '11:22:18'),
(79882183, 1, 51440110, '2020-01-22', '13:09:14'),
(80029611, 1, 58824462, '2020-05-02', '16:37:23'),
(80041905, 1, 77934794, '2020-04-18', '11:18:05'),
(80222888, 1, 40837167, '2020-05-06', '19:24:35'),
(80242038, 1, 52305528, '2020-04-08', '17:07:54'),
(80333346, 1, 18719986, '2020-05-05', '16:18:59'),
(80348192, 1, 94977593, '2020-01-16', '17:44:13'),
(80353059, 1, 21787367, '2020-05-10', '16:27:23'),
(80393498, 1, 10257942, '2020-04-13', '16:24:29'),
(80468051, 1, 34864739, '2020-04-10', '14:55:48'),
(80523619, 1, 91343606, '2020-06-27', '12:11:02'),
(80855503, 1, 17384692, '2020-01-01', '15:03:02'),
(80863288, 1, 74535900, '2020-03-13', '14:21:59'),
(80919293, 1, 46034854, '2020-05-11', '14:51:00'),
(81103300, 1, 33738868, '2020-03-20', '19:59:21'),
(81105943, 1, 42668944, '2020-02-10', '20:24:34'),
(81111356, 1, 73298648, '2020-02-02', '13:49:36'),
(81182690, 1, 43305265, '2020-02-07', '16:05:57'),
(81183169, 1, 31043872, '2020-04-26', '20:23:32'),
(81191994, 1, 56666488, '2020-04-08', '22:00:29'),
(81277902, 1, 94351710, '2020-03-28', '21:12:35'),
(81280945, 1, 90381239, '2020-06-27', '22:01:05'),
(81342074, 1, 56550850, '2020-01-28', '15:28:13'),
(81351769, 1, 75720789, '2020-05-06', '14:28:46'),
(81686124, 1, 47623482, '2020-05-04', '11:43:19'),
(81888662, 1, 49629928, '2020-02-04', '19:55:27'),
(82068532, 1, 83326054, '2020-05-17', '22:59:41'),
(82183413, 1, 19794392, '2020-01-25', '16:28:09'),
(82186235, 1, 88233174, '2020-06-22', '12:30:08'),
(82227743, 1, 56207980, '2020-06-13', '14:06:39'),
(82259160, 1, 62495301, '2020-01-28', '12:12:04'),
(82350060, 1, 49603973, '2020-05-26', '19:56:23'),
(82392617, 1, 11546421, '2020-02-18', '12:32:26'),
(82406978, 1, 88307508, '2020-03-15', '19:18:51'),
(82450817, 1, 32826676, '2020-06-04', '14:30:04'),
(82513040, 1, 14736829, '2020-05-18', '21:51:13'),
(82724414, 1, 78061471, '2020-03-07', '17:26:01'),
(82749493, 1, 61354548, '2020-05-06', '14:51:25'),
(82754470, 1, 45667751, '2020-03-04', '11:08:25'),
(82844413, 1, 82314370, '2020-07-01', '15:36:18'),
(82849088, 1, 46069997, '2020-01-20', '22:42:21'),
(82866480, 1, 70353798, '2020-03-26', '21:16:53'),
(82880782, 1, 92776607, '2020-01-09', '18:51:29'),
(82924934, 1, 97041302, '2020-03-15', '14:47:34'),
(82929801, 1, 67136182, '2020-03-14', '20:58:53'),
(83151840, 1, 65533500, '2020-02-20', '22:51:43'),
(83215317, 1, 65738191, '2020-02-16', '20:51:24'),
(83223931, 1, 62751894, '2020-03-22', '19:12:52'),
(83249979, 1, 14410280, '2020-06-17', '11:07:07'),
(83268925, 1, 86944607, '2020-03-14', '20:57:57'),
(83340698, 1, 51361616, '2020-03-24', '19:32:41'),
(83342118, 1, 18167024, '2020-01-06', '13:10:37'),
(83394160, 1, 90556812, '2020-01-24', '22:34:18'),
(83458287, 1, 89114412, '2020-06-17', '21:44:36'),
(83626272, 1, 59004454, '2020-02-26', '20:25:41'),
(83640422, 1, 36925661, '2020-06-09', '16:11:00'),
(83664268, 1, 27452635, '2020-02-13', '15:41:25'),
(83716897, 1, 45455186, '2020-05-13', '12:19:45'),
(83734126, 1, 88045096, '2020-06-28', '20:47:27'),
(83757232, 1, 26611949, '2020-03-29', '14:29:09'),
(83783606, 1, 49525019, '2020-06-13', '13:46:49'),
(83793176, 1, 23648499, '2020-06-03', '13:26:48'),
(83811295, 1, 67532055, '2020-02-27', '11:26:54'),
(83824941, 1, 96608502, '2020-01-11', '14:24:24'),
(83830151, 1, 69071566, '2020-02-13', '21:55:44'),
(83881284, 1, 20533416, '2020-04-05', '18:06:36'),
(83905943, 1, 53678459, '2020-01-27', '13:50:49'),
(84018077, 1, 91398135, '2020-02-06', '20:04:39'),
(84060737, 1, 71467897, '2020-03-06', '16:30:10'),
(84089408, 1, 87430012, '2020-03-09', '20:21:09'),
(84117736, 1, 22651976, '2020-05-13', '21:04:06'),
(84169085, 1, 57248248, '2020-06-04', '17:50:37'),
(84336458, 1, 85068621, '2020-02-08', '20:27:01'),
(84374073, 1, 70487343, '2020-02-21', '21:35:15'),
(84478069, 1, 48452803, '2020-03-26', '18:33:35'),
(84631372, 1, 55378562, '2020-03-09', '20:16:23'),
(84744489, 1, 91131315, '2020-04-24', '15:47:26'),
(84751962, 1, 11337060, '2020-01-22', '12:11:03'),
(84801852, 1, 75315111, '2020-03-25', '21:07:31'),
(85024667, 1, 92602298, '2020-01-29', '20:23:22'),
(85049882, 1, 21177396, '2020-02-16', '13:13:01'),
(85089925, 1, 65760370, '2020-01-13', '14:29:12'),
(85290569, 1, 27906991, '2020-05-02', '22:00:24'),
(85423256, 1, 52503836, '2020-04-16', '20:52:09'),
(85603271, 1, 77813344, '2020-03-06', '11:03:37'),
(85646485, 1, 67997592, '2020-02-02', '21:01:06'),
(85674832, 1, 18809178, '2020-01-06', '12:04:51'),
(85760942, 1, 41356548, '2020-06-24', '22:44:03'),
(85867094, 1, 67154052, '2020-06-19', '18:32:17'),
(85891403, 1, 19741833, '2020-03-12', '17:44:52'),
(85918679, 1, 27047878, '2020-05-26', '12:40:16'),
(86016024, 1, 45527540, '2020-02-24', '13:36:16'),
(86049772, 1, 48374636, '2020-01-03', '14:22:43'),
(86181897, 1, 94217053, '2020-02-06', '11:34:12'),
(86243728, 1, 29590255, '2020-04-09', '18:39:19'),
(86299055, 1, 61016895, '2020-04-08', '11:19:04'),
(86456192, 1, 49874353, '2020-06-22', '13:39:44'),
(86619478, 1, 90205252, '2020-02-26', '13:28:36'),
(86654667, 1, 22221732, '2020-03-03', '11:35:04'),
(86886161, 1, 56245765, '2020-04-21', '18:27:18'),
(87136247, 1, 31524535, '2020-01-28', '17:34:53'),
(87241271, 1, 99524442, '2020-03-22', '17:28:18'),
(87366351, 1, 71530318, '2020-03-13', '13:46:35'),
(87584357, 1, 87298374, '2020-06-07', '19:31:33'),
(87701534, 1, 80956314, '2020-04-25', '20:42:24'),
(87704020, 1, 63844383, '2020-05-03', '15:08:15'),
(87807302, 1, 23468661, '2020-06-20', '12:04:22'),
(87869679, 1, 65406430, '2020-01-17', '12:23:42'),
(87877723, 1, 37034928, '2020-05-26', '19:42:38'),
(87929770, 1, 61883946, '2020-04-06', '16:45:57'),
(87950723, 1, 92179200, '2020-03-17', '20:16:25'),
(87953187, 1, 43591309, '2020-02-08', '17:58:14'),
(88025905, 1, 91174912, '2020-05-15', '19:09:42'),
(88051091, 1, 57031695, '2020-06-20', '12:25:09'),
(88066273, 1, 73375858, '2020-01-18', '19:30:23'),
(88231567, 1, 50146645, '2020-03-04', '18:10:15'),
(88267368, 1, 84302714, '2020-05-06', '11:25:44'),
(88356955, 1, 12072571, '2020-01-01', '19:13:14'),
(88373784, 1, 86296746, '2020-02-12', '12:50:30'),
(88485952, 1, 53691084, '2020-05-16', '12:49:52'),
(88488302, 1, 22334976, '2020-02-04', '14:11:43'),
(88509740, 1, 30727694, '2020-04-17', '19:15:31'),
(88599054, 1, 29569249, '2020-06-22', '17:50:43'),
(88684789, 1, 99009325, '2020-05-09', '11:10:39'),
(88828062, 1, 69223949, '2020-04-04', '11:02:01'),
(88914338, 1, 96990396, '2020-06-28', '21:44:00'),
(88990986, 1, 61728210, '2020-06-10', '19:40:13'),
(89107615, 1, 81191732, '2020-05-05', '11:45:39'),
(89370833, 1, 40872407, '2020-06-13', '11:18:11'),
(89428354, 1, 17683832, '2020-02-09', '15:25:11'),
(89502002, 1, 19675021, '2020-02-18', '19:49:30'),
(89508336, 1, 22262821, '2020-01-24', '17:11:23'),
(89663081, 1, 31378514, '2020-02-23', '19:22:20'),
(89707638, 1, 71321625, '2020-04-15', '13:59:51'),
(89938966, 1, 62458661, '2020-06-30', '20:24:00'),
(90007561, 1, 35131129, '2020-05-18', '11:00:58'),
(90011507, 1, 44009559, '2020-02-28', '11:45:20'),
(90045807, 1, 46387484, '2020-02-16', '20:10:40'),
(90125907, 1, 76613123, '2020-01-02', '17:17:26'),
(90230819, 1, 40739167, '2020-05-13', '14:23:44'),
(90240636, 1, 64730022, '2020-06-16', '14:11:23'),
(90298812, 1, 50339564, '2020-04-03', '21:17:32'),
(90298895, 1, 68314845, '2020-01-23', '13:04:45'),
(90324042, 1, 75618836, '2020-05-15', '12:25:58'),
(90425266, 1, 49296388, '2020-04-20', '22:08:14'),
(90472836, 1, 60037393, '2020-04-28', '15:40:20'),
(90472887, 1, 50357177, '2020-05-25', '22:39:29'),
(90488613, 1, 19987130, '2020-05-10', '17:13:00'),
(90489694, 1, 35416416, '2020-06-23', '17:59:20'),
(90537257, 1, 67845732, '2020-05-21', '15:04:30'),
(90572417, 1, 49014780, '2020-01-13', '20:35:55'),
(90620975, 1, 82090703, '2020-01-19', '22:15:35'),
(90958325, 1, 26774911, '2020-03-04', '18:33:12'),
(90972706, 1, 25132898, '2020-05-24', '21:07:47'),
(91017268, 1, 70698769, '2020-01-01', '14:05:44'),
(91126749, 1, 75534351, '2020-04-25', '13:46:33'),
(91137025, 1, 57270505, '2020-03-23', '14:04:39'),
(91252093, 1, 78038391, '2020-04-17', '20:24:08'),
(91265822, 1, 95330702, '2020-01-14', '19:19:11'),
(91272415, 1, 61423083, '2020-03-19', '20:58:46'),
(91274723, 1, 89589164, '2020-03-27', '16:38:10'),
(91290358, 1, 10468774, '2020-03-19', '21:59:43'),
(91300101, 1, 20991502, '2020-01-25', '12:13:35'),
(91352781, 1, 45370100, '2020-03-02', '21:10:27'),
(91366769, 1, 34905416, '2020-03-07', '21:57:27'),
(91376503, 1, 96003280, '2020-03-15', '13:02:23'),
(91463191, 1, 29991078, '2020-05-11', '19:51:22'),
(91518006, 1, 14974221, '2020-05-09', '15:34:08'),
(91555164, 1, 85098296, '2020-06-08', '22:59:58'),
(91561229, 1, 83690224, '2020-04-19', '11:48:01'),
(91677976, 1, 24813318, '2020-01-13', '21:51:07'),
(91714727, 1, 97211730, '2020-05-31', '21:21:40'),
(91731804, 1, 39409973, '2020-03-22', '20:55:56'),
(91853870, 1, 72458005, '2020-03-14', '18:16:46'),
(91989667, 1, 41977353, '2020-06-25', '11:36:46'),
(92009275, 1, 19413561, '2020-02-05', '15:51:40'),
(92066351, 1, 24614580, '2020-01-14', '16:12:45'),
(92196317, 1, 69421678, '2020-04-21', '14:42:08'),
(92241263, 1, 95823976, '2020-04-13', '12:48:59'),
(92291876, 1, 83379137, '2020-03-27', '12:38:32'),
(92380229, 1, 83706123, '2020-03-25', '21:48:54'),
(92380903, 1, 36869707, '2020-02-24', '21:18:17'),
(92507706, 1, 68949732, '2020-01-28', '11:54:00'),
(92545165, 1, 19337348, '2020-04-25', '15:24:00'),
(92549544, 1, 78701123, '2020-03-15', '19:39:33'),
(92579614, 1, 77357634, '2020-05-13', '19:37:14'),
(92717108, 1, 63576761, '2020-06-19', '19:21:53'),
(92724279, 1, 73990339, '2020-01-01', '13:50:22'),
(92753417, 1, 10470648, '2020-02-23', '13:00:04'),
(92837102, 1, 63669123, '2020-04-08', '18:11:31'),
(92903746, 1, 94131435, '2020-04-24', '16:14:01'),
(93015075, 1, 17397937, '2020-04-25', '18:43:32'),
(93109471, 1, 29939284, '2020-06-11', '17:04:36'),
(93186606, 1, 39848435, '2020-01-27', '14:00:42'),
(93208012, 1, 51186298, '2020-04-27', '12:57:59'),
(93282589, 1, 14905488, '2020-03-07', '15:27:22'),
(93325592, 1, 69888000, '2020-02-12', '12:59:29'),
(93469170, 1, 77879033, '2020-03-06', '14:02:06'),
(93564920, 1, 56604501, '2020-06-18', '12:47:02'),
(93609428, 1, 14766466, '2020-03-19', '21:48:55'),
(93641730, 1, 67704640, '2020-03-26', '18:43:24'),
(93646335, 1, 46675686, '2020-05-04', '21:33:06'),
(93830591, 1, 51866244, '2020-06-06', '15:30:36'),
(93864798, 1, 86101214, '2020-04-26', '14:18:45'),
(93983674, 1, 40294835, '2020-04-03', '22:35:42'),
(94012496, 1, 38119730, '2020-01-18', '11:15:13'),
(94108178, 1, 66675658, '2020-05-01', '19:50:35'),
(94108650, 1, 41690304, '2020-06-06', '21:41:24'),
(94134855, 1, 16674826, '2020-04-13', '18:11:29'),
(94286414, 1, 78112571, '2020-01-28', '12:21:49'),
(94317373, 1, 75050816, '2020-02-27', '15:49:24'),
(94319137, 1, 56532564, '2020-05-10', '21:39:02'),
(94334623, 1, 42556501, '2020-04-28', '19:13:49'),
(94347562, 1, 81734082, '2020-04-04', '13:31:36'),
(94383864, 1, 36308232, '2020-06-27', '15:13:01'),
(94440272, 1, 56448847, '2020-04-13', '11:33:51'),
(94522217, 1, 35662347, '2020-06-21', '19:58:15'),
(94538294, 1, 48952279, '2020-03-21', '19:56:50'),
(94586377, 1, 78954716, '2020-06-05', '13:31:32'),
(94636270, 1, 11814055, '2020-05-30', '14:47:56'),
(94637139, 1, 57331742, '2020-02-06', '21:58:05'),
(94715295, 1, 33611368, '2020-04-26', '21:46:47'),
(94746265, 1, 96088189, '2020-04-05', '21:16:49'),
(94930732, 1, 20914060, '2020-03-26', '17:11:53'),
(95068430, 1, 93990247, '2020-06-20', '14:46:55'),
(95096298, 1, 91077346, '2020-02-21', '11:22:48'),
(95155007, 1, 38690536, '2020-06-24', '19:10:20'),
(95183408, 1, 60951856, '2020-03-28', '19:53:12'),
(95213715, 1, 33411893, '2020-02-02', '16:46:40'),
(95274820, 1, 13051781, '2020-01-06', '19:57:37'),
(95285478, 1, 49203993, '2020-06-10', '14:55:28'),
(95391344, 1, 73360426, '2020-02-13', '21:13:04'),
(95411521, 1, 72925925, '2020-03-29', '20:08:04'),
(95419628, 1, 65239527, '2020-05-25', '19:08:45'),
(95467665, 1, 74953985, '2020-03-20', '13:52:48'),
(95510563, 1, 70546514, '2020-05-31', '17:53:19'),
(95690323, 1, 24173827, '2020-03-19', '14:53:36'),
(95719584, 1, 26345502, '2020-05-05', '15:39:39'),
(95739300, 1, 35693943, '2020-05-19', '15:48:44'),
(95739891, 1, 81125164, '2020-04-30', '22:34:28'),
(95792432, 1, 24130987, '2020-03-07', '14:46:32'),
(95805798, 1, 34703607, '2020-02-13', '12:28:25'),
(95840456, 1, 43917006, '2020-06-01', '21:05:50'),
(95876994, 1, 22629986, '2020-03-12', '13:31:58'),
(96093911, 1, 23291377, '2020-02-16', '12:04:33'),
(96123373, 1, 31687818, '2020-02-09', '14:23:17'),
(96160211, 1, 32458189, '2020-03-29', '15:06:43'),
(96265847, 1, 89487952, '2020-06-16', '17:19:30'),
(96294493, 1, 77264955, '2020-02-07', '19:48:05'),
(96313915, 1, 36637706, '2020-03-15', '17:47:47'),
(96314013, 1, 86646699, '2020-05-08', '19:37:45'),
(96522581, 1, 77225031, '2020-05-25', '20:38:51'),
(96631817, 1, 59281364, '2020-06-18', '22:49:33'),
(96723258, 1, 38273496, '2020-01-29', '19:08:09'),
(96773765, 1, 35421025, '2020-02-13', '20:32:34'),
(96872705, 1, 51534187, '2020-05-29', '21:08:49'),
(96888074, 1, 42412390, '2020-05-18', '14:21:03'),
(96933401, 1, 13127260, '2020-01-25', '18:53:44'),
(96981157, 1, 96908596, '2020-02-21', '13:19:19'),
(97053861, 1, 19760402, '2020-03-17', '21:27:12'),
(97294188, 1, 64446235, '2020-06-11', '17:07:26'),
(97420174, 1, 47521651, '2020-06-24', '11:45:39'),
(97435970, 1, 65051911, '2020-02-28', '11:04:05'),
(97863997, 1, 85444597, '2020-06-04', '13:51:13'),
(97902906, 1, 52583329, '2020-03-27', '15:49:02'),
(97911081, 1, 27173312, '2020-01-30', '16:47:40'),
(98017756, 1, 59533554, '2020-03-29', '18:51:09'),
(98040888, 1, 97977659, '2020-04-18', '15:56:10'),
(98080220, 1, 70161635, '2020-06-09', '17:48:10'),
(98165272, 1, 37245391, '2020-02-22', '12:53:47'),
(98328373, 1, 39501832, '2020-02-04', '12:18:12'),
(98361720, 1, 90582568, '2020-05-01', '16:48:09'),
(98462653, 1, 24005518, '2020-02-25', '22:59:28'),
(98534565, 1, 28828642, '2020-01-06', '17:25:35'),
(98662601, 1, 46221360, '2020-06-28', '22:03:42'),
(98705250, 1, 93607491, '2020-01-06', '20:32:26'),
(98708699, 1, 95540274, '2020-06-02', '17:52:46'),
(98715309, 1, 42326796, '2020-06-24', '11:16:25'),
(98739503, 1, 46400913, '2020-01-07', '21:30:27'),
(98870472, 1, 34653397, '2020-03-25', '18:03:27'),
(98892093, 1, 21176511, '2020-05-26', '16:54:45'),
(98893030, 1, 45078114, '2020-04-24', '13:08:23'),
(98943683, 1, 27865830, '2020-05-19', '15:36:42'),
(98974567, 1, 23724593, '2020-01-21', '18:48:47'),
(99121172, 1, 28032695, '2020-06-22', '21:30:10'),
(99225506, 1, 99555546, '2020-04-24', '22:56:16'),
(99286116, 1, 20146158, '2020-03-03', '20:59:51'),
(99356830, 1, 79840006, '2020-04-03', '13:54:40'),
(99415683, 1, 40879695, '2020-01-25', '11:47:57'),
(99478388, 1, 85894918, '2020-01-13', '12:42:09'),
(99496354, 1, 52847521, '2020-03-26', '20:06:19'),
(99510824, 1, 19976295, '2020-02-12', '21:46:47'),
(99586053, 1, 16999886, '2020-06-26', '11:09:34'),
(99600973, 1, 10737238, '2020-05-20', '18:25:59'),
(99669175, 1, 17878231, '2020-05-03', '14:04:02'),
(99768129, 1, 26694037, '2020-01-18', '11:23:49'),
(99843942, 1, 12097283, '2020-05-27', '18:41:16'),
(99884392, 1, 71778944, '2020-06-07', '17:33:29'),
(99920744, 1, 40483011, '2020-01-26', '22:06:55'),
(99948482, 1, 35511707, '2020-01-13', '13:42:14'),
(99963795, 1, 31044452, '2020-01-07', '16:48:04');

-- --------------------------------------------------------

--
-- Table structure for table `invoice_line`
--

CREATE TABLE `invoice_line` (
  `Invoice_ID` int(8) NOT NULL,
  `Menu_Item_Num` int(8) NOT NULL,
  `Line_No` int(8) NOT NULL,
  `Quantity` int(5) NOT NULL
) ENGINE=InnoDB DEFAULT CHARSET=utf8mb4;

--
-- Dumping data for table `invoice_line`
--

INSERT INTO `invoice_line` (`Invoice_ID`, `Menu_Item_Num`, `Line_No`, `Quantity`) VALUES
(10053267, 7, 1, 2),
(10053267, 5, 2, 1),
(10053267, 9, 3, 1),
(10053267, 8, 4, 2),
(10078059, 3, 1, 1),
(10078059, 1, 2, 1),
(10125306, 5, 1, 1),
(10125306, 2, 2, 1),
(10125306, 10, 3, 1),
(10125306, 8, 4, 2),
(10191109, 5, 1, 1),
(10191109, 6, 2, 2),
(10221925, 8, 1, 2),
(10336397, 5, 1, 2),
(10336397, 1, 2, 1),
(10413448, 8, 1, 2),
(10413448, 2, 2, 1),
(10467291, 3, 1, 2),
(10467291, 5, 2, 2),
(10512309, 9, 1, 1),
(10512309, 7, 2, 1),
(10512309, 1, 3, 2),
(10512309, 5, 4, 2),
(10532914, 9, 1, 2),
(10532914, 4, 2, 1),
(10545292, 9, 1, 2),
(10545292, 3, 3, 2),
(10582103, 9, 1, 2),
(10582103, 7, 2, 2),
(10694783, 10, 1, 2),
(10694783, 8, 2, 2),
(10755581, 4, 1, 1),
(10755581, 10, 2, 1),
(10755581, 6, 3, 2),
(10771998, 1, 1, 1),
(10782254, 10, 1, 1),
(10782254, 8, 2, 2),
(10820645, 10, 1, 2),
(10820645, 2, 3, 1),
(10855119, 4, 1, 1),
(10855119, 6, 2, 3),
(10899786, 1, 1, 2),
(10899786, 8, 2, 1),
(10899786, 10, 3, 2),
(10900540, 1, 1, 1),
(10900540, 9, 2, 2),
(10900540, 7, 3, 1),
(10954194, 5, 1, 1),
(10954194, 9, 2, 1),
(11039347, 5, 1, 2),
(11039347, 3, 2, 1),
(11196771, 2, 1, 2),
(11196771, 7, 2, 1),
(11522575, 7, 1, 1),
(11522575, 5, 2, 2),
(11528865, 2, 1, 2),
(11528865, 4, 2, 1),
(11676956, 7, 1, 1),
(11676956, 1, 2, 2),
(11746367, 10, 1, 2),
(11746367, 3, 2, 1),
(11809609, 8, 1, 1),
(11809609, 4, 3, 2),
(11821870, 3, 1, 1),
(11821870, 6, 2, 1),
(11875060, 7, 1, 1),
(11875060, 6, 2, 1),
(11966562, 5, 1, 1),
(11966562, 8, 2, 2),
(11987056, 9, 1, 1),
(11987056, 2, 2, 1),
(12011248, 3, 1, 2),
(12011248, 4, 2, 1),
(12012453, 10, 1, 2),
(12012453, 7, 2, 1),
(12019693, 6, 1, 2),
(12019693, 9, 2, 1),
(12019693, 5, 3, 1),
(12083705, 1, 1, 1),
(12083705, 7, 2, 2),
(12191654, 3, 1, 1),
(12191654, 8, 2, 1),
(12217272, 5, 1, 1),
(12217272, 6, 2, 1),
(12217272, 3, 3, 1),
(12217272, 9, 4, 2),
(12231254, 8, 1, 2),
(12231254, 1, 2, 2),
(12231254, 3, 3, 1),
(12259867, 8, 1, 2),
(12259867, 10, 2, 1),
(12314226, 10, 1, 3),
(12314226, 7, 2, 1),
(12475426, 5, 1, 1),
(12475426, 10, 2, 1),
(12550967, 6, 1, 2),
(12550967, 9, 2, 2),
(12550967, 8, 3, 1),
(12666588, 2, 1, 2),
(12666588, 10, 2, 2),
(12748844, 10, 1, 2),
(12748844, 1, 2, 1),
(12748844, 9, 3, 1),
(12792990, 6, 1, 1),
(12792990, 1, 2, 1),
(12820893, 1, 1, 2),
(12820893, 6, 2, 1),
(12820893, 2, 3, 2),
(12880100, 6, 1, 2),
(12880100, 4, 2, 2),
(12880100, 1, 3, 1),
(12943352, 6, 1, 1),
(12943352, 1, 2, 2),
(13038731, 5, 1, 2),
(13038731, 2, 2, 1),
(13066893, 10, 1, 2),
(13066893, 2, 2, 2),
(13066893, 3, 3, 1),
(13102951, 7, 1, 2),
(13102951, 1, 2, 1),
(13156732, 7, 1, 1),
(13156732, 4, 2, 1),
(13257743, 1, 1, 2),
(13330689, 4, 1, 1),
(13330689, 5, 2, 2),
(13331770, 8, 1, 1),
(13331770, 2, 2, 2),
(13339746, 6, 1, 2),
(13339746, 2, 2, 1),
(13392773, 2, 1, 2),
(13392773, 7, 2, 1),
(13409222, 8, 1, 2),
(13409222, 9, 2, 2),
(13461684, 2, 1, 2),
(13461684, 8, 2, 1),
(13492850, 8, 1, 2),
(13492850, 4, 2, 2),
(13514098, 3, 1, 2),
(13514098, 6, 2, 2),
(13537480, 2, 1, 1),
(13537480, 10, 2, 1),
(13537480, 1, 3, 2),
(13567102, 9, 1, 1),
(13567102, 6, 2, 1),
(13596493, 2, 1, 2),
(13596493, 8, 2, 2),
(13596493, 9, 3, 1),
(13666972, 9, 1, 1),
(13666972, 4, 2, 1),
(13745635, 8, 1, 1),
(13745635, 5, 2, 1),
(13809097, 1, 1, 2),
(13809097, 3, 2, 1),
(13860997, 6, 1, 1),
(13860997, 4, 2, 1),
(13927005, 2, 1, 2),
(13927005, 8, 2, 2),
(13937340, 10, 1, 1),
(13937340, 1, 2, 2),
(13939260, 5, 1, 2),
(13939260, 2, 2, 2),
(13991206, 1, 1, 1),
(13991206, 9, 2, 1),
(13991206, 2, 3, 1),
(13991206, 4, 4, 1),
(14023696, 1, 1, 1),
(14050811, 7, 1, 1),
(14050811, 10, 2, 2),
(14094092, 10, 1, 2),
(14094092, 8, 2, 1),
(14118312, 4, 1, 1),
(14118312, 6, 2, 2),
(14165234, 6, 1, 2),
(14165234, 8, 2, 2),
(14257958, 4, 1, 2),
(14257958, 5, 2, 2),
(14278467, 1, 1, 2),
(14278467, 9, 2, 1),
(14290808, 7, 1, 2),
(14290808, 3, 2, 2),
(14290808, 5, 3, 3),
(14319626, 6, 1, 2),
(14319626, 10, 2, 1),
(14319626, 9, 3, 2),
(14358320, 1, 1, 2),
(14358320, 3, 2, 1),
(14358320, 4, 3, 1),
(14386435, 9, 1, 3),
(14386435, 5, 2, 1),
(14407460, 9, 1, 1),
(14407460, 10, 2, 2),
(14520991, 5, 1, 1),
(14520991, 9, 2, 2),
(14538077, 4, 1, 3),
(14538077, 9, 2, 2),
(14879700, 4, 1, 2),
(14883771, 9, 1, 1),
(14883771, 6, 2, 1),
(14965056, 5, 1, 1),
(14965056, 8, 2, 2),
(14965056, 4, 3, 1),
(14965706, 6, 1, 1),
(14965706, 1, 2, 1),
(14965706, 10, 3, 2),
(14970042, 8, 1, 2),
(14970042, 3, 2, 3),
(14970042, 10, 3, 1),
(15000716, 4, 1, 1),
(15000716, 3, 2, 2),
(15000716, 2, 3, 2),
(15076163, 9, 1, 1),
(15076163, 3, 3, 1),
(15228342, 9, 1, 2),
(15228342, 2, 2, 2),
(15228342, 1, 3, 2),
(15244349, 4, 1, 1),
(15244349, 3, 2, 2),
(15244349, 1, 3, 2),
(15266629, 10, 1, 2),
(15266629, 9, 2, 2),
(15279495, 7, 1, 2),
(15279495, 1, 2, 1),
(15332605, 6, 1, 1),
(15332605, 4, 2, 2),
(15332605, 2, 3, 1),
(15332605, 9, 4, 1),
(15332605, 7, 5, 2),
(15437091, 6, 1, 1),
(15437091, 7, 2, 1),
(15552275, 6, 1, 2),
(15552275, 2, 2, 2),
(15554836, 6, 1, 2),
(15554836, 7, 2, 2),
(15554836, 2, 3, 1),
(15609948, 9, 1, 1),
(15609948, 7, 2, 2),
(15609948, 10, 3, 1),
(15737460, 8, 1, 2),
(15737460, 7, 2, 1),
(15761986, 9, 1, 2),
(15761986, 4, 2, 2),
(15769628, 10, 1, 2),
(15769628, 5, 2, 2),
(15972895, 6, 1, 1),
(15972895, 3, 2, 2),
(15972895, 9, 3, 2),
(16011876, 6, 1, 2),
(16011876, 4, 2, 1),
(16011876, 3, 5, 1),
(16170432, 8, 1, 2),
(16170432, 1, 2, 2),
(16255115, 1, 1, 2),
(16255115, 2, 2, 2),
(16301524, 1, 1, 2),
(16301524, 3, 2, 2),
(16310415, 5, 1, 1),
(16310415, 1, 2, 2),
(16346102, 9, 1, 1),
(16346102, 5, 2, 1),
(16563138, 5, 1, 2),
(16563138, 9, 2, 2),
(16563138, 3, 3, 2),
(16635784, 3, 1, 1),
(16635784, 5, 2, 2),
(16854736, 3, 1, 2),
(16854736, 6, 2, 1),
(16882068, 1, 1, 1),
(16882068, 9, 2, 2),
(16982437, 4, 1, 1),
(16982437, 8, 2, 2),
(16982437, 6, 3, 2),
(16982437, 7, 4, 1),
(17010780, 2, 1, 2),
(17094437, 10, 1, 1),
(17094437, 8, 2, 2),
(17094437, 9, 3, 1),
(17116267, 2, 1, 1),
(17116267, 8, 2, 2),
(17116814, 8, 1, 1),
(17116814, 4, 2, 1),
(17221918, 6, 1, 1),
(17221918, 9, 2, 2),
(17221918, 3, 3, 1),
(17244035, 1, 1, 1),
(17244035, 4, 3, 2),
(17250226, 5, 1, 2),
(17250226, 3, 2, 2),
(17314101, 5, 1, 1),
(17314101, 9, 2, 1),
(17314101, 2, 3, 2),
(17314101, 1, 4, 2),
(17365919, 8, 1, 2),
(17365919, 7, 2, 1),
(17473817, 1, 1, 2),
(17473817, 10, 2, 1),
(17473817, 2, 3, 2),
(17525230, 5, 1, 2),
(17525230, 3, 2, 1),
(17534484, 4, 1, 2),
(17534484, 7, 2, 1),
(17534484, 1, 3, 2),
(17534484, 6, 4, 2),
(17542385, 7, 1, 2),
(17542385, 10, 2, 2),
(17583954, 7, 1, 2),
(17583954, 1, 2, 1),
(17607517, 3, 1, 1),
(17607517, 4, 2, 2),
(17794350, 1, 1, 2),
(17794350, 4, 2, 2),
(17794350, 8, 3, 2),
(17829401, 4, 1, 2),
(17829401, 5, 2, 1),
(17829401, 8, 3, 1),
(17840985, 7, 1, 2),
(17840985, 3, 2, 2),
(17843858, 3, 1, 2),
(17843858, 9, 2, 2),
(17908600, 7, 1, 1),
(17908600, 2, 2, 2),
(17908600, 10, 3, 1),
(17931716, 4, 1, 2),
(17938571, 10, 1, 2),
(17938571, 2, 2, 1),
(18007803, 1, 1, 2),
(18007803, 6, 2, 1),
(18010417, 3, 1, 1),
(18010417, 7, 2, 2),
(18010417, 10, 3, 2),
(18038833, 6, 1, 1),
(18038833, 5, 2, 1),
(18061763, 10, 1, 2),
(18077969, 3, 1, 2),
(18077969, 9, 2, 1),
(18161062, 2, 1, 1),
(18161062, 9, 2, 2),
(18185692, 2, 1, 2),
(18185692, 3, 2, 2),
(18185692, 8, 3, 2),
(18202979, 9, 1, 1),
(18202979, 3, 2, 1),
(18202979, 5, 3, 1),
(18290833, 7, 1, 2),
(18290833, 4, 2, 1),
(18355473, 8, 1, 2),
(18355473, 6, 2, 2),
(18355473, 3, 3, 2),
(18445903, 10, 1, 1),
(18445903, 6, 2, 2),
(18445903, 2, 3, 2),
(18520234, 7, 1, 1),
(18520234, 6, 3, 2),
(18531422, 9, 1, 1),
(18531422, 4, 2, 2),
(18531422, 6, 3, 2),
(18571474, 3, 1, 2),
(18571474, 2, 2, 1),
(18571474, 9, 4, 1),
(18601807, 6, 1, 1),
(18601807, 5, 2, 2),
(18651515, 6, 1, 2),
(18651515, 2, 2, 2),
(18651515, 7, 3, 1),
(18744945, 5, 1, 1),
(18744945, 2, 2, 1),
(18744945, 6, 3, 2),
(18766477, 8, 1, 1),
(18766477, 9, 2, 1),
(18766477, 5, 3, 1),
(18890895, 5, 1, 1),
(18890895, 2, 2, 1),
(18890895, 4, 3, 1),
(18995133, 3, 1, 2),
(19054863, 10, 1, 1),
(19054863, 5, 2, 2),
(19128110, 5, 1, 2),
(19201458, 1, 1, 1),
(19201458, 2, 2, 1),
(19262762, 1, 1, 1),
(19262762, 7, 2, 2),
(19262762, 6, 3, 1),
(19334226, 1, 1, 2),
(19334226, 3, 2, 2),
(19456150, 8, 1, 2),
(19456150, 7, 2, 3),
(19477969, 9, 1, 1),
(19477969, 4, 2, 2),
(19713733, 5, 1, 2),
(19776354, 10, 1, 2),
(19776354, 6, 2, 1),
(19776354, 7, 4, 1),
(19788398, 6, 1, 2),
(19788398, 4, 2, 2),
(19788398, 8, 3, 1),
(19793074, 8, 1, 2),
(19793074, 5, 2, 1),
(19809271, 3, 1, 2),
(19809271, 10, 2, 2),
(19809271, 2, 3, 2),
(19830204, 3, 1, 2),
(19832126, 7, 1, 2),
(19832126, 8, 2, 2),
(20013951, 9, 1, 2),
(20013951, 5, 2, 2),
(20013951, 6, 3, 2),
(20025012, 8, 1, 2),
(20025012, 4, 2, 1),
(20025012, 9, 3, 2),
(20025012, 6, 4, 1),
(20052088, 3, 1, 1),
(20052088, 9, 2, 1),
(20080918, 3, 1, 2),
(20080918, 10, 2, 2),
(20132854, 8, 1, 1),
(20132854, 2, 2, 2),
(20132854, 4, 3, 1),
(20132854, 9, 4, 1),
(20225589, 1, 1, 1),
(20238731, 4, 1, 2),
(20246623, 10, 1, 1),
(20246623, 8, 2, 2),
(20250805, 10, 1, 2),
(20250805, 5, 2, 1),
(20258946, 2, 1, 1),
(20258946, 6, 2, 2),
(20297416, 10, 1, 2),
(20297416, 8, 2, 2),
(20297416, 1, 3, 1),
(20298827, 2, 1, 2),
(20298827, 8, 2, 2),
(20298827, 4, 3, 1),
(20320975, 5, 1, 1),
(20320975, 3, 2, 2),
(20320975, 2, 3, 2),
(20344820, 9, 1, 1),
(20344820, 6, 2, 1),
(20344820, 3, 3, 1),
(20417568, 6, 1, 2),
(20417568, 2, 2, 2),
(20423227, 7, 1, 2),
(20423227, 8, 2, 1),
(20481803, 2, 1, 1),
(20481803, 4, 2, 1),
(20481803, 3, 3, 1),
(20481803, 6, 4, 2),
(20503685, 10, 1, 1),
(20503685, 9, 2, 2),
(20625993, 4, 1, 2),
(20625993, 10, 2, 1),
(20629470, 1, 1, 2),
(20629470, 4, 2, 2),
(20718264, 2, 1, 2),
(20720110, 9, 1, 2),
(20720110, 1, 2, 1),
(20720110, 3, 3, 2),
(20720110, 7, 4, 1),
(20852826, 3, 1, 2),
(20852826, 6, 2, 2),
(20852826, 7, 3, 2),
(20970151, 8, 1, 1),
(20970151, 7, 2, 2),
(20970151, 5, 3, 2),
(20977802, 7, 1, 2),
(20989459, 5, 1, 3),
(20989459, 2, 2, 2),
(21001844, 8, 1, 2),
(21001844, 1, 2, 2),
(21001844, 3, 3, 2),
(21201906, 7, 1, 2),
(21201906, 5, 2, 2),
(21201928, 5, 1, 2),
(21201928, 7, 2, 1),
(21300795, 2, 1, 2),
(21300795, 10, 2, 1),
(21300795, 6, 3, 2),
(21302290, 5, 1, 1),
(21302290, 7, 2, 1),
(21302290, 9, 3, 2),
(21319594, 10, 1, 2),
(21319594, 7, 2, 1),
(21418551, 4, 1, 1),
(21418551, 1, 2, 2),
(21424476, 6, 1, 2),
(21428031, 1, 1, 2),
(21428031, 10, 2, 2),
(21428031, 7, 3, 1),
(21432579, 5, 1, 2),
(21432579, 9, 2, 2),
(21432579, 10, 3, 2),
(21483176, 4, 1, 2),
(21483176, 1, 2, 2),
(21649032, 7, 1, 1),
(21739175, 9, 1, 1),
(21739175, 10, 2, 1),
(21789447, 9, 1, 1),
(21859506, 4, 1, 2),
(21859506, 2, 2, 1),
(22001354, 6, 1, 1),
(22001354, 8, 2, 1),
(22001354, 2, 3, 2),
(22011098, 5, 1, 1),
(22035256, 3, 1, 2),
(22035256, 5, 2, 3),
(22055861, 1, 1, 1),
(22112594, 1, 1, 2),
(22112594, 9, 2, 1),
(22113572, 5, 1, 2),
(22113572, 9, 3, 2),
(22113572, 2, 4, 2),
(22118082, 10, 1, 1),
(22118082, 8, 2, 1),
(22137495, 8, 1, 1),
(22137495, 6, 2, 2),
(22162895, 3, 1, 2),
(22162895, 8, 2, 1),
(22162895, 5, 3, 1),
(22175717, 6, 1, 1),
(22175717, 2, 2, 2),
(22204137, 6, 1, 1),
(22222205, 7, 1, 1),
(22222205, 2, 3, 1),
(22254061, 4, 1, 1),
(22254061, 5, 2, 2),
(22277996, 8, 1, 1),
(22277996, 1, 2, 3),
(22301853, 1, 1, 1),
(22389188, 9, 1, 2),
(22389188, 3, 2, 2),
(22389188, 5, 3, 2),
(22519866, 5, 1, 2),
(22519866, 1, 2, 2),
(22519866, 3, 3, 1),
(22523919, 1, 1, 1),
(22523919, 7, 2, 1),
(22523919, 3, 3, 2),
(22548983, 2, 1, 1),
(22548983, 3, 2, 1),
(22596466, 5, 1, 1),
(22596466, 9, 2, 1),
(22632621, 1, 1, 2),
(22632621, 6, 2, 1),
(22689776, 1, 1, 2),
(22689776, 7, 2, 1),
(22803021, 3, 1, 1),
(22803021, 6, 2, 1),
(22803021, 5, 3, 1),
(22993925, 1, 1, 2),
(22993925, 2, 2, 1),
(23027389, 9, 1, 1),
(23027389, 6, 2, 2),
(23027389, 3, 3, 1),
(23031481, 6, 1, 1),
(23031481, 3, 2, 2),
(23110527, 10, 1, 2),
(23124425, 6, 1, 1),
(23124425, 2, 2, 2),
(23124425, 4, 3, 2),
(23146307, 1, 1, 1),
(23146307, 6, 2, 2),
(23146307, 5, 3, 2),
(23202439, 6, 1, 1),
(23202439, 2, 2, 1),
(23202439, 10, 3, 2),
(23202439, 4, 4, 2),
(23255706, 10, 1, 1),
(23255706, 4, 2, 1),
(23315256, 7, 1, 2),
(23315256, 9, 2, 1),
(23315256, 4, 3, 1),
(23315256, 1, 4, 2),
(23386550, 10, 1, 2),
(23386550, 2, 2, 2),
(23386550, 8, 3, 1),
(23435137, 4, 1, 1),
(23435137, 5, 2, 2),
(23435137, 2, 3, 2),
(23463308, 1, 1, 2),
(23463308, 3, 2, 2),
(23502069, 7, 1, 1),
(23502069, 9, 2, 2),
(23515382, 10, 1, 1),
(23515382, 3, 2, 1),
(23515382, 6, 3, 2),
(23583977, 7, 1, 1),
(23583977, 4, 2, 2),
(23583977, 9, 3, 1),
(23678813, 3, 1, 2),
(23678813, 2, 2, 2),
(23878008, 10, 1, 1),
(23878008, 9, 2, 2),
(23929973, 7, 1, 1),
(23929973, 10, 2, 2),
(23942283, 7, 1, 1),
(23942283, 4, 2, 2),
(23942283, 2, 3, 1),
(23951188, 1, 1, 1),
(23951594, 9, 1, 1),
(23951594, 1, 2, 1),
(23984283, 8, 1, 2),
(23984283, 4, 2, 2),
(24216658, 3, 1, 1),
(24216658, 8, 2, 1),
(24299028, 1, 1, 1),
(24299028, 10, 2, 1),
(24299028, 6, 3, 1),
(24313977, 5, 1, 2),
(24313977, 4, 2, 1),
(24319673, 3, 1, 1),
(24319673, 4, 2, 2),
(24428465, 2, 1, 1),
(24428465, 7, 2, 2),
(24428465, 8, 3, 2),
(24450155, 8, 1, 1),
(24527727, 3, 1, 1),
(24527727, 2, 2, 1),
(24529282, 4, 1, 2),
(24529282, 5, 2, 2),
(24788938, 9, 1, 2),
(24804017, 2, 1, 1),
(24813035, 6, 1, 2),
(24813035, 10, 2, 2),
(24819219, 1, 1, 2),
(24819219, 3, 2, 3),
(24819219, 8, 3, 2),
(24819219, 5, 4, 1),
(24824739, 7, 1, 2),
(24824739, 10, 2, 1),
(24824739, 8, 3, 1),
(24829259, 5, 1, 1),
(24829259, 7, 2, 1),
(24829259, 3, 3, 1),
(24833920, 4, 1, 1),
(24833920, 10, 2, 2),
(24833920, 1, 3, 2),
(24856991, 2, 1, 2),
(24856991, 5, 2, 2),
(24856991, 8, 3, 2),
(24900847, 1, 1, 2),
(24923501, 8, 1, 2),
(25080546, 3, 1, 1),
(25080546, 7, 2, 2),
(25080546, 6, 3, 1),
(25202076, 3, 1, 1),
(25202076, 4, 2, 2),
(25258714, 2, 1, 2),
(25322193, 9, 1, 1),
(25322193, 2, 2, 2),
(25322193, 3, 3, 3),
(25442641, 1, 1, 1),
(25442641, 6, 2, 1),
(25442641, 3, 3, 1),
(25496691, 4, 1, 2),
(25526998, 7, 1, 2),
(25526998, 5, 2, 2),
(25526998, 10, 4, 1),
(25550126, 8, 1, 1),
(25550126, 2, 2, 1),
(25550126, 7, 3, 1),
(25638610, 9, 1, 1),
(25638610, 6, 2, 2),
(25740649, 7, 1, 2),
(25740649, 8, 2, 1),
(25740649, 5, 3, 2),
(25743340, 3, 1, 1),
(25776786, 4, 1, 1),
(25776786, 9, 2, 1),
(25892159, 10, 1, 2),
(25892159, 3, 2, 2),
(25892159, 9, 3, 1),
(25934071, 5, 1, 1),
(25934071, 9, 2, 3),
(25942086, 4, 1, 2),
(25942086, 6, 2, 1),
(25942086, 8, 3, 2),
(25942086, 5, 4, 2),
(25983826, 10, 1, 2),
(25983826, 5, 2, 2),
(26014157, 7, 1, 1),
(26014157, 8, 2, 2),
(26078372, 1, 1, 2),
(26078372, 9, 2, 1),
(26089563, 4, 1, 2),
(26089563, 8, 2, 2),
(26089563, 1, 3, 1),
(26089563, 10, 4, 1),
(26091483, 1, 1, 2),
(26091483, 3, 2, 2),
(26091483, 5, 3, 1),
(26133490, 8, 1, 2),
(26133490, 1, 2, 1),
(26197632, 9, 1, 1),
(26197632, 10, 2, 2),
(26197632, 1, 3, 2),
(26236567, 8, 1, 2),
(26236567, 5, 2, 2),
(26272591, 3, 1, 2),
(26362181, 6, 1, 1),
(26362181, 2, 2, 1),
(26362181, 3, 3, 1),
(26379224, 5, 1, 2),
(26379224, 6, 2, 2),
(26379224, 2, 3, 1),
(26379224, 7, 4, 2),
(26386748, 3, 1, 2),
(26386748, 4, 2, 2),
(26386748, 6, 3, 2),
(26415623, 2, 1, 2),
(26415623, 9, 2, 1),
(26453285, 6, 1, 2),
(26453285, 3, 2, 1),
(26453285, 1, 4, 1),
(26479631, 6, 1, 2),
(26479631, 1, 2, 2),
(26571115, 1, 1, 1),
(26607073, 9, 1, 2),
(26607073, 3, 2, 2),
(26607073, 4, 3, 2),
(26647719, 9, 1, 3),
(26864809, 8, 1, 1),
(26864809, 3, 2, 1),
(26864809, 5, 3, 1),
(26864809, 1, 4, 1),
(26937748, 10, 1, 2),
(26937748, 5, 2, 1),
(26988112, 5, 1, 1),
(26988112, 2, 3, 1),
(27006476, 4, 1, 1),
(27006476, 8, 2, 1),
(27006476, 5, 3, 2),
(27017914, 5, 1, 1),
(27017914, 1, 2, 1),
(27042790, 9, 1, 1),
(27042790, 8, 2, 2),
(27042790, 5, 3, 1),
(27086644, 5, 1, 1),
(27086644, 7, 2, 2),
(27086644, 1, 3, 2),
(27126328, 4, 1, 2),
(27126328, 6, 2, 1),
(27152050, 2, 1, 1),
(27152050, 4, 2, 1),
(27233055, 4, 1, 2),
(27233055, 5, 2, 1),
(27296268, 7, 1, 2),
(27296268, 5, 2, 2),
(27315938, 2, 1, 2),
(27315938, 6, 2, 2),
(27315938, 7, 3, 2),
(27332529, 2, 1, 1),
(27332529, 9, 2, 2),
(27332529, 4, 3, 2),
(27401148, 5, 1, 1),
(27401148, 1, 2, 2),
(27401148, 6, 3, 2),
(27433140, 9, 1, 1),
(27433140, 10, 2, 1),
(27433140, 2, 3, 1),
(27515017, 1, 1, 2),
(27515017, 5, 2, 1),
(27515017, 6, 3, 1),
(27522771, 10, 1, 2),
(27522771, 8, 2, 1),
(27522771, 5, 3, 1),
(27522771, 9, 4, 2),
(27546710, 1, 1, 1),
(27546710, 2, 3, 1),
(27591223, 3, 1, 1),
(27645822, 10, 1, 1),
(27645822, 8, 2, 1),
(27801187, 5, 1, 2),
(27801187, 3, 2, 1),
(27801187, 7, 3, 2),
(27823630, 3, 1, 2),
(27823630, 5, 2, 2),
(27840436, 9, 1, 1),
(27840436, 10, 2, 1),
(27840436, 7, 3, 2),
(27861728, 1, 1, 2),
(27861728, 8, 2, 2),
(27861728, 3, 3, 1),
(27878282, 2, 1, 1),
(27878282, 5, 2, 1),
(27925323, 10, 1, 3),
(27925323, 6, 2, 1),
(27925323, 8, 3, 1),
(28014172, 6, 1, 1),
(28014172, 3, 2, 2),
(28014172, 5, 3, 2),
(28164376, 7, 1, 2),
(28217948, 7, 1, 2),
(28217948, 6, 2, 3),
(28217948, 3, 3, 2),
(28353575, 10, 1, 1),
(28353575, 9, 2, 2),
(28363940, 4, 1, 1),
(28363940, 9, 2, 2),
(28363940, 10, 3, 2),
(28365193, 2, 1, 2),
(28365193, 7, 2, 1),
(28365193, 4, 3, 1),
(28421134, 6, 1, 2),
(28421134, 10, 2, 2),
(28423245, 1, 1, 1),
(28423245, 2, 2, 2),
(28423245, 5, 3, 1),
(28430847, 3, 1, 2),
(28430847, 1, 2, 2),
(28551044, 10, 1, 2),
(28605730, 5, 1, 1),
(28605730, 3, 2, 2),
(28681862, 7, 1, 1),
(28681862, 5, 2, 1),
(28714642, 3, 1, 1),
(28714642, 10, 2, 1),
(28737704, 8, 1, 1),
(28737704, 3, 2, 1),
(28737704, 6, 3, 2),
(28737704, 2, 4, 2),
(28789912, 5, 1, 2),
(28789912, 9, 2, 1),
(28823354, 1, 1, 2),
(28823354, 4, 2, 1),
(28844347, 6, 1, 2),
(28844347, 7, 2, 2),
(28917472, 3, 1, 2),
(28917472, 6, 2, 2),
(28917472, 1, 3, 1),
(28927088, 7, 1, 1),
(28927088, 9, 2, 1),
(28927088, 3, 3, 2),
(28950335, 6, 1, 2),
(28950335, 7, 2, 2),
(28950335, 9, 3, 2),
(29104206, 6, 1, 1),
(29199372, 6, 1, 2),
(29199372, 4, 2, 1),
(29236349, 9, 1, 2),
(29236349, 5, 2, 1),
(29255818, 6, 1, 2),
(29255818, 1, 2, 2),
(29255818, 2, 3, 2),
(29255818, 3, 4, 1),
(29324932, 9, 1, 1),
(29324932, 4, 2, 1),
(29324932, 3, 3, 2),
(29394071, 2, 1, 2),
(29394071, 8, 2, 1),
(29394071, 1, 3, 2),
(29759527, 1, 1, 1),
(29759527, 9, 2, 2),
(29759527, 5, 3, 1),
(29814159, 10, 1, 1),
(29814159, 2, 2, 2),
(29814159, 9, 3, 1),
(29850090, 5, 1, 2),
(29850090, 2, 2, 2),
(29924224, 7, 1, 1),
(29924224, 6, 2, 2),
(29964391, 8, 1, 1),
(29964391, 4, 3, 2),
(29964391, 10, 4, 1),
(29992611, 5, 1, 2),
(29992611, 10, 2, 2),
(30007979, 8, 1, 2),
(30007979, 4, 2, 1),
(30021259, 2, 1, 1),
(30021259, 10, 2, 2),
(30024660, 8, 1, 2),
(30024660, 1, 2, 1),
(30048525, 3, 1, 2),
(30048525, 6, 2, 2),
(30084863, 8, 1, 1),
(30084863, 1, 2, 2),
(30150160, 1, 1, 1),
(30150160, 7, 2, 2),
(30179779, 1, 1, 2),
(30179779, 10, 2, 1),
(30237125, 8, 1, 2),
(30237125, 4, 2, 1),
(30237125, 2, 3, 2),
(30237125, 6, 4, 1),
(30246041, 9, 1, 1),
(30246041, 2, 2, 2),
(30246041, 5, 3, 1),
(30376174, 8, 1, 2),
(30387250, 7, 1, 1),
(30387250, 6, 2, 2),
(30410348, 8, 1, 2),
(30410348, 2, 2, 2),
(30410348, 5, 3, 1),
(30427916, 6, 1, 2),
(30462995, 7, 1, 2),
(30462995, 1, 2, 1),
(30486984, 6, 1, 2),
(30486984, 9, 2, 2),
(30559125, 8, 1, 1),
(30629156, 10, 1, 2),
(30629156, 4, 3, 1),
(30667982, 10, 1, 2),
(30667982, 7, 2, 1),
(30695607, 6, 1, 2),
(30695607, 4, 2, 1),
(30717832, 9, 1, 2),
(30801221, 6, 1, 2),
(30801221, 8, 2, 1),
(30811571, 2, 1, 1),
(30811571, 4, 3, 2),
(30832194, 10, 1, 2),
(30832194, 4, 2, 2),
(30854810, 9, 1, 1),
(30854810, 5, 2, 1),
(30876848, 10, 1, 1),
(30876848, 8, 2, 2),
(30878269, 3, 1, 1),
(30878269, 1, 2, 2),
(30878269, 7, 3, 2),
(30878269, 9, 4, 1),
(30932635, 9, 1, 2),
(30932635, 8, 2, 1),
(30932635, 1, 3, 1),
(30977853, 7, 1, 2),
(30977853, 1, 3, 3),
(30977853, 6, 4, 2),
(30992013, 7, 1, 1),
(30992013, 4, 2, 2),
(31019905, 6, 1, 2),
(31019905, 9, 2, 2),
(31056998, 7, 1, 2),
(31056998, 10, 2, 1),
(31383475, 1, 1, 1),
(31383475, 2, 2, 2),
(31385229, 7, 1, 2),
(31385229, 6, 2, 2),
(31385229, 10, 4, 1),
(31411692, 3, 1, 1),
(31460873, 3, 1, 1),
(31460873, 5, 2, 2),
(31508327, 7, 1, 2),
(31508327, 8, 2, 1),
(31528410, 4, 1, 2),
(31528410, 1, 2, 1),
(31528410, 6, 3, 1),
(31548964, 10, 1, 1),
(31548964, 5, 2, 1),
(31712197, 9, 1, 1),
(31712197, 10, 2, 2),
(31797047, 3, 1, 2),
(31797047, 9, 2, 1),
(31808909, 7, 1, 1),
(31886677, 8, 1, 2),
(31886677, 4, 2, 2),
(31886677, 7, 3, 1),
(32029256, 6, 1, 2),
(32033022, 8, 1, 1),
(32033022, 3, 2, 2),
(32197015, 8, 1, 2),
(32197015, 5, 2, 3),
(32209508, 5, 1, 1),
(32209508, 10, 2, 1),
(32209508, 2, 3, 1),
(32240590, 7, 1, 2),
(32240590, 4, 2, 2),
(32248962, 8, 1, 2),
(32248962, 7, 2, 1),
(32295292, 2, 1, 1),
(32295292, 6, 2, 2),
(32295292, 3, 3, 1),
(32297567, 10, 1, 2),
(32387817, 6, 1, 1),
(32387817, 10, 2, 1),
(32390042, 10, 1, 1),
(32390042, 6, 2, 1),
(32390042, 5, 3, 1),
(32461892, 9, 1, 1),
(32461892, 1, 2, 1),
(32461892, 5, 3, 2),
(32562963, 10, 1, 2),
(32562963, 5, 2, 1),
(32671347, 1, 1, 2),
(32671347, 6, 2, 2),
(32676860, 10, 1, 1),
(32676860, 9, 2, 2),
(32774434, 3, 1, 1),
(32774434, 8, 2, 1),
(32789607, 7, 1, 1),
(32789607, 1, 2, 2),
(32860967, 1, 1, 1),
(32860967, 10, 2, 1),
(32860967, 2, 3, 1),
(32891014, 8, 1, 2),
(32891014, 1, 2, 2),
(32938698, 8, 1, 2),
(32938698, 5, 2, 1),
(32961607, 10, 1, 2),
(32961607, 2, 2, 2),
(33101004, 8, 1, 2),
(33101004, 10, 2, 1),
(33115758, 2, 1, 2),
(33115758, 6, 2, 1),
(33115758, 10, 3, 2),
(33163250, 8, 1, 1),
(33163250, 4, 2, 2),
(33163250, 2, 3, 2),
(33243230, 2, 1, 1),
(33243230, 4, 2, 2),
(33243230, 9, 3, 2),
(33276788, 10, 1, 2),
(33276788, 6, 3, 2),
(33300951, 10, 1, 2),
(33300951, 9, 2, 2),
(33317091, 3, 1, 2),
(33317091, 2, 2, 2),
(33320951, 10, 1, 2),
(33320951, 2, 3, 1),
(33386520, 4, 1, 1),
(33386520, 8, 2, 2),
(33386520, 10, 3, 2),
(33532320, 4, 1, 1),
(33532320, 1, 2, 1),
(33555616, 2, 1, 1),
(33555616, 9, 2, 2),
(33555616, 7, 3, 1),
(33571132, 7, 1, 2),
(33571132, 5, 2, 2),
(33571132, 3, 3, 2),
(33571132, 6, 4, 1),
(33624019, 6, 1, 1),
(33624019, 1, 2, 1),
(33725789, 3, 1, 2),
(33725789, 7, 2, 1),
(33814189, 9, 1, 1),
(33814189, 4, 2, 1),
(33880588, 1, 1, 2),
(33880588, 3, 2, 2),
(33980125, 2, 1, 2),
(33980125, 10, 2, 1),
(34006324, 5, 1, 1),
(34006324, 4, 2, 2),
(34009423, 8, 1, 1),
(34031198, 9, 1, 2),
(34031198, 8, 2, 2),
(34068270, 7, 1, 3),
(34068270, 9, 2, 2),
(34068270, 8, 3, 2),
(34068954, 8, 1, 2),
(34068954, 9, 2, 1),
(34075857, 5, 1, 2),
(34075857, 2, 2, 1),
(34075857, 8, 3, 2),
(34122185, 10, 1, 2),
(34122185, 9, 2, 2),
(34122185, 3, 3, 2),
(34172658, 9, 1, 2),
(34172658, 8, 2, 2),
(34172658, 6, 3, 1),
(34172658, 3, 4, 2),
(34188005, 10, 1, 2),
(34188005, 8, 2, 2),
(34258350, 1, 1, 2),
(34258350, 3, 2, 1),
(34258350, 6, 3, 1),
(34309770, 9, 1, 1),
(34309770, 7, 2, 1),
(34309770, 6, 3, 1),
(34331096, 2, 1, 1),
(34331096, 3, 2, 2),
(34383925, 9, 1, 1),
(34383925, 2, 2, 2),
(34405264, 10, 1, 2),
(34405264, 3, 3, 1),
(34504316, 2, 1, 1),
(34504316, 5, 2, 2),
(34574800, 9, 1, 2),
(34574800, 10, 2, 1),
(34574800, 6, 3, 1),
(34698728, 3, 1, 2),
(34733183, 9, 1, 2),
(34733183, 6, 2, 1),
(34794546, 2, 1, 2),
(34814575, 9, 1, 1),
(34814575, 2, 2, 1),
(34874916, 4, 1, 1),
(34874916, 2, 2, 1),
(34894040, 1, 1, 2),
(34894040, 6, 2, 2),
(34958847, 8, 1, 2),
(34958847, 6, 2, 1),
(35040943, 2, 1, 1),
(35048882, 7, 1, 2),
(35048882, 9, 2, 1),
(35048882, 2, 3, 2),
(35072628, 1, 1, 1),
(35072628, 9, 2, 2),
(35072628, 5, 3, 3),
(35072628, 8, 4, 2),
(35122324, 3, 1, 1),
(35122324, 5, 2, 2),
(35136881, 6, 1, 1),
(35136881, 10, 2, 1),
(35183277, 8, 1, 1),
(35183277, 5, 2, 2),
(35183277, 1, 3, 2),
(35262266, 3, 1, 1),
(35262266, 4, 2, 1),
(35289165, 8, 1, 2),
(35289165, 6, 2, 1),
(35308105, 9, 1, 1),
(35308105, 2, 2, 2),
(35325258, 4, 1, 1),
(35325258, 10, 2, 2),
(35325258, 6, 3, 2),
(35377496, 8, 1, 2),
(35377496, 1, 2, 1),
(35377496, 9, 3, 2),
(35432230, 1, 1, 1),
(35433810, 6, 1, 1),
(35433810, 9, 2, 1),
(35667271, 4, 1, 1),
(35667271, 10, 2, 2),
(35667271, 3, 3, 1),
(35868462, 10, 1, 2),
(35868462, 3, 2, 2),
(35868462, 5, 3, 1),
(35924151, 6, 1, 2),
(35924151, 4, 2, 1),
(36069976, 9, 1, 2),
(36107484, 4, 1, 2),
(36107484, 10, 2, 1),
(36204828, 7, 1, 2),
(36204828, 4, 2, 2),
(36204828, 2, 3, 2),
(36222604, 5, 1, 1),
(36222604, 3, 2, 2),
(36222604, 4, 3, 1),
(36342152, 8, 1, 1),
(36342152, 3, 2, 1),
(36342152, 10, 4, 2),
(36459381, 8, 1, 1),
(36459381, 4, 2, 1),
(36459381, 10, 3, 2),
(36528588, 6, 1, 1),
(36528588, 8, 2, 2),
(36528588, 2, 3, 1),
(36583157, 4, 1, 2),
(36583157, 7, 2, 2),
(36626618, 1, 1, 2),
(36626618, 10, 2, 1),
(36643923, 3, 1, 1),
(36643923, 8, 2, 1),
(36646276, 8, 1, 2),
(36646276, 2, 2, 1),
(36646276, 4, 3, 1),
(36743111, 9, 1, 2),
(36743111, 1, 2, 2),
(36767327, 3, 1, 2),
(36767327, 5, 2, 1),
(36790915, 1, 1, 1),
(36790915, 4, 2, 2),
(36790915, 8, 3, 1),
(36793480, 10, 1, 2),
(36793480, 7, 2, 2),
(36902893, 10, 1, 2),
(36913243, 6, 1, 2),
(36913243, 7, 2, 1),
(36941055, 5, 1, 2),
(36941055, 7, 2, 1),
(36960848, 4, 1, 2),
(36960848, 7, 2, 2),
(37013359, 7, 1, 1),
(37013359, 1, 2, 2),
(37137750, 2, 1, 1),
(37171841, 7, 1, 2),
(37171841, 1, 2, 1),
(37233062, 6, 1, 1),
(37233062, 2, 2, 2),
(37380343, 5, 1, 2),
(37382958, 5, 1, 2),
(37382958, 10, 2, 1),
(37394027, 5, 1, 1),
(37394027, 4, 2, 2),
(37394027, 8, 3, 2),
(37481160, 8, 1, 1),
(37481160, 7, 2, 1),
(37481160, 10, 3, 1),
(37656125, 3, 1, 2),
(37665769, 10, 1, 1),
(37665769, 5, 2, 1),
(37761763, 5, 1, 1),
(37777581, 8, 1, 1),
(37782763, 1, 1, 2),
(37782763, 6, 2, 1),
(37782763, 4, 3, 1),
(37891839, 2, 1, 1),
(37936573, 5, 1, 2),
(37936573, 8, 2, 1),
(37940540, 2, 1, 1),
(37940540, 6, 2, 2),
(37940540, 1, 3, 2),
(37940540, 7, 4, 2),
(37946711, 5, 1, 1),
(37946711, 3, 2, 2),
(37978604, 9, 1, 2),
(37978604, 10, 2, 2),
(37989656, 10, 1, 2),
(37989656, 2, 2, 1),
(38020740, 9, 1, 1),
(38020740, 6, 2, 2),
(38020740, 7, 3, 2),
(38243379, 9, 1, 1),
(38296666, 9, 1, 2),
(38296666, 7, 2, 1),
(38296666, 5, 3, 1),
(38316882, 5, 1, 1),
(38316882, 8, 2, 2),
(38316882, 2, 3, 2),
(38316882, 1, 4, 1),
(38365752, 9, 1, 2),
(38365752, 3, 2, 1),
(38384209, 5, 1, 1),
(38384209, 6, 2, 1),
(38384209, 8, 3, 1),
(38490295, 2, 1, 2),
(38490295, 8, 2, 2),
(38502498, 8, 1, 2),
(38502498, 9, 2, 2),
(38579088, 4, 1, 1),
(38579088, 9, 2, 1),
(38588429, 5, 1, 2),
(38588429, 3, 2, 2),
(38602543, 6, 1, 1),
(38602543, 4, 2, 3),
(38675316, 5, 1, 1),
(38923119, 2, 1, 1),
(38923119, 7, 2, 2),
(38944858, 10, 1, 1),
(38955885, 3, 1, 2),
(38955885, 8, 2, 2),
(38981282, 4, 1, 1),
(38981282, 3, 2, 2),
(38981282, 1, 3, 3),
(39034622, 8, 1, 2),
(39034622, 7, 2, 1),
(39034622, 1, 3, 2),
(39074999, 3, 1, 1),
(39074999, 10, 2, 1),
(39074999, 1, 3, 1),
(39136708, 1, 1, 1),
(39136708, 8, 2, 1),
(39136708, 3, 3, 1),
(39162872, 3, 1, 1),
(39162872, 8, 2, 1),
(39162872, 6, 3, 1),
(39180149, 9, 1, 2),
(39180149, 4, 2, 2),
(39180149, 6, 3, 1),
(39200602, 7, 1, 1),
(39200602, 8, 2, 2),
(39200602, 2, 3, 1),
(39200602, 5, 4, 1),
(39264289, 9, 1, 1),
(39264289, 10, 2, 2),
(39304899, 9, 1, 1),
(39304899, 8, 2, 2),
(39304899, 4, 3, 1),
(39403499, 8, 1, 2),
(39403499, 7, 2, 2),
(39403499, 5, 3, 2),
(39425886, 5, 1, 2),
(39425886, 6, 2, 2),
(39425886, 3, 3, 2),
(39527368, 3, 1, 2),
(39527368, 4, 2, 1),
(39750731, 9, 1, 1),
(39750731, 2, 2, 2),
(39750731, 6, 3, 2),
(39790909, 9, 1, 1),
(39790909, 6, 2, 1),
(39790909, 1, 3, 2),
(39790909, 2, 4, 1),
(39893390, 6, 1, 2),
(39893390, 8, 2, 1),
(39902339, 2, 1, 1),
(39902339, 4, 2, 2),
(40072046, 1, 1, 1),
(40072046, 3, 2, 2),
(40094594, 6, 1, 1),
(40094594, 2, 2, 1),
(40097541, 5, 1, 2),
(40097541, 8, 2, 2),
(40127583, 9, 1, 1),
(40127583, 4, 2, 2),
(40273041, 6, 1, 1),
(40273041, 9, 2, 1),
(40329946, 4, 1, 2),
(40329946, 6, 2, 1),
(40329946, 5, 3, 2),
(40333317, 7, 1, 2),
(40333317, 10, 2, 2),
(40333317, 1, 3, 2),
(40359020, 4, 1, 2),
(40359020, 2, 2, 1),
(40368086, 6, 1, 1),
(40380322, 6, 1, 1),
(40381034, 9, 1, 2),
(40381034, 1, 2, 3),
(40456532, 7, 1, 2),
(40456532, 10, 2, 1),
(40506001, 2, 1, 1),
(40506001, 6, 2, 1),
(40668515, 8, 1, 2),
(40668515, 7, 2, 1),
(40668515, 6, 3, 2),
(40727113, 10, 1, 1),
(40727113, 4, 2, 2),
(40727113, 1, 3, 1),
(40804174, 5, 1, 2),
(40804174, 1, 2, 2),
(40804174, 2, 3, 1),
(40824469, 3, 1, 2),
(40824469, 10, 2, 1),
(40864314, 3, 1, 1),
(40864314, 7, 2, 2),
(40864314, 5, 3, 1),
(40874551, 10, 1, 1),
(40874551, 3, 2, 1),
(40874551, 1, 3, 2),
(40906709, 10, 1, 2),
(40906709, 5, 2, 1),
(40962728, 8, 1, 1),
(40962728, 5, 2, 2),
(41077968, 1, 1, 2),
(41077968, 3, 2, 2),
(41235584, 1, 1, 2),
(41235584, 2, 2, 1),
(41235584, 10, 3, 1),
(41271308, 8, 1, 1),
(41307438, 1, 1, 1),
(41307438, 8, 2, 3),
(41333652, 4, 1, 1),
(41333652, 5, 2, 2),
(41423048, 8, 1, 1),
(41423048, 1, 2, 2),
(41860258, 3, 1, 2),
(41860258, 9, 2, 1),
(41925467, 8, 1, 1),
(41925467, 5, 2, 2),
(41960140, 7, 1, 2),
(41960140, 1, 2, 1),
(41991899, 10, 1, 2),
(41991899, 9, 2, 1),
(42117129, 5, 1, 1),
(42189254, 8, 1, 1),
(42189254, 6, 2, 1),
(42275019, 8, 1, 1),
(42275019, 1, 2, 1),
(42275019, 10, 4, 1),
(42399884, 5, 1, 1),
(42399884, 2, 2, 2),
(42399884, 10, 3, 1),
(42523819, 5, 1, 1),
(42523819, 9, 2, 2),
(42529349, 10, 1, 1),
(42529349, 6, 2, 2),
(42533277, 8, 1, 1),
(42533277, 7, 2, 1),
(42651825, 5, 1, 2),
(42651825, 1, 2, 1),
(42651825, 10, 3, 1),
(42659794, 2, 1, 2),
(42796062, 9, 1, 1),
(42796062, 6, 2, 1),
(42804874, 2, 1, 2),
(42816095, 7, 1, 1),
(42816095, 6, 3, 2),
(42881690, 10, 1, 1),
(42881690, 6, 2, 1),
(42883469, 1, 1, 2),
(42883469, 7, 2, 2),
(42994655, 2, 1, 2),
(42994655, 1, 2, 1),
(43137189, 10, 1, 1),
(43137189, 9, 2, 2),
(43174409, 4, 1, 2),
(43174409, 1, 2, 1),
(43174409, 10, 3, 2),
(43209017, 1, 1, 1),
(43209017, 3, 2, 2),
(43209017, 6, 3, 1),
(43209017, 9, 4, 2),
(43255937, 6, 1, 1),
(43255937, 9, 2, 1),
(43255937, 8, 4, 2),
(43328351, 1, 1, 1),
(43328351, 10, 2, 2),
(43390080, 2, 1, 1),
(43390080, 4, 2, 2),
(43432406, 9, 1, 2),
(43432406, 7, 2, 2),
(43432406, 2, 3, 1),
(43533603, 2, 1, 2),
(43533603, 9, 2, 1),
(43533603, 1, 3, 1),
(43636588, 8, 1, 1),
(43636588, 9, 2, 2),
(43753801, 8, 1, 1),
(43753801, 1, 2, 1),
(43778005, 5, 1, 1),
(43778005, 9, 2, 1),
(43778005, 7, 3, 2),
(43778005, 2, 4, 2),
(43826691, 5, 1, 1),
(43826691, 7, 2, 1),
(43826691, 1, 3, 2),
(43842864, 8, 1, 3),
(43842864, 4, 2, 1),
(43844981, 3, 1, 2),
(43844981, 7, 2, 1),
(43844981, 9, 4, 1),
(43887518, 10, 1, 2),
(43887518, 5, 2, 1),
(43887518, 1, 3, 1),
(43901862, 10, 1, 2),
(43901862, 5, 2, 1),
(43901862, 2, 3, 1),
(43990677, 5, 1, 2),
(43990677, 10, 2, 1),
(44004984, 4, 1, 2),
(44004984, 7, 2, 2),
(44116753, 9, 1, 1),
(44116753, 5, 2, 2),
(44117207, 9, 1, 1),
(44117207, 10, 3, 2),
(44117207, 8, 4, 2),
(44257639, 5, 1, 3),
(44257639, 9, 2, 2),
(44354349, 10, 1, 1),
(44354349, 8, 2, 1),
(44394866, 7, 1, 2),
(44394866, 10, 2, 2),
(44406281, 7, 1, 2),
(44406281, 1, 2, 2),
(44406281, 3, 3, 1),
(44432584, 1, 1, 2),
(44432584, 10, 2, 1),
(44435382, 9, 1, 1),
(44435382, 6, 2, 2),
(44483742, 8, 1, 3),
(44483742, 4, 2, 2),
(44483742, 3, 3, 1),
(44539340, 8, 1, 2),
(44539340, 6, 2, 2),
(44561624, 6, 1, 1),
(44561624, 8, 2, 2),
(44561624, 4, 3, 2),
(44566380, 8, 1, 1),
(44621292, 1, 1, 1),
(44788299, 8, 1, 1),
(44788299, 5, 2, 1),
(44788299, 1, 4, 1),
(44880740, 1, 1, 2),
(44880740, 5, 2, 1),
(44943289, 7, 1, 1),
(44943289, 10, 2, 1),
(44943289, 4, 3, 2),
(44952478, 3, 1, 2),
(44952478, 10, 2, 2),
(45006980, 7, 1, 1),
(45006980, 4, 2, 1),
(45110015, 2, 1, 2),
(45110015, 9, 2, 2),
(45170852, 2, 1, 2),
(45170852, 8, 2, 2),
(45197244, 3, 1, 2),
(45232769, 1, 1, 1),
(45232769, 6, 2, 1),
(45232769, 9, 3, 1),
(45282927, 7, 1, 1),
(45282927, 9, 2, 2),
(45282927, 4, 3, 1),
(45351463, 2, 1, 1),
(45351463, 10, 2, 1),
(45351463, 3, 3, 2),
(45481532, 5, 1, 1),
(45481532, 4, 2, 1),
(45558347, 2, 1, 1),
(45558347, 6, 2, 1),
(45558347, 1, 3, 2),
(45570890, 9, 1, 2),
(45570890, 10, 2, 1),
(45653899, 7, 1, 1),
(45653899, 8, 2, 2),
(45653899, 1, 3, 1),
(45653899, 6, 4, 2),
(45697153, 2, 1, 1),
(45697153, 1, 2, 1),
(45815659, 7, 1, 2),
(45815659, 8, 2, 2),
(45855389, 10, 1, 1),
(45855389, 7, 2, 2),
(45914883, 3, 1, 1),
(45998252, 6, 1, 2),
(45998252, 5, 2, 1),
(46007211, 5, 1, 1),
(46007211, 4, 2, 1),
(46086755, 4, 1, 1),
(46086755, 1, 3, 1),
(46103762, 7, 1, 1),
(46103762, 9, 2, 1),
(46103762, 2, 3, 1),
(46124914, 5, 1, 1),
(46315647, 10, 1, 1),
(46315647, 1, 2, 2),
(46315647, 4, 3, 2),
(46396320, 3, 1, 2),
(46396320, 5, 2, 2),
(46408667, 1, 1, 1),
(46408667, 3, 2, 2),
(46465091, 2, 1, 1),
(46465091, 7, 2, 1),
(46465091, 4, 3, 1),
(46492496, 7, 1, 2),
(46492496, 1, 2, 1),
(46566951, 8, 1, 1),
(46566951, 3, 2, 2),
(46605427, 9, 1, 2),
(46605427, 8, 2, 3),
(46635718, 9, 1, 2),
(46635718, 10, 2, 2),
(46635718, 1, 3, 2),
(46643849, 9, 1, 2),
(46643849, 2, 2, 2),
(46653790, 5, 1, 2),
(46653790, 9, 2, 1),
(46653790, 4, 3, 2),
(46697242, 1, 1, 2),
(46697242, 5, 2, 2),
(46723576, 7, 1, 2),
(46831193, 8, 1, 2),
(46831193, 6, 2, 2),
(46866752, 2, 1, 1),
(46866752, 10, 2, 1),
(46866752, 1, 3, 2),
(46933863, 7, 1, 2),
(46941137, 6, 1, 1),
(46941137, 10, 2, 2),
(46945821, 6, 1, 2),
(46945821, 10, 2, 2),
(46945821, 3, 4, 1),
(46947054, 6, 1, 1),
(46947054, 8, 2, 1),
(47025149, 4, 1, 1),
(47073097, 6, 1, 2),
(47073097, 8, 2, 1),
(47243783, 1, 1, 2),
(47243783, 7, 2, 1),
(47243783, 6, 3, 2),
(47281338, 10, 1, 1),
(47281338, 1, 2, 1),
(47281338, 2, 3, 1),
(47299374, 1, 1, 1),
(47299374, 3, 2, 2),
(47319473, 8, 1, 2),
(47319473, 2, 2, 2),
(47335081, 4, 1, 1),
(47335081, 6, 2, 1),
(47351636, 4, 1, 2),
(47351636, 5, 2, 1),
(47351636, 6, 3, 2),
(47458993, 5, 1, 2),
(47458993, 2, 2, 1),
(47458993, 3, 3, 3),
(47458993, 7, 4, 2),
(47468364, 1, 1, 2),
(47468364, 10, 2, 1),
(47468364, 2, 3, 2),
(47471357, 10, 1, 1),
(47471357, 9, 2, 1),
(47471357, 8, 3, 2),
(47500038, 3, 1, 2),
(47500038, 10, 2, 2),
(47601915, 6, 1, 2),
(47601915, 3, 2, 1),
(47624366, 4, 1, 2),
(47624366, 9, 2, 1),
(47624746, 2, 1, 2),
(47624746, 10, 2, 2),
(47744413, 1, 1, 2),
(47744413, 10, 2, 2),
(47767019, 2, 1, 1),
(47767019, 8, 2, 2),
(47767019, 5, 3, 2),
(47771915, 8, 1, 1),
(47771915, 2, 2, 1),
(47780268, 6, 1, 2),
(47780268, 3, 2, 3),
(47780268, 9, 4, 2),
(47845221, 7, 1, 3),
(47845221, 6, 2, 2),
(47933248, 9, 1, 2),
(47933248, 6, 2, 1),
(47973458, 7, 1, 1),
(48164890, 3, 1, 1),
(48315659, 4, 1, 1),
(48315659, 2, 2, 2),
(48315659, 3, 3, 2),
(48339660, 4, 1, 2),
(48339660, 10, 2, 2),
(48393100, 3, 1, 1),
(48393100, 4, 2, 1),
(48453200, 8, 1, 1),
(48453200, 3, 2, 2),
(48453200, 2, 3, 2),
(48459837, 10, 1, 2),
(48459837, 5, 2, 2),
(48489874, 4, 1, 1),
(48489874, 5, 2, 2),
(48493885, 4, 1, 2),
(48493885, 7, 2, 1),
(48493885, 3, 3, 1),
(48527307, 2, 1, 1),
(48527307, 5, 2, 1),
(48692408, 1, 1, 1),
(48692408, 10, 3, 1),
(48714396, 8, 1, 1),
(48714396, 1, 2, 1),
(48714396, 3, 3, 1),
(48762058, 1, 1, 1),
(48762058, 10, 2, 2),
(48762058, 7, 3, 1),
(48762058, 6, 4, 2),
(48861827, 2, 1, 1),
(48861827, 4, 2, 1),
(48904144, 10, 1, 2),
(48904144, 6, 2, 2),
(48904144, 8, 3, 2),
(48985159, 1, 1, 2),
(48985159, 7, 2, 2),
(48985159, 6, 3, 1),
(49028944, 10, 1, 1),
(49028944, 9, 2, 1),
(49028944, 2, 3, 2),
(49039244, 4, 1, 1),
(49039244, 6, 2, 1),
(49052214, 6, 1, 1),
(49052214, 9, 2, 1),
(49052214, 7, 3, 1),
(49070553, 1, 1, 2),
(49070553, 7, 2, 2),
(49070553, 9, 3, 1),
(49119305, 7, 1, 1),
(49119305, 6, 2, 2),
(49119305, 8, 3, 1),
(49155637, 8, 1, 2),
(49155637, 3, 2, 1),
(49264795, 5, 1, 1),
(49264795, 3, 2, 2),
(49264795, 2, 3, 1),
(49278667, 7, 1, 2),
(49278667, 4, 2, 2),
(49283371, 6, 1, 2),
(49283371, 9, 2, 1),
(49341569, 2, 1, 1),
(49341569, 5, 2, 2),
(49428332, 9, 1, 1),
(49428332, 1, 2, 2),
(49428332, 10, 3, 2),
(49578761, 9, 1, 1),
(49602094, 3, 1, 2),
(49602094, 9, 2, 1),
(49602094, 10, 3, 1),
(49602094, 6, 4, 1),
(50203882, 9, 1, 2),
(50203882, 6, 2, 2),
(50203882, 5, 3, 2),
(50238408, 10, 1, 2),
(50238408, 5, 2, 2),
(50238408, 8, 3, 2),
(50328838, 3, 1, 2),
(50328838, 5, 2, 1),
(50328838, 9, 3, 1),
(50355643, 10, 1, 1),
(50355643, 1, 3, 1),
(50368201, 2, 1, 1),
(50368201, 1, 2, 1),
(50389858, 1, 1, 1),
(50389858, 7, 2, 2),
(50411326, 10, 1, 2),
(50411326, 5, 2, 2),
(50411326, 6, 3, 1),
(50616265, 9, 1, 2),
(50713754, 7, 1, 2),
(50713754, 8, 3, 2),
(50773511, 4, 1, 2),
(50773511, 10, 2, 1),
(50773511, 3, 3, 2),
(50946325, 10, 1, 2),
(50946325, 3, 2, 2),
(50946325, 4, 3, 1),
(50985569, 3, 1, 2),
(50985569, 9, 2, 1),
(51011419, 2, 1, 2),
(51011419, 7, 2, 1),
(51011419, 5, 3, 2),
(51069425, 9, 1, 2),
(51069425, 7, 2, 1),
(51123762, 4, 1, 2),
(51123762, 8, 2, 2),
(51176261, 6, 1, 1),
(51176261, 1, 2, 1),
(51260405, 3, 1, 1),
(51260405, 1, 2, 1),
(51601157, 6, 1, 1),
(51601157, 8, 2, 1),
(51601157, 4, 3, 2),
(51601157, 5, 4, 2),
(51725255, 6, 1, 2),
(51725255, 7, 2, 3),
(51725255, 5, 3, 1),
(51725255, 4, 4, 2),
(51821059, 6, 1, 2),
(51821059, 9, 2, 1),
(51872990, 2, 1, 2),
(51872990, 6, 2, 1),
(51872990, 7, 3, 1),
(51878899, 1, 1, 1),
(51950492, 2, 1, 2),
(51950492, 8, 2, 1),
(51950492, 7, 3, 1),
(51950492, 1, 5, 1),
(51965893, 8, 1, 1),
(51965893, 1, 2, 1),
(51965893, 2, 3, 2),
(52027878, 2, 1, 1),
(52027878, 1, 2, 2),
(52027878, 10, 3, 2),
(52050664, 8, 1, 1),
(52050664, 9, 2, 1),
(52074747, 2, 1, 2),
(52074747, 5, 2, 1),
(52264147, 3, 1, 2),
(52264147, 5, 2, 2),
(52264147, 9, 3, 1),
(52302838, 2, 1, 1),
(52302838, 3, 2, 2),
(52302838, 6, 3, 2),
(52314595, 9, 1, 1),
(52314595, 1, 2, 2),
(52314595, 4, 3, 2),
(52314595, 5, 4, 2),
(52416970, 3, 1, 1),
(52416970, 8, 2, 1),
(52416970, 6, 3, 2),
(52418240, 3, 1, 2),
(52418240, 6, 2, 2),
(52457211, 2, 1, 2),
(52457211, 7, 2, 2),
(52457211, 10, 3, 1),
(52488831, 5, 1, 1),
(52488831, 1, 2, 1),
(52650994, 4, 1, 1),
(52650994, 6, 2, 2),
(52650994, 3, 3, 2),
(52655684, 3, 1, 2),
(52655684, 6, 2, 1),
(52655684, 7, 3, 1),
(52657774, 1, 1, 1),
(52657774, 3, 2, 2),
(52682745, 6, 1, 2),
(52682745, 4, 2, 2),
(52708480, 3, 1, 2),
(52708480, 4, 2, 1),
(52708480, 2, 3, 2),
(52739031, 2, 1, 2),
(52739031, 7, 2, 2),
(52845473, 8, 1, 2),
(52845473, 4, 2, 2),
(52912786, 2, 1, 1),
(52933625, 6, 1, 1),
(52933625, 8, 2, 2),
(52933625, 1, 3, 1),
(52992592, 6, 1, 1),
(52992592, 7, 2, 1),
(53104696, 8, 1, 1),
(53104696, 10, 2, 1),
(53367266, 5, 1, 1),
(53367266, 4, 2, 1),
(53367266, 9, 3, 1),
(53559073, 4, 1, 1),
(53591073, 1, 1, 1),
(53647848, 8, 1, 1),
(53647848, 3, 2, 1),
(53653869, 3, 1, 1),
(53653869, 5, 2, 2),
(53653869, 2, 3, 1),
(53784533, 8, 1, 1),
(53784533, 5, 2, 1),
(53784533, 3, 3, 2),
(53839567, 7, 1, 1),
(53839567, 2, 2, 2),
(53839567, 10, 3, 1),
(53867678, 4, 1, 2),
(53889575, 9, 1, 2),
(53889575, 6, 3, 1),
(53908742, 9, 1, 2),
(53908742, 3, 2, 2),
(53908742, 6, 3, 1),
(54039623, 8, 1, 1),
(54039623, 3, 2, 1),
(54172574, 4, 1, 1),
(54172574, 6, 2, 1),
(54183088, 7, 1, 1),
(54183088, 4, 2, 2),
(54416796, 4, 1, 1),
(54416796, 8, 2, 1),
(54416796, 7, 3, 1),
(54460486, 1, 1, 1),
(54460486, 2, 2, 2),
(54501741, 6, 1, 3),
(54501741, 3, 2, 2),
(54526163, 9, 1, 2),
(54636496, 5, 1, 2),
(54636496, 6, 2, 1),
(54636496, 10, 3, 2),
(54636496, 2, 4, 2),
(54645838, 5, 1, 2),
(54645838, 3, 3, 1),
(54959724, 10, 1, 1),
(54959724, 5, 3, 2),
(54978229, 3, 1, 1),
(54978229, 4, 2, 2),
(54978229, 9, 3, 1),
(55073960, 9, 1, 2),
(55073960, 10, 2, 1),
(55073960, 3, 3, 2),
(55193208, 2, 1, 2),
(55193208, 5, 2, 2),
(55193208, 1, 3, 1),
(55296043, 2, 1, 2),
(55296043, 5, 2, 1),
(55320955, 7, 1, 1),
(55320955, 8, 2, 1),
(55329953, 3, 1, 2),
(55352455, 5, 1, 2),
(55538595, 7, 1, 2),
(55538595, 4, 2, 3),
(55667461, 6, 1, 2),
(55667461, 2, 2, 2),
(55755919, 5, 1, 2),
(55755919, 1, 2, 1),
(55755919, 6, 3, 1),
(55758638, 5, 1, 2),
(55758638, 10, 2, 1),
(55783405, 6, 1, 1),
(55783405, 9, 2, 1),
(55903309, 1, 1, 1),
(55903309, 9, 2, 1),
(56037933, 8, 1, 2),
(56037933, 9, 2, 1),
(56094347, 10, 1, 1),
(56094347, 6, 2, 3),
(56112221, 9, 1, 1),
(56112221, 10, 2, 1),
(56112221, 6, 3, 2),
(56138354, 2, 1, 1),
(56328203, 5, 1, 2),
(56328203, 7, 2, 1),
(56328203, 10, 3, 1),
(56328203, 4, 4, 3),
(56566358, 10, 1, 2),
(56566358, 7, 2, 1),
(56566358, 2, 3, 2),
(56566358, 4, 4, 2),
(56610587, 1, 1, 2),
(56610587, 7, 2, 2),
(56610587, 6, 3, 1),
(56714888, 8, 1, 2),
(56714888, 1, 2, 2),
(56714888, 9, 3, 2),
(56770434, 1, 1, 2),
(56770434, 8, 2, 2),
(56830465, 9, 1, 1),
(56830465, 7, 2, 2),
(56830465, 8, 3, 1),
(56986965, 10, 1, 3),
(56986965, 6, 2, 2),
(57058152, 10, 1, 3),
(57058152, 1, 2, 1),
(57136503, 3, 1, 1),
(57136503, 4, 2, 1),
(57136503, 10, 3, 2),
(57136503, 7, 4, 1),
(57291537, 10, 1, 1),
(57291537, 7, 2, 2),
(57291537, 5, 3, 2),
(57367124, 3, 1, 1),
(57367124, 2, 2, 2),
(57514263, 7, 1, 1),
(57514263, 4, 2, 1),
(57514263, 9, 3, 1),
(57547861, 8, 1, 1),
(57547861, 6, 2, 1),
(57549802, 3, 1, 2),
(57549802, 5, 2, 2),
(57573139, 6, 1, 2),
(57573139, 4, 2, 2),
(57573139, 8, 3, 1),
(57624130, 5, 1, 1),
(57624130, 3, 2, 1),
(57624130, 8, 3, 2),
(57801574, 3, 1, 2),
(57801574, 8, 2, 1),
(57801985, 7, 1, 2),
(57801985, 2, 2, 1),
(57801985, 5, 3, 1),
(58256307, 5, 1, 1),
(58256307, 4, 2, 2),
(58256307, 1, 3, 1),
(58276848, 3, 1, 1),
(58276848, 8, 2, 2),
(58276848, 4, 3, 1),
(58401066, 2, 1, 2),
(58401066, 10, 2, 1),
(58401066, 3, 3, 1),
(58519184, 10, 1, 1),
(58519184, 6, 2, 1),
(58530484, 8, 1, 1),
(58530484, 9, 2, 2),
(58530484, 6, 3, 1),
(58557105, 10, 1, 2),
(58557105, 1, 2, 2),
(58612006, 5, 1, 2),
(58612006, 8, 2, 1),
(58690183, 7, 1, 2),
(58690183, 6, 2, 2),
(58707874, 1, 1, 1),
(58707874, 5, 2, 1),
(58818705, 7, 1, 1),
(58818705, 2, 2, 1),
(58818705, 1, 3, 1),
(58840611, 6, 1, 2),
(58840611, 7, 3, 1),
(58897657, 8, 1, 1),
(58897657, 7, 2, 1),
(58901813, 7, 1, 2),
(58901813, 6, 2, 2),
(58901813, 9, 3, 1),
(58973073, 2, 1, 1),
(58973073, 6, 2, 1),
(58973073, 5, 3, 1),
(59051730, 3, 1, 1),
(59051730, 5, 2, 1),
(59068081, 3, 1, 1),
(59068081, 8, 3, 1),
(59156018, 8, 1, 1),
(59156018, 2, 2, 2),
(59195847, 2, 1, 1),
(59283446, 8, 1, 1),
(59283446, 5, 3, 1),
(59286674, 10, 1, 1),
(59286674, 1, 2, 1),
(59404503, 5, 1, 2),
(59404503, 10, 2, 1),
(59412022, 9, 1, 2),
(59412022, 6, 2, 1),
(59412022, 8, 3, 1),
(59412022, 10, 4, 1),
(59436097, 8, 1, 1),
(59524603, 9, 1, 1),
(59524603, 2, 2, 2),
(59524603, 1, 3, 2),
(59644983, 6, 1, 2),
(59644983, 2, 2, 2),
(59651440, 9, 1, 2),
(59651440, 1, 3, 2),
(59651440, 4, 4, 1),
(59656586, 9, 1, 1),
(59656586, 5, 2, 1),
(59678922, 7, 1, 2),
(59678922, 2, 2, 1),
(59715158, 6, 1, 2),
(59715158, 7, 2, 1),
(59808093, 8, 1, 2),
(59808093, 2, 3, 1),
(59808973, 6, 1, 2),
(59808973, 8, 2, 2),
(59847656, 10, 1, 2),
(59847656, 3, 2, 2),
(59947152, 3, 1, 1),
(59984221, 2, 1, 2),
(59984221, 7, 2, 2),
(59984221, 10, 3, 1),
(60155522, 3, 1, 1),
(60235839, 6, 1, 2),
(60235839, 8, 2, 2),
(60352690, 4, 1, 1),
(60381913, 9, 1, 2),
(60381913, 3, 2, 1),
(60429539, 9, 1, 2),
(60429539, 1, 2, 1),
(60429539, 7, 3, 1),
(60429539, 2, 4, 1),
(60487036, 6, 1, 2),
(60487036, 2, 2, 2),
(60487036, 4, 3, 1),
(60505381, 7, 1, 1),
(60505381, 1, 2, 2),
(60600135, 3, 1, 2),
(60600135, 7, 2, 1),
(60600135, 6, 3, 2),
(60600135, 1, 4, 2),
(60631481, 8, 1, 2),
(60631481, 3, 3, 1),
(60680811, 10, 1, 2),
(60680811, 2, 2, 2),
(60728233, 10, 1, 2),
(60728233, 2, 2, 1),
(60728233, 7, 3, 2),
(60746806, 3, 1, 3),
(60797491, 7, 1, 2),
(60797491, 10, 2, 1),
(60825107, 9, 1, 1),
(60825107, 7, 2, 2),
(60825107, 5, 3, 1),
(60841916, 1, 1, 2),
(60841916, 7, 2, 2),
(60841916, 5, 3, 2),
(61053459, 1, 1, 2),
(61053459, 3, 2, 1),
(61062781, 10, 1, 1),
(61076382, 2, 1, 1),
(61076382, 6, 2, 2),
(61089355, 8, 1, 2),
(61089355, 7, 2, 2),
(61089355, 10, 4, 1),
(61192716, 1, 1, 2),
(61192716, 4, 2, 2),
(61195275, 5, 1, 2),
(61195275, 1, 2, 2),
(61309205, 6, 1, 2),
(61485366, 10, 1, 1),
(61485366, 5, 2, 2),
(61535564, 6, 1, 2),
(61535564, 3, 2, 1),
(61535564, 9, 3, 2),
(61689121, 8, 1, 2),
(61689121, 9, 2, 2),
(61689121, 3, 3, 1),
(61745139, 7, 1, 1),
(61830074, 7, 1, 2),
(61830074, 1, 2, 1),
(61830074, 4, 3, 2),
(61877498, 2, 1, 1),
(61877498, 3, 2, 2),
(61877498, 6, 3, 2),
(61877498, 8, 4, 1),
(62020770, 8, 1, 2),
(62020770, 5, 2, 1),
(62020770, 10, 3, 1),
(62043336, 7, 1, 1),
(62043336, 10, 3, 2),
(62070236, 1, 1, 2),
(62070236, 4, 2, 3),
(62070236, 7, 3, 2),
(62072005, 4, 1, 2),
(62084842, 7, 1, 1),
(62084842, 9, 2, 1),
(62171675, 5, 1, 1),
(62171675, 6, 2, 2),
(62213436, 9, 1, 2),
(62213436, 2, 2, 1),
(62213436, 8, 3, 1),
(62215152, 3, 1, 2),
(62215152, 1, 2, 2),
(62215152, 7, 3, 1),
(62255979, 9, 1, 2),
(62255979, 1, 2, 2),
(62266028, 9, 1, 2),
(62266028, 2, 2, 1),
(62349770, 2, 1, 2),
(62349770, 9, 2, 1),
(62376142, 2, 1, 1),
(62376142, 8, 2, 1),
(62376142, 1, 3, 1),
(62376142, 7, 4, 2),
(62382690, 1, 1, 1),
(62382690, 5, 2, 2),
(62398509, 5, 1, 2),
(62398509, 1, 2, 1),
(62398509, 6, 3, 1),
(62631307, 7, 1, 1),
(62631307, 4, 2, 1),
(62631307, 9, 3, 1),
(62728655, 10, 1, 1),
(62728655, 5, 2, 2),
(62753718, 8, 1, 1),
(62753718, 9, 2, 1),
(62769426, 8, 1, 3),
(62769426, 4, 2, 2),
(62838357, 2, 1, 2),
(62974992, 2, 1, 1),
(62974992, 3, 2, 1),
(63019997, 4, 1, 2),
(63099833, 9, 1, 2),
(63099833, 4, 2, 2),
(63152006, 10, 1, 1),
(63152006, 3, 2, 2),
(63233846, 4, 1, 2),
(63233846, 6, 2, 2),
(63267731, 6, 1, 3),
(63267731, 5, 2, 2),
(63322170, 9, 1, 2),
(63341140, 5, 1, 2),
(63341140, 6, 2, 1),
(63369895, 4, 1, 1),
(63369895, 5, 2, 2),
(63369895, 9, 3, 2),
(63400811, 5, 1, 1),
(63400811, 1, 2, 2),
(63443469, 10, 1, 2),
(63443469, 7, 2, 1),
(63443469, 4, 3, 1),
(63444732, 8, 1, 2),
(63444732, 1, 2, 1),
(63447500, 2, 1, 1),
(63503216, 5, 1, 2),
(63503216, 7, 2, 2),
(63517733, 8, 1, 1),
(63517733, 3, 2, 2),
(63566538, 7, 1, 1),
(63697676, 3, 1, 1),
(63697676, 10, 2, 2),
(63714182, 1, 1, 2),
(63714182, 10, 2, 2),
(63776489, 8, 1, 1),
(63853601, 10, 1, 1),
(63853601, 2, 2, 2),
(63853601, 6, 3, 1),
(64083916, 3, 1, 1),
(64083916, 8, 2, 3),
(64096818, 5, 1, 1),
(64096818, 4, 2, 1),
(64108427, 1, 1, 2),
(64108427, 7, 2, 1),
(64138445, 9, 1, 2),
(64138445, 5, 2, 2),
(64138445, 8, 3, 2),
(64171892, 4, 1, 3),
(64171892, 9, 2, 1),
(64171892, 1, 3, 2),
(64243050, 10, 1, 2),
(64243050, 7, 2, 1),
(64277546, 2, 1, 1),
(64277546, 6, 2, 2),
(64332889, 8, 1, 2),
(64332889, 2, 2, 2),
(64507559, 5, 1, 2),
(64507559, 10, 3, 1),
(64522038, 9, 1, 1),
(64522038, 7, 2, 1),
(64522038, 5, 3, 2),
(64522038, 4, 4, 1),
(64563612, 6, 1, 1),
(64563612, 1, 2, 1),
(64686506, 4, 1, 1),
(64686506, 6, 2, 2),
(64686506, 1, 3, 2),
(64788864, 6, 1, 2),
(64798298, 3, 1, 1),
(64798298, 8, 3, 2),
(64832383, 6, 1, 2),
(64832383, 10, 2, 2),
(64857371, 9, 1, 2),
(64857371, 4, 2, 1),
(64857371, 5, 3, 2),
(64939289, 2, 1, 1),
(64939289, 1, 2, 1),
(64991852, 2, 1, 1),
(64991852, 1, 2, 1),
(64991852, 8, 3, 2),
(65063501, 3, 1, 2),
(65063501, 4, 2, 1),
(65127257, 1, 1, 1),
(65127257, 4, 2, 2),
(65127257, 5, 3, 1),
(65455578, 9, 1, 1),
(65543013, 1, 1, 1),
(65543013, 4, 2, 1),
(65626582, 4, 1, 2),
(65626582, 6, 2, 2),
(65733457, 2, 1, 1),
(65733457, 8, 2, 2),
(65744955, 10, 1, 2),
(65744955, 2, 2, 2),
(65744955, 9, 3, 1),
(65758798, 1, 1, 2),
(65758798, 4, 2, 2),
(65765626, 3, 1, 1),
(65765626, 10, 2, 1),
(65765626, 9, 3, 2),
(65829352, 2, 1, 1),
(65829352, 7, 2, 2),
(65854275, 8, 1, 2),
(65995842, 4, 1, 2),
(65995842, 1, 2, 1),
(65995842, 6, 3, 1),
(66029070, 6, 1, 2),
(66029070, 10, 2, 2),
(66029070, 3, 3, 1),
(66084785, 9, 1, 1),
(66084785, 7, 2, 2),
(66084785, 1, 3, 1),
(66164438, 6, 1, 2),
(66164438, 9, 2, 2),
(66197589, 8, 1, 1),
(66197589, 10, 2, 1),
(66197589, 6, 3, 1),
(66197589, 2, 4, 2),
(66216441, 1, 1, 2),
(66216441, 5, 2, 2),
(66233746, 2, 1, 1),
(66233746, 7, 3, 2),
(66252148, 3, 1, 1),
(66274475, 3, 1, 2),
(66274475, 2, 2, 1),
(66336683, 9, 1, 3),
(66336683, 4, 2, 2),
(66336683, 3, 3, 2),
(66336683, 5, 4, 1),
(66352688, 5, 1, 1),
(66352688, 3, 2, 2),
(66352688, 6, 3, 1),
(66359063, 8, 1, 2),
(66359063, 10, 2, 2),
(66483192, 1, 1, 2),
(66686747, 5, 1, 2),
(66686747, 1, 3, 2),
(66743933, 3, 1, 2),
(66743933, 6, 2, 1),
(66743933, 1, 3, 1),
(66743933, 2, 4, 2),
(66897001, 2, 1, 2),
(66897001, 9, 2, 1),
(66953357, 8, 1, 2),
(66953357, 1, 2, 2),
(66953357, 3, 3, 1),
(67003578, 2, 1, 1),
(67003578, 5, 2, 2),
(67190370, 8, 1, 1),
(67190370, 2, 2, 2),
(67190370, 9, 3, 2),
(67313890, 5, 1, 1),
(67313890, 3, 2, 1),
(67313890, 9, 3, 1),
(67334319, 5, 1, 1),
(67334319, 9, 2, 1),
(67461340, 10, 1, 1),
(67461340, 7, 2, 2),
(67484818, 2, 1, 1),
(67484818, 4, 2, 1),
(67595902, 6, 1, 2),
(67595902, 5, 2, 2),
(67595902, 1, 3, 1),
(67662559, 1, 1, 2),
(67662559, 6, 2, 2),
(67700918, 10, 1, 1),
(67700918, 6, 2, 2),
(67700918, 2, 3, 1),
(67734056, 5, 1, 2),
(67734056, 6, 2, 2),
(67815104, 1, 1, 2),
(67815104, 10, 2, 2),
(67815104, 2, 3, 2),
(67892752, 6, 1, 1),
(67892752, 4, 2, 1),
(67924519, 7, 1, 1),
(67924519, 9, 2, 3),
(68146225, 8, 1, 1),
(68151420, 2, 1, 1),
(68151420, 7, 2, 1),
(68151420, 5, 3, 2),
(68168194, 1, 1, 1),
(68168194, 10, 2, 2),
(68168194, 2, 3, 1),
(68219770, 1, 1, 2),
(68419494, 10, 1, 1),
(68475667, 10, 1, 3),
(68475667, 9, 2, 2),
(68544212, 10, 1, 1),
(68544212, 1, 2, 2),
(68552974, 8, 1, 1),
(68552974, 3, 2, 1),
(68636153, 9, 1, 2),
(68636153, 5, 2, 2),
(68659318, 6, 1, 2),
(68659318, 2, 3, 1),
(68979481, 7, 1, 1),
(68979481, 5, 2, 2),
(68979481, 10, 3, 2),
(68987024, 8, 1, 2),
(68987024, 6, 2, 1),
(69073847, 1, 1, 2),
(69073847, 2, 2, 1),
(69106425, 6, 1, 1),
(69106425, 3, 2, 2),
(69246383, 10, 1, 1),
(69246383, 1, 2, 2),
(69272768, 5, 1, 1),
(69272768, 6, 2, 1),
(69319590, 7, 1, 2),
(69319590, 9, 2, 1),
(69354725, 9, 1, 1),
(69354725, 1, 2, 2),
(69354725, 10, 3, 1),
(69354725, 6, 4, 2),
(69372997, 2, 1, 1),
(69535396, 4, 1, 1),
(69535396, 1, 2, 1),
(69535396, 2, 3, 1),
(69647014, 5, 1, 2),
(69660513, 7, 1, 1),
(69660513, 2, 2, 2),
(69663693, 3, 1, 1),
(69663693, 4, 3, 1),
(69692378, 9, 1, 2),
(69692378, 4, 2, 1),
(69692378, 8, 3, 1),
(69692378, 6, 4, 2),
(69761259, 4, 1, 1),
(69761259, 2, 2, 1),
(69847559, 2, 1, 1),
(69847559, 1, 2, 2),
(69847559, 7, 3, 1),
(69847559, 6, 4, 1),
(69895414, 6, 1, 2),
(69895414, 7, 2, 2),
(69895414, 9, 3, 1),
(69964539, 7, 1, 1),
(69964539, 8, 2, 2),
(70100874, 4, 1, 1),
(70100874, 5, 2, 1),
(70125837, 5, 1, 2),
(70125837, 4, 2, 1),
(70179446, 2, 1, 2),
(70179446, 10, 2, 1),
(70330566, 9, 1, 1),
(70330566, 4, 2, 2),
(70344743, 7, 1, 1),
(70375914, 1, 1, 2),
(70375914, 4, 2, 1),
(70375914, 9, 3, 2),
(70541731, 8, 1, 1),
(70541731, 2, 2, 1),
(70552884, 8, 1, 2),
(70605903, 9, 1, 1),
(70605903, 6, 2, 2),
(70651630, 1, 1, 2),
(70651630, 5, 2, 2),
(70659972, 5, 1, 1),
(70659972, 1, 2, 2),
(70659972, 9, 3, 1),
(70659972, 7, 4, 1),
(70659972, 8, 5, 2),
(70680729, 6, 1, 1),
(70680729, 7, 2, 2),
(70835129, 10, 1, 2),
(70835129, 9, 2, 1),
(71099134, 4, 1, 2),
(71099134, 5, 2, 1),
(71099134, 2, 3, 2),
(71110720, 5, 1, 1),
(71110720, 1, 2, 2),
(71110720, 4, 3, 2),
(71148871, 7, 1, 1),
(71148871, 5, 2, 1),
(71174615, 4, 1, 2),
(71174615, 1, 2, 1),
(71260405, 2, 1, 2),
(71260405, 7, 2, 2),
(71260405, 3, 3, 2),
(71280110, 8, 1, 1),
(71280110, 2, 2, 1),
(71280110, 6, 3, 2),
(71280110, 5, 4, 2),
(71311604, 8, 1, 1),
(71311604, 4, 2, 1),
(71318215, 10, 1, 1),
(71318215, 9, 2, 1),
(71318215, 7, 3, 2),
(71324838, 10, 1, 1),
(71324838, 3, 2, 2),
(71330469, 7, 1, 1),
(71330469, 2, 2, 1),
(71348062, 5, 1, 1),
(71348062, 4, 2, 2),
(71354784, 6, 1, 1),
(71354784, 1, 2, 2),
(71354784, 3, 3, 1),
(71354784, 7, 4, 1),
(71363280, 7, 1, 1),
(71363280, 8, 2, 2),
(71427869, 5, 1, 2),
(71427869, 1, 2, 1),
(71427869, 8, 3, 1),
(71457511, 2, 1, 2),
(71457511, 7, 2, 1),
(71457511, 10, 3, 2),
(71492377, 8, 1, 1),
(71492377, 2, 2, 1),
(71492377, 10, 3, 2),
(71524703, 3, 1, 1),
(71524703, 8, 3, 2),
(71563477, 8, 1, 1),
(71563477, 9, 2, 2),
(71563477, 2, 3, 1),
(71563477, 6, 4, 2),
(71607490, 2, 1, 2),
(71607490, 5, 2, 1),
(71697271, 8, 1, 2),
(71697271, 5, 2, 1),
(71697271, 10, 3, 1),
(71725802, 7, 1, 2),
(71725802, 4, 2, 2),
(71728244, 7, 1, 2),
(71728244, 2, 2, 1),
(71749914, 4, 1, 1),
(71749914, 1, 2, 2),
(71749914, 8, 3, 2),
(71749914, 5, 5, 3),
(71750850, 5, 1, 1),
(71750850, 2, 2, 2),
(71750850, 8, 3, 1),
(71846158, 3, 1, 1),
(71846158, 10, 2, 1),
(71846158, 9, 3, 2),
(71875622, 3, 1, 1),
(71875622, 7, 2, 1),
(71875622, 2, 3, 1),
(71924738, 1, 1, 2),
(71924738, 3, 2, 2),
(71945349, 10, 1, 1),
(71945349, 5, 2, 1),
(71945349, 6, 4, 1),
(72181086, 7, 1, 2),
(72190694, 4, 1, 1),
(72190694, 6, 2, 2),
(72227982, 2, 1, 1),
(72227982, 6, 2, 2),
(72392715, 10, 1, 2),
(72392715, 6, 2, 1),
(72492969, 3, 1, 2),
(72492969, 10, 2, 1),
(72522532, 4, 1, 2),
(72522532, 10, 2, 1),
(72522532, 3, 3, 1),
(72552130, 3, 1, 2),
(72552130, 6, 2, 1),
(72578910, 1, 1, 1),
(72578910, 5, 2, 1),
(72578910, 3, 3, 2),
(72592859, 6, 1, 2),
(72592859, 5, 2, 1),
(72672827, 2, 1, 1),
(72672827, 7, 3, 1),
(72709925, 4, 1, 2),
(72709925, 5, 2, 3),
(72783629, 6, 1, 2),
(72783629, 8, 2, 1),
(72857107, 3, 1, 1),
(72857107, 10, 2, 2),
(72857107, 5, 3, 1),
(72890227, 9, 1, 2),
(72890227, 10, 2, 1),
(72953606, 9, 1, 1),
(72953606, 6, 2, 2),
(72974339, 2, 1, 2),
(72974339, 8, 2, 1),
(72974339, 5, 3, 1),
(72987778, 10, 1, 2),
(72987778, 5, 2, 1),
(72987778, 7, 3, 1),
(72987778, 3, 4, 2),
(73051806, 1, 1, 2),
(73051806, 10, 2, 1),
(73052876, 10, 1, 2),
(73052876, 9, 2, 1),
(73052876, 8, 3, 1),
(73052876, 4, 4, 2),
(73154261, 4, 1, 1),
(73154261, 7, 2, 1),
(73449321, 7, 1, 2),
(73449321, 3, 2, 2),
(73551042, 6, 1, 1),
(73552910, 2, 1, 1),
(73552910, 10, 2, 1),
(73554351, 7, 1, 2),
(73554351, 6, 2, 1),
(73665604, 6, 1, 1),
(73665604, 2, 2, 1),
(73665604, 10, 3, 1),
(73696739, 5, 1, 2),
(73696739, 1, 2, 2),
(73696739, 2, 3, 1),
(73947359, 3, 1, 2),
(73947359, 10, 3, 2),
(73966429, 9, 1, 1),
(73966429, 7, 2, 2),
(74021606, 2, 1, 2),
(74021606, 5, 2, 2),
(74021606, 4, 3, 1),
(74080534, 5, 1, 1),
(74080534, 8, 2, 1),
(74220994, 6, 1, 1),
(74220994, 9, 2, 2),
(74220994, 5, 3, 1),
(74588963, 3, 1, 3),
(74588963, 1, 2, 3),
(74588963, 6, 3, 1),
(74606241, 4, 1, 1),
(74606241, 8, 2, 1),
(74606241, 1, 3, 1),
(74606241, 2, 4, 2),
(74615710, 2, 1, 2),
(74615710, 4, 2, 2),
(74615710, 9, 3, 1),
(74615710, 5, 4, 1),
(74810464, 10, 1, 1),
(74810464, 1, 2, 2),
(74810464, 5, 3, 1),
(74900163, 1, 1, 2),
(74900163, 9, 2, 1),
(74900163, 7, 3, 1),
(74922776, 3, 1, 1),
(74922776, 10, 2, 1),
(75112498, 8, 1, 1),
(75112498, 4, 2, 2),
(75112498, 10, 3, 1),
(75145738, 10, 1, 1),
(75145738, 7, 2, 1),
(75145738, 8, 3, 2),
(75145738, 1, 4, 2),
(75249498, 6, 1, 2),
(75249498, 8, 2, 2),
(75249498, 9, 3, 1),
(75312030, 7, 1, 1),
(75312030, 6, 2, 1),
(75312030, 5, 3, 2),
(75346949, 10, 1, 1),
(75429383, 9, 1, 2),
(75429383, 7, 2, 1),
(75465620, 2, 1, 2),
(75465620, 10, 2, 2),
(75465620, 8, 3, 2),
(75467647, 9, 1, 1),
(75467647, 3, 2, 1),
(75467647, 4, 3, 2),
(75483007, 7, 1, 1),
(75520340, 4, 1, 1),
(75520340, 2, 2, 1),
(75577657, 6, 1, 2),
(75577657, 10, 2, 1),
(75766002, 2, 1, 1),
(75766002, 9, 2, 3),
(75891622, 7, 1, 1),
(75891622, 2, 2, 2),
(76054189, 5, 1, 3),
(76054189, 9, 2, 2),
(76054189, 2, 4, 1),
(76221798, 7, 1, 1),
(76221798, 4, 2, 1),
(76221798, 6, 4, 2),
(76241455, 3, 1, 2),
(76241455, 1, 2, 2),
(76302579, 5, 1, 2),
(76369404, 2, 1, 2),
(76369404, 7, 2, 1),
(76369404, 6, 3, 1),
(76430586, 4, 1, 1),
(76528357, 10, 1, 2),
(76528357, 6, 2, 1),
(76617921, 7, 1, 1),
(76617921, 1, 2, 2),
(76628133, 5, 1, 1),
(76628133, 7, 2, 2),
(76628133, 6, 3, 1),
(76628133, 4, 4, 1),
(76668789, 8, 1, 1),
(76778594, 7, 1, 2),
(76778594, 5, 2, 2),
(76795673, 2, 1, 1),
(76795673, 7, 2, 1),
(76795673, 10, 3, 2),
(76852888, 1, 1, 2),
(76852888, 8, 2, 2),
(76879035, 3, 1, 1),
(76879035, 2, 2, 1),
(76879035, 7, 3, 1),
(77099188, 3, 1, 1),
(77099188, 4, 2, 1),
(77099188, 6, 3, 2),
(77102542, 7, 1, 1),
(77102542, 9, 2, 2),
(77102542, 5, 3, 1),
(77116196, 6, 1, 2),
(77116196, 5, 2, 1),
(77116196, 2, 3, 1),
(77203429, 5, 1, 1),
(77203429, 1, 2, 2),
(77203429, 4, 3, 1),
(77218770, 1, 1, 1),
(77218770, 10, 2, 1),
(77218770, 3, 3, 1),
(77428170, 9, 1, 2),
(77428170, 3, 2, 1);
INSERT INTO `invoice_line` (`Invoice_ID`, `Menu_Item_Num`, `Line_No`, `Quantity`) VALUES
(77482152, 9, 1, 1),
(77482152, 6, 2, 1),
(77550265, 10, 1, 2),
(77550265, 3, 2, 3),
(77550265, 6, 3, 1),
(77782206, 8, 1, 1),
(77843534, 3, 1, 1),
(77843534, 10, 2, 2),
(77877146, 10, 1, 2),
(77877146, 6, 2, 1),
(77877146, 1, 3, 2),
(77907542, 3, 1, 2),
(77907542, 8, 2, 2),
(77977549, 4, 1, 2),
(77977549, 2, 2, 1),
(77977549, 5, 3, 1),
(78007927, 8, 1, 1),
(78007927, 4, 2, 2),
(78054846, 2, 1, 1),
(78054846, 9, 2, 2),
(78143539, 4, 1, 2),
(78143539, 2, 2, 1),
(78143539, 7, 3, 1),
(78194794, 7, 1, 1),
(78194794, 10, 2, 1),
(78194794, 4, 3, 1),
(78275924, 10, 1, 1),
(78435677, 8, 1, 2),
(78435677, 7, 2, 2),
(78435677, 1, 3, 1),
(78498460, 8, 1, 2),
(78498460, 1, 2, 2),
(78571731, 9, 1, 2),
(78571731, 3, 2, 1),
(78700337, 7, 1, 2),
(78700337, 9, 2, 1),
(78772492, 6, 1, 2),
(78778291, 5, 1, 2),
(78778291, 4, 2, 1),
(78778291, 10, 3, 1),
(78807900, 1, 1, 2),
(78807900, 10, 2, 2),
(78929268, 2, 1, 3),
(78929268, 1, 2, 2),
(78929268, 10, 3, 2),
(78974515, 4, 1, 1),
(78974515, 8, 2, 2),
(78974515, 1, 3, 2),
(79034572, 10, 1, 2),
(79034572, 7, 2, 2),
(79034572, 8, 3, 1),
(79087096, 10, 1, 2),
(79087096, 9, 2, 1),
(79087096, 6, 3, 1),
(79105331, 4, 1, 2),
(79105331, 6, 2, 2),
(79131564, 6, 1, 1),
(79131564, 7, 2, 1),
(79206323, 9, 1, 2),
(79206323, 10, 2, 3),
(79332744, 5, 1, 2),
(79332744, 8, 2, 3),
(79367956, 7, 1, 1),
(79367956, 10, 2, 2),
(79374841, 6, 1, 1),
(79374841, 9, 2, 2),
(79424621, 4, 1, 2),
(79424621, 9, 2, 1),
(79511735, 2, 1, 1),
(79511735, 4, 2, 1),
(79600486, 6, 1, 2),
(79600486, 4, 2, 2),
(79626248, 6, 1, 1),
(79626248, 8, 2, 1),
(79626248, 2, 4, 2),
(79852781, 9, 1, 2),
(79882183, 5, 1, 1),
(79882183, 3, 2, 1),
(79882183, 7, 3, 1),
(80029611, 8, 1, 2),
(80029611, 2, 2, 1),
(80222888, 9, 1, 1),
(80222888, 8, 2, 1),
(80222888, 5, 3, 1),
(80222888, 1, 4, 1),
(80222888, 6, 5, 1),
(80242038, 10, 1, 2),
(80242038, 3, 2, 1),
(80242038, 8, 3, 2),
(80333346, 10, 1, 1),
(80333346, 9, 2, 2),
(80333346, 6, 3, 1),
(80348192, 7, 1, 2),
(80348192, 2, 2, 2),
(80348192, 8, 3, 2),
(80353059, 10, 1, 2),
(80353059, 4, 2, 1),
(80393498, 8, 1, 1),
(80393498, 2, 2, 1),
(80393498, 1, 3, 1),
(80468051, 10, 1, 2),
(80468051, 1, 2, 1),
(80468051, 6, 3, 1),
(80523619, 5, 1, 1),
(80523619, 6, 2, 1),
(80523619, 2, 3, 1),
(80523619, 4, 4, 2),
(80855503, 6, 1, 2),
(80855503, 10, 2, 1),
(80863288, 4, 1, 1),
(80919293, 9, 1, 2),
(80919293, 3, 2, 2),
(81103300, 1, 1, 2),
(81103300, 7, 2, 2),
(81105943, 10, 1, 1),
(81111356, 6, 1, 1),
(81182690, 10, 1, 1),
(81182690, 8, 2, 1),
(81183169, 3, 1, 2),
(81183169, 9, 2, 2),
(81191994, 6, 1, 2),
(81191994, 10, 2, 1),
(81277902, 1, 1, 2),
(81280945, 4, 1, 1),
(81280945, 7, 2, 1),
(81280945, 9, 3, 2),
(81342074, 8, 1, 2),
(81342074, 5, 2, 2),
(81351769, 10, 1, 1),
(81351769, 9, 2, 2),
(81351769, 1, 3, 3),
(81686124, 5, 1, 2),
(81686124, 3, 2, 2),
(81686124, 6, 3, 1),
(81686124, 1, 4, 2),
(81888662, 8, 1, 2),
(81888662, 5, 2, 1),
(82068532, 7, 1, 1),
(82183413, 5, 1, 1),
(82183413, 6, 2, 1),
(82183413, 3, 3, 2),
(82186235, 6, 1, 2),
(82186235, 4, 2, 2),
(82227743, 3, 1, 2),
(82227743, 8, 2, 2),
(82259160, 2, 1, 2),
(82259160, 7, 2, 1),
(82259160, 8, 4, 1),
(82350060, 6, 1, 2),
(82350060, 3, 3, 2),
(82392617, 8, 1, 1),
(82392617, 6, 2, 1),
(82406978, 9, 1, 2),
(82406978, 7, 2, 2),
(82450817, 2, 1, 2),
(82450817, 6, 2, 2),
(82450817, 7, 3, 2),
(82513040, 1, 1, 1),
(82513040, 8, 2, 2),
(82513040, 6, 3, 3),
(82724414, 5, 1, 1),
(82724414, 4, 2, 1),
(82749493, 3, 1, 2),
(82749493, 8, 2, 1),
(82749493, 2, 3, 1),
(82754470, 4, 1, 2),
(82754470, 7, 2, 1),
(82844413, 3, 1, 2),
(82844413, 7, 2, 2),
(82849088, 5, 1, 2),
(82849088, 8, 2, 2),
(82849088, 10, 3, 2),
(82866480, 4, 1, 1),
(82866480, 9, 2, 2),
(82866480, 8, 3, 1),
(82880782, 5, 1, 1),
(82880782, 3, 2, 1),
(82924934, 9, 1, 2),
(82929801, 8, 1, 1),
(83151840, 1, 1, 2),
(83151840, 10, 2, 1),
(83215317, 9, 1, 1),
(83215317, 6, 2, 2),
(83223931, 8, 1, 1),
(83223931, 10, 2, 2),
(83249979, 1, 1, 1),
(83268925, 3, 1, 1),
(83268925, 9, 2, 1),
(83268925, 7, 3, 2),
(83340698, 8, 1, 1),
(83340698, 5, 2, 3),
(83340698, 3, 3, 1),
(83342118, 2, 1, 2),
(83342118, 8, 2, 2),
(83342118, 9, 3, 3),
(83394160, 1, 1, 2),
(83458287, 2, 1, 1),
(83458287, 7, 2, 2),
(83458287, 4, 3, 2),
(83626272, 9, 1, 2),
(83626272, 3, 2, 2),
(83626272, 4, 3, 2),
(83640422, 5, 1, 1),
(83640422, 2, 2, 1),
(83640422, 4, 3, 1),
(83640422, 3, 4, 2),
(83664268, 5, 1, 2),
(83664268, 3, 2, 1),
(83716897, 5, 1, 2),
(83716897, 9, 2, 1),
(83734126, 7, 1, 2),
(83734126, 3, 2, 2),
(83734126, 9, 3, 1),
(83757232, 2, 1, 1),
(83757232, 1, 2, 1),
(83783606, 7, 1, 2),
(83783606, 2, 2, 1),
(83793176, 6, 1, 2),
(83811295, 9, 1, 2),
(83811295, 8, 2, 1),
(83824941, 1, 1, 1),
(83830151, 3, 1, 2),
(83830151, 4, 2, 2),
(83830151, 1, 3, 2),
(83830151, 6, 4, 2),
(83881284, 4, 1, 1),
(83881284, 6, 2, 2),
(83905943, 5, 1, 1),
(83905943, 9, 2, 2),
(84018077, 3, 1, 2),
(84060737, 1, 1, 1),
(84060737, 8, 2, 1),
(84089408, 3, 1, 1),
(84089408, 2, 2, 2),
(84169085, 7, 1, 1),
(84169085, 9, 2, 1),
(84169085, 10, 3, 2),
(84336458, 6, 1, 1),
(84336458, 10, 2, 1),
(84336458, 8, 3, 1),
(84374073, 9, 1, 2),
(84374073, 10, 2, 1),
(84478069, 9, 1, 2),
(84478069, 5, 3, 2),
(84631372, 8, 1, 1),
(84744489, 2, 1, 2),
(84744489, 5, 2, 2),
(84751962, 5, 1, 1),
(84751962, 1, 2, 1),
(84801852, 2, 1, 3),
(84801852, 1, 2, 2),
(85024667, 3, 1, 1),
(85024667, 1, 2, 2),
(85024667, 2, 3, 2),
(85089925, 10, 1, 2),
(85089925, 6, 2, 1),
(85290569, 3, 1, 2),
(85290569, 10, 2, 2),
(85423256, 8, 1, 2),
(85423256, 6, 2, 1),
(85423256, 1, 3, 2),
(85603271, 9, 1, 1),
(85603271, 3, 2, 1),
(85646485, 4, 1, 2),
(85646485, 3, 3, 1),
(85674832, 7, 1, 2),
(85674832, 1, 2, 2),
(85760942, 7, 1, 2),
(85760942, 9, 2, 3),
(85760942, 1, 3, 1),
(85867094, 9, 1, 1),
(85867094, 10, 2, 1),
(85891403, 5, 1, 1),
(85918679, 5, 1, 2),
(85918679, 1, 2, 2),
(86016024, 3, 1, 1),
(86016024, 7, 2, 1),
(86049772, 8, 1, 3),
(86049772, 1, 2, 1),
(86049772, 5, 3, 2),
(86181897, 10, 1, 2),
(86181897, 7, 2, 1),
(86181897, 4, 3, 1),
(86243728, 3, 1, 1),
(86243728, 8, 2, 2),
(86299055, 10, 1, 2),
(86299055, 2, 2, 2),
(86299055, 1, 3, 2),
(86456192, 10, 1, 1),
(86456192, 6, 2, 2),
(86456192, 3, 3, 1),
(86619478, 1, 1, 1),
(86619478, 5, 2, 2),
(86619478, 10, 3, 2),
(86654667, 5, 1, 2),
(86654667, 8, 2, 3),
(86654667, 4, 3, 2),
(86886161, 5, 1, 1),
(87136247, 6, 1, 2),
(87136247, 9, 2, 1),
(87136247, 4, 4, 2),
(87241271, 2, 1, 1),
(87584357, 3, 1, 2),
(87701534, 7, 1, 1),
(87701534, 9, 2, 2),
(87701534, 3, 3, 1),
(87704020, 4, 1, 1),
(87704020, 2, 2, 1),
(87807302, 6, 1, 2),
(87807302, 1, 3, 2),
(87869679, 7, 1, 1),
(87869679, 2, 2, 1),
(87869679, 4, 3, 2),
(87877723, 7, 1, 2),
(87929770, 1, 1, 1),
(87929770, 5, 2, 1),
(87929770, 7, 3, 1),
(87950723, 7, 1, 2),
(87950723, 5, 2, 1),
(87950723, 3, 3, 1),
(87953187, 9, 1, 1),
(87953187, 6, 2, 1),
(88025905, 6, 1, 1),
(88025905, 7, 2, 2),
(88025905, 4, 3, 3),
(88051091, 8, 1, 1),
(88051091, 6, 2, 2),
(88051091, 2, 3, 1),
(88231567, 7, 1, 1),
(88231567, 3, 2, 1),
(88267368, 10, 1, 1),
(88267368, 7, 2, 2),
(88356955, 6, 1, 1),
(88356955, 4, 2, 2),
(88373784, 1, 1, 2),
(88373784, 7, 2, 1),
(88485952, 10, 1, 1),
(88485952, 6, 3, 1),
(88488302, 2, 1, 1),
(88488302, 6, 2, 1),
(88488302, 3, 3, 1),
(88488302, 4, 4, 2),
(88509740, 8, 1, 1),
(88599054, 2, 1, 2),
(88599054, 9, 2, 2),
(88599054, 6, 3, 2),
(88684789, 7, 1, 2),
(88828062, 9, 1, 2),
(88828062, 3, 2, 2),
(88914338, 2, 1, 1),
(88914338, 1, 2, 2),
(88990986, 4, 1, 1),
(88990986, 9, 2, 1),
(89107615, 7, 1, 1),
(89107615, 10, 2, 2),
(89370833, 6, 1, 1),
(89370833, 10, 2, 1),
(89370833, 7, 3, 2),
(89428354, 5, 1, 1),
(89428354, 6, 2, 1),
(89502002, 9, 1, 2),
(89502002, 8, 2, 2),
(89502002, 1, 3, 1),
(89663081, 9, 1, 1),
(89707638, 2, 1, 2),
(89707638, 8, 2, 1),
(89707638, 9, 3, 1),
(89938966, 8, 1, 1),
(89938966, 9, 2, 2),
(90007561, 10, 1, 2),
(90007561, 2, 2, 1),
(90007561, 5, 3, 1),
(90011507, 4, 1, 2),
(90011507, 9, 2, 1),
(90011507, 8, 3, 2),
(90125907, 2, 1, 2),
(90230819, 8, 1, 2),
(90230819, 10, 2, 1),
(90240636, 5, 1, 2),
(90240636, 10, 2, 3),
(90298812, 7, 1, 2),
(90298812, 1, 2, 1),
(90298812, 5, 3, 2),
(90298895, 7, 1, 2),
(90298895, 5, 3, 2),
(90324042, 3, 1, 2),
(90324042, 8, 2, 1),
(90425266, 3, 1, 1),
(90425266, 2, 2, 1),
(90425266, 1, 3, 2),
(90472836, 10, 1, 1),
(90472836, 8, 2, 2),
(90472887, 2, 1, 1),
(90472887, 7, 2, 1),
(90488613, 2, 1, 2),
(90488613, 1, 2, 1),
(90488613, 6, 3, 2),
(90489694, 7, 1, 1),
(90489694, 10, 2, 2),
(90537257, 5, 1, 2),
(90537257, 1, 2, 2),
(90537257, 2, 3, 2),
(90572417, 9, 1, 2),
(90620975, 9, 1, 1),
(90620975, 4, 2, 2),
(90620975, 10, 3, 1),
(90620975, 6, 4, 2),
(90958325, 9, 1, 2),
(90958325, 10, 2, 2),
(90972706, 5, 1, 1),
(90972706, 3, 2, 1),
(90972706, 9, 3, 1),
(91017268, 1, 1, 1),
(91017268, 10, 2, 2),
(91126749, 8, 1, 1),
(91126749, 4, 2, 2),
(91137025, 5, 1, 1),
(91137025, 2, 2, 1),
(91252093, 4, 1, 2),
(91252093, 8, 2, 1),
(91252093, 2, 3, 1),
(91252093, 6, 4, 2),
(91252093, 9, 5, 2),
(91265822, 5, 1, 1),
(91265822, 1, 2, 2),
(91265822, 9, 3, 2),
(91272415, 6, 1, 2),
(91272415, 4, 2, 2),
(91272415, 5, 3, 2),
(91274723, 5, 1, 1),
(91274723, 3, 2, 1),
(91274723, 9, 3, 2),
(91290358, 4, 1, 1),
(91290358, 3, 2, 1),
(91300101, 3, 1, 1),
(91300101, 10, 2, 1),
(91352781, 8, 1, 1),
(91352781, 3, 2, 1),
(91366769, 3, 1, 1),
(91366769, 1, 2, 1),
(91366769, 2, 3, 2),
(91376503, 4, 1, 2),
(91376503, 2, 2, 1),
(91376503, 5, 3, 2),
(91463191, 8, 1, 1),
(91463191, 1, 2, 2),
(91463191, 7, 3, 1),
(91518006, 3, 1, 1),
(91555164, 10, 1, 1),
(91561229, 1, 1, 1),
(91561229, 3, 2, 1),
(91677976, 5, 1, 1),
(91677976, 1, 3, 1),
(91714727, 5, 1, 2),
(91714727, 10, 2, 1),
(91731804, 6, 1, 1),
(91731804, 10, 2, 1),
(91853870, 1, 1, 2),
(91853870, 3, 2, 1),
(91853870, 9, 3, 2),
(91853870, 2, 4, 2),
(91989667, 1, 1, 2),
(91989667, 6, 2, 1),
(91989667, 5, 3, 1),
(92009275, 5, 1, 1),
(92066351, 8, 1, 2),
(92066351, 9, 2, 2),
(92066351, 7, 3, 2),
(92196317, 6, 1, 1),
(92196317, 3, 2, 1),
(92241263, 5, 1, 2),
(92241263, 4, 2, 1),
(92241263, 9, 3, 1),
(92291876, 10, 1, 2),
(92291876, 8, 2, 2),
(92380229, 9, 1, 2),
(92380229, 3, 2, 2),
(92380229, 8, 3, 2),
(92380903, 2, 1, 1),
(92380903, 3, 3, 1),
(92507706, 9, 1, 1),
(92545165, 7, 1, 1),
(92545165, 1, 2, 1),
(92549544, 1, 1, 2),
(92579614, 6, 1, 2),
(92579614, 4, 2, 2),
(92579614, 7, 3, 1),
(92717108, 9, 1, 2),
(92717108, 8, 2, 2),
(92717108, 2, 3, 2),
(92717108, 5, 5, 1),
(92724279, 9, 1, 2),
(92724279, 8, 2, 1),
(92724279, 10, 3, 1),
(92753417, 8, 1, 2),
(92753417, 6, 2, 1),
(92837102, 3, 1, 2),
(92837102, 8, 2, 2),
(92903746, 7, 1, 1),
(92903746, 1, 2, 1),
(93015075, 2, 1, 2),
(93015075, 3, 2, 2),
(93109471, 9, 1, 1),
(93186606, 5, 1, 1),
(93208012, 6, 1, 1),
(93208012, 5, 2, 2),
(93208012, 2, 3, 2),
(93282589, 2, 1, 1),
(93282589, 6, 2, 2),
(93325592, 2, 1, 1),
(93325592, 1, 2, 1),
(93325592, 9, 3, 1),
(93469170, 2, 1, 1),
(93564920, 5, 1, 1),
(93564920, 3, 2, 2),
(93609428, 7, 1, 1),
(93609428, 8, 2, 2),
(93609428, 4, 3, 2),
(93641730, 9, 1, 1),
(93641730, 4, 2, 2),
(93641730, 5, 3, 2),
(93646335, 9, 1, 2),
(93830591, 2, 1, 2),
(93864798, 1, 1, 2),
(93864798, 2, 2, 2),
(93864798, 7, 3, 1),
(93983674, 3, 1, 1),
(93983674, 7, 2, 2),
(94108178, 9, 1, 2),
(94108178, 3, 2, 2),
(94134855, 5, 1, 1),
(94134855, 2, 2, 2),
(94286414, 7, 1, 1),
(94286414, 6, 2, 1),
(94317373, 1, 1, 1),
(94317373, 7, 2, 1),
(94317373, 3, 3, 2),
(94319137, 4, 1, 2),
(94334623, 5, 1, 2),
(94334623, 1, 2, 1),
(94334623, 8, 3, 2),
(94347562, 7, 1, 3),
(94383864, 3, 1, 1),
(94383864, 7, 2, 1),
(94440272, 9, 1, 1),
(94440272, 3, 2, 2),
(94440272, 10, 3, 1),
(94440272, 2, 4, 1),
(94522217, 10, 1, 2),
(94522217, 3, 2, 1),
(94538294, 3, 1, 1),
(94538294, 6, 2, 2),
(94538294, 5, 3, 1),
(94586377, 7, 1, 1),
(94586377, 6, 2, 2),
(94586377, 5, 3, 1),
(94636270, 7, 1, 1),
(94636270, 3, 2, 2),
(94637139, 7, 1, 1),
(94637139, 9, 2, 1),
(94637139, 8, 3, 1),
(94715295, 8, 1, 1),
(94715295, 10, 2, 2),
(94746265, 5, 1, 2),
(94746265, 4, 2, 1),
(94930732, 9, 1, 2),
(94930732, 6, 2, 1),
(94930732, 1, 3, 2),
(95068430, 2, 1, 1),
(95068430, 8, 2, 1),
(95096298, 4, 1, 1),
(95096298, 7, 2, 1),
(95096298, 9, 3, 1),
(95155007, 10, 1, 2),
(95155007, 8, 2, 2),
(95155007, 6, 3, 1),
(95183408, 4, 1, 1),
(95183408, 1, 2, 2),
(95213715, 1, 1, 1),
(95274820, 2, 1, 1),
(95274820, 9, 2, 2),
(95274820, 10, 3, 1),
(95285478, 2, 1, 1),
(95285478, 9, 2, 3),
(95391344, 3, 1, 2),
(95391344, 8, 2, 2),
(95411521, 5, 1, 1),
(95411521, 6, 2, 2),
(95411521, 8, 3, 1),
(95419628, 5, 1, 1),
(95419628, 3, 2, 1),
(95419628, 10, 3, 1),
(95419628, 9, 4, 2),
(95467665, 4, 1, 2),
(95467665, 10, 2, 1),
(95510563, 3, 1, 1),
(95510563, 5, 3, 1),
(95690323, 7, 1, 2),
(95719584, 5, 1, 2),
(95739300, 3, 1, 2),
(95739300, 2, 2, 1),
(95739891, 6, 1, 2),
(95792432, 10, 1, 2),
(95792432, 3, 2, 1),
(95805798, 10, 1, 2),
(95805798, 1, 2, 1),
(95840456, 10, 1, 1),
(95840456, 7, 2, 1),
(95840456, 8, 3, 2),
(95876994, 1, 1, 2),
(95876994, 9, 2, 2),
(96093911, 9, 1, 2),
(96093911, 8, 2, 2),
(96093911, 7, 3, 1),
(96123373, 3, 1, 2),
(96123373, 8, 2, 2),
(96123373, 9, 3, 2),
(96160211, 3, 1, 3),
(96160211, 2, 2, 1),
(96265847, 8, 1, 1),
(96265847, 5, 2, 2),
(96294493, 9, 1, 1),
(96294493, 8, 2, 2),
(96313915, 5, 1, 1),
(96314013, 7, 1, 2),
(96522581, 3, 1, 2),
(96522581, 4, 2, 1),
(96631817, 8, 1, 2),
(96631817, 6, 2, 1),
(96723258, 1, 1, 1),
(96723258, 2, 2, 2),
(96723258, 7, 3, 2),
(96773765, 1, 1, 1),
(96773765, 6, 2, 2),
(96773765, 2, 3, 1),
(96872705, 5, 1, 2),
(96872705, 7, 2, 1),
(96872705, 10, 3, 1),
(96888074, 5, 1, 1),
(96888074, 2, 2, 2),
(96933401, 8, 1, 1),
(96933401, 6, 2, 1),
(96981157, 1, 1, 2),
(96981157, 8, 2, 2),
(96981157, 7, 3, 1),
(97053861, 4, 1, 2),
(97053861, 2, 3, 2),
(97294188, 8, 1, 2),
(97294188, 6, 2, 1),
(97420174, 4, 1, 1),
(97420174, 3, 3, 1),
(97435970, 2, 1, 2),
(97435970, 4, 2, 1),
(97435970, 1, 3, 1),
(97863997, 7, 1, 2),
(97863997, 5, 2, 2),
(97863997, 4, 3, 2),
(97863997, 9, 4, 2),
(97902906, 4, 1, 2),
(97902906, 7, 2, 1),
(97911081, 8, 1, 2),
(97911081, 10, 2, 1),
(98017756, 2, 1, 1),
(98017756, 9, 2, 1),
(98017756, 5, 3, 1),
(98040888, 4, 1, 2),
(98040888, 9, 2, 2),
(98040888, 6, 3, 2),
(98080220, 6, 1, 1),
(98165272, 8, 1, 1),
(98165272, 3, 2, 1),
(98328373, 1, 1, 2),
(98328373, 5, 2, 1),
(98328373, 6, 3, 1),
(98361720, 1, 1, 2),
(98361720, 7, 2, 2),
(98462653, 2, 1, 2),
(98462653, 5, 2, 1),
(98462653, 9, 3, 2),
(98534565, 3, 1, 2),
(98534565, 7, 2, 1),
(98662601, 4, 1, 1),
(98662601, 8, 2, 1),
(98705250, 8, 1, 2),
(98705250, 9, 2, 3),
(98708699, 4, 1, 2),
(98715309, 1, 1, 1),
(98715309, 9, 2, 2),
(98739503, 7, 1, 2),
(98739503, 2, 2, 1),
(98870472, 7, 1, 2),
(98870472, 3, 2, 1),
(98870472, 8, 3, 1),
(98892093, 4, 1, 1),
(98892093, 1, 2, 1),
(98893030, 9, 1, 2),
(98893030, 7, 2, 2),
(98893030, 3, 3, 3),
(98943683, 9, 1, 1),
(98943683, 4, 2, 1),
(98943683, 8, 3, 2),
(98974567, 5, 1, 2),
(98974567, 8, 2, 1),
(98974567, 3, 3, 1),
(99121172, 8, 1, 1),
(99225506, 4, 1, 1),
(99225506, 2, 2, 1),
(99225506, 1, 4, 1),
(99286116, 5, 1, 2),
(99286116, 3, 2, 2),
(99356830, 2, 1, 1),
(99356830, 3, 2, 2),
(99415683, 1, 1, 1),
(99415683, 3, 2, 2),
(99415683, 2, 3, 2),
(99478388, 10, 1, 2),
(99478388, 6, 2, 2),
(99478388, 5, 3, 1),
(99496354, 8, 1, 1),
(99496354, 7, 3, 1),
(99496354, 5, 4, 1),
(99510824, 1, 1, 2),
(99510824, 6, 2, 1),
(99510824, 9, 3, 2),
(99586053, 10, 1, 2),
(99600973, 2, 1, 2),
(99600973, 3, 2, 2),
(99669175, 2, 1, 1),
(99669175, 4, 3, 1),
(99768129, 9, 1, 1),
(99768129, 5, 2, 1),
(99843942, 2, 1, 1),
(99843942, 6, 2, 1),
(99884392, 9, 1, 2),
(99884392, 8, 2, 2),
(99920744, 2, 1, 2),
(99948482, 9, 1, 1),
(99948482, 2, 2, 3),
(99948482, 1, 3, 1),
(99963795, 10, 1, 2),
(99963795, 5, 2, 2);

-- --------------------------------------------------------

--
-- Table structure for table `menu_item`
--

CREATE TABLE `menu_item` (
  `Menu_Item_Num` int(8) NOT NULL,
  `Name` varchar(25) NOT NULL,
  `Description` varchar(75) NOT NULL,
  `Cost` int(6) NOT NULL COMMENT 'xx.xx',
  `Price` int(6) NOT NULL COMMENT 'xx.xx'
) ENGINE=InnoDB DEFAULT CHARSET=utf8mb4;

--
-- Dumping data for table `menu_item`
--

INSERT INTO `menu_item` (`Menu_Item_Num`, `Name`, `Description`, `Cost`, `Price`) VALUES
(1, 'Cheese Pizza', 'Classic cheese pizza', 8, 20),
(2, 'Pepperoni Pizza', 'Pizza with pepperoni toppings', 9, 21),
(3, 'Hawaiian Pizza', 'Pizza with pineapple toppings', 10, 23),
(4, 'Veggie Pizza', 'Pizza just right for vegetarians', 9, 21),
(5, 'Combination Pizza', 'Pizza with many toppings', 9, 22),
(6, 'Sausage Pizza', 'Pizza with sausage toppings', 9, 22),
(7, 'Bacon Pizza', 'Pizza with bacon toppings', 10, 23),
(8, 'Anchovies Pizza', 'Pizza with anchovies toppings', 10, 26),
(9, 'Eggplant Pizza', 'Pizza with eggplant toppings', 9, 22),
(10, 'Extra Cheese Pizza', 'Cheese pizza with extra cheese toppings!', 10, 24);

-- --------------------------------------------------------

--
-- Table structure for table `menu_item_ingredient`
--

CREATE TABLE `menu_item_ingredient` (
  `Menu_Item_Num` int(8) NOT NULL,
  `Ingredient_ID` int(8) NOT NULL
) ENGINE=InnoDB DEFAULT CHARSET=utf8mb4;

--
-- Dumping data for table `menu_item_ingredient`
--

INSERT INTO `menu_item_ingredient` (`Menu_Item_Num`, `Ingredient_ID`) VALUES
(1, 1),
(1, 2),
(1, 3),
(1, 4),
(1, 5),
(1, 6),
(1, 7),
(1, 8),
(1, 9),
(1, 10),
(1, 11),
(1, 12),
(1, 13),
(1, 14),
(1, 15),
(1, 16),
(1, 17),
(1, 18),
(1, 19),
(1, 20),
(2, 1),
(2, 2),
(2, 3),
(2, 4),
(2, 5),
(2, 6),
(2, 7),
(2, 8),
(2, 9),
(2, 10),
(2, 11),
(2, 12),
(2, 13),
(2, 14),
(2, 15),
(2, 16),
(2, 17),
(2, 18),
(2, 19),
(2, 20),
(3, 1),
(3, 2),
(3, 3),
(3, 4),
(3, 5),
(3, 6),
(3, 7),
(3, 8),
(3, 9),
(3, 10),
(3, 11),
(3, 12),
(3, 13),
(3, 14),
(3, 15),
(3, 16),
(3, 17),
(3, 18),
(3, 19),
(3, 20),
(4, 1),
(4, 2),
(4, 3),
(4, 4),
(4, 5),
(4, 6),
(4, 7),
(4, 8),
(4, 9),
(4, 10),
(4, 11),
(4, 12),
(4, 13),
(4, 14),
(4, 15),
(4, 16),
(4, 17),
(4, 18),
(4, 19),
(4, 20),
(5, 1),
(5, 2),
(5, 3),
(5, 4),
(5, 5),
(5, 6),
(5, 7),
(5, 8),
(5, 9),
(5, 10),
(5, 11),
(5, 12),
(5, 13),
(5, 14),
(5, 15),
(5, 16),
(5, 17),
(5, 18),
(5, 19),
(5, 20),
(6, 1),
(6, 2),
(6, 3),
(6, 4),
(6, 5),
(6, 6),
(6, 7),
(6, 8),
(6, 9),
(6, 10),
(6, 11),
(6, 12),
(6, 13),
(6, 14),
(6, 15),
(6, 16),
(6, 17),
(6, 18),
(6, 19),
(6, 20),
(7, 1),
(7, 2),
(7, 3),
(7, 4),
(7, 5),
(7, 6),
(7, 7),
(7, 8),
(7, 9),
(7, 10),
(7, 11),
(7, 12),
(7, 13),
(7, 14),
(7, 15),
(7, 16),
(7, 17),
(7, 18),
(7, 19),
(7, 20),
(8, 1),
(8, 2),
(8, 3),
(8, 4),
(8, 5),
(8, 6),
(8, 7),
(8, 8),
(8, 9),
(8, 10),
(8, 11),
(8, 12),
(8, 13),
(8, 14),
(8, 15),
(8, 16),
(8, 17),
(8, 18),
(8, 19),
(8, 20),
(9, 1),
(9, 2),
(9, 3),
(9, 4),
(9, 5),
(9, 6),
(9, 7),
(9, 8),
(9, 9),
(9, 10),
(9, 11),
(9, 12),
(9, 13),
(9, 14),
(9, 15),
(9, 16),
(9, 17),
(9, 18),
(9, 19),
(9, 20),
(10, 1),
(10, 2),
(10, 3),
(10, 4),
(10, 5),
(10, 6),
(10, 7),
(10, 8),
(10, 9),
(10, 10),
(10, 11),
(10, 12),
(10, 13),
(10, 14),
(10, 15),
(10, 16),
(10, 17),
(10, 18),
(10, 19),
(10, 20);

-- --------------------------------------------------------

--
-- Table structure for table `pick_up`
--

CREATE TABLE `pick_up` (
  `Pickup_ID` int(8) NOT NULL,
  `First_name` varchar(25) NOT NULL,
  `Last_name` varchar(25) NOT NULL,
  `Phone_number` int(10) NOT NULL COMMENT '10 digits',
  `Address` varchar(50) DEFAULT NULL,
  `Email` varchar(25) DEFAULT NULL
) ENGINE=InnoDB DEFAULT CHARSET=utf8mb4;

--
-- Dumping data for table `pick_up`
--

INSERT INTO `pick_up` (`Pickup_ID`, `First_name`, `Last_name`, `Phone_number`, `Address`, `Email`) VALUES
(0, 'test', 'tester', 2147483647, '', ''),
(10115959, 'Bella', 'Furlow', 2147483647, '591 Claremont Park', 'bfurlow2m@abc.net.au'),
(10410463, 'Tanner', 'MacCrann', 2147483647, '', ''),
(10666138, 'Sal', 'Kirtland', 2147483647, '', ''),
(11399665, 'Delores', 'Chick', 2147483647, '798 Fordem Court', 'dchick27@odnoklassniki.ru'),
(11518311, 'Renault', 'Kenealy', 2147483647, '15777 Emmet Point', 'rkenealy31@usda.gov'),
(12095182, 'Kelcey', 'Heggadon', 2147483647, '95963 Nova Lane', 'kheggadon2z@nationalgeogr'),
(12897991, 'Warde', 'Van Daalen', 2147483647, '510 David Place', 'wvandaalen28@about.com'),
(13058070, 'Chere', 'Ferraresi', 2147483647, '', 'cferraresia@biglobe.ne.jp'),
(13552112, 'Renault', 'Kenealy', 2147483647, '15777 Emmet Point', 'rkenealy31@usda.gov'),
(13941859, 'Dacie', 'Hallbord', 2147483647, '', ''),
(14960284, 'Carleen', 'Bastard', 2147483647, '', ''),
(17134250, 'Judi', 'Pundy', 2147483647, '', ''),
(17495194, 'Joelly', 'Drewes', 2147483647, '', ''),
(17725895, 'Valery', 'Fall', 2147483647, '28491 Eliot Circle', 'vfall30@hao123.com'),
(18164970, 'Page', 'Guyer', 2147483647, '7392 Badeau Drive', 'pguyer32@bigcartel.com'),
(18194516, 'Cristal', 'Maymond', 2147483647, '', ''),
(19086278, 'Regina', 'Scullion', 2147483647, '', ''),
(19507276, 'Cloe', 'Crampin', 2147483647, '', ''),
(19941457, 'Rockwell', 'Labarre', 2147483647, '', ''),
(20175938, 'Westbrook', 'Treadaway', 2147483647, '729 Gateway Park', 'wtreadawaye@spiegel.de'),
(21354927, 'Danica', 'Wardrope', 2147483647, '', ''),
(21783847, 'Quent', 'Giannasi', 2147483647, '', ''),
(21992381, 'Clarey', 'Torritti', 2147483647, '', ''),
(22120137, 'Kirby', 'Hiner', 2147483647, '', 'khinerb@cbc.ca'),
(22328447, 'Kirby', 'Hiner', 2147483647, '', 'khinerb@cbc.ca'),
(22503289, 'Orly', 'Dumphrey', 2147483647, '', ''),
(22594734, 'Fredericka', 'Kingscote', 2147483647, '', ''),
(22689038, 'Sophronia', 'Reiach', 2147483647, '02293 Wayridge Trail', 'sreiach1d@lulu.com'),
(22704249, 'Kinsley', 'Cristoferi', 2147483647, '909 Lien Point', ''),
(22706207, 'Lilyan', 'Kerbler', 2147483647, '', ''),
(22975862, 'Elmer', 'Scutter', 2147483647, '3 Oak Drive', 'escutter1t@ibm.com'),
(23838872, 'My', 'Yearnes', 2147483647, '78654 Truax Center', 'myearnesd@mapquest.com'),
(24154859, 'Cayla', 'Sponder', 2147483647, '27403 Manufacturers Point', 'csponder3m@about.me'),
(24892788, 'Scotti', 'Duignan', 2147483647, '', 'sduignanc@patch.com'),
(25262458, 'Avictor', 'Mocquer', 2147483647, '', ''),
(26194108, 'Antonius', 'Court', 2147483647, '0 Delaware Trail', 'acourt57@va.gov'),
(27395848, 'Mil', 'Deacock', 2147483647, '', ''),
(27452603, 'Cathrine', 'Mogg', 2147483647, '33191 Wayridge Alley', 'cmogg1f@w3.org'),
(27608220, 'Virgie', 'Blune', 2147483647, '', ''),
(28155600, 'Valery', 'Fall', 2147483647, '28491 Eliot Circle', 'vfall30@hao123.com'),
(28918457, 'Gannie', 'Bradbury', 2147483647, '731 North Road', 'gbradbury18@ed.gov'),
(29690108, 'Martainn', 'Oloshin', 2147483647, '771 Kensington Alley', 'moloshin5f@fda.gov'),
(29887354, 'Madalena', 'Perryn', 2147483647, '', ''),
(30502920, 'Ginni', 'Baitson', 2147483647, '02 Farragut Terrace', 'gbaitsonf@lycos.com'),
(30733847, 'Amargo', 'Ricco', 2147483647, '02964 Basil Place', ''),
(30764800, 'Shawn', 'Glencross', 2147483647, '', ''),
(31281049, 'Albertine', 'Sleeford', 2147483647, '', ''),
(32197157, 'Georgeanna', 'Broadnicke', 2147483647, '53968 Mosinee Circle', 'gbroadnicke29@joomla.org'),
(32561193, 'Vernen', 'Corbitt', 2147483647, '023 Iowa Place', ''),
(33582215, 'Orin', 'Hasnney', 2147483647, '', ''),
(33668980, 'Marlene', 'Longmuir', 2147483647, '79 Fremont Court', 'mlongmuir1e@salon.com'),
(33815681, 'Tabitha', 'Rickford', 2147483647, '', 'trickford1j@xing.com'),
(33936306, 'Manuel', 'Devoy', 2147483647, '', ''),
(33968717, 'Deanna', 'Issacoff', 2147483647, '', ''),
(34236425, 'Jeniffer', 'Trivett', 2147483647, '', ''),
(34899211, 'Anett', 'Rookledge', 2147483647, '', ''),
(36033245, 'Birgit', 'Fairhall', 2147483647, '', ''),
(36162332, 'Harlin', 'Grindlay', 2147483647, '4 Raven Park', 'hgrindlay3n@mashable.com'),
(36579938, 'Maria', 'Gilbart', 2147483647, '', ''),
(36868834, 'Dorine', 'Gaythor', 2147483647, '', ''),
(37334384, 'Kirby', 'Hiner', 2147483647, '', 'khinerb@cbc.ca'),
(38018079, 'Doroteya', 'Wolpert', 2147483647, '72 Dovetail Drive', 'dwolpert2y@state.tx.us'),
(38103851, 'Scotti', 'Duignan', 2147483647, '', 'sduignanc@patch.com'),
(38120726, 'Lilyan', 'Kerbler', 2147483647, '', ''),
(38227410, 'Rurik', 'Kroch', 2147483647, '', ''),
(38433406, 'Pip', 'Rodenburg', 2147483647, '4 Saint Paul Hill', 'prodenburg13@dmoz.org'),
(38632720, 'Reece', 'Smees', 2147483647, '', ''),
(38824003, 'Tannie', 'Eslie', 2147483647, '', ''),
(38916069, 'Page', 'Guyer', 2147483647, '7392 Badeau Drive', 'pguyer32@bigcartel.com'),
(39465744, 'Morganica', 'Kilgallon', 2147483647, '', ''),
(41122138, 'Marcos', 'Hallawell', 2147483647, '', ''),
(41574171, 'Randee', 'MacKey', 2147483647, '874 Emmet Terrace', ''),
(42630375, 'Silvain', 'Phipp', 2147483647, '562 Bultman Crossing', 'sphippo@craigslist.org'),
(43199374, 'Lilyan', 'Kerbler', 2147483647, '', ''),
(44188510, 'Clair', 'Broady', 2147483647, '880 Brickson Park Street', 'cbroady33@myspace.com'),
(44436232, 'Lorrin', 'McGall', 2147483647, '02 Arkansas Road', 'lmcgall1r@hexun.com'),
(44558363, 'My', 'Yearnes', 2147483647, '78654 Truax Center', 'myearnesd@mapquest.com'),
(44578365, 'My', 'Yearnes', 2147483647, '78654 Truax Center', 'myearnesd@mapquest.com'),
(45072200, 'Wendeline', 'Sawley', 2147483647, '', ''),
(45590249, 'Akim', 'Tarbin', 2147483647, '019 Dexter Street', 'atarbinq@amazonaws.com'),
(45747569, 'Arlyn', 'Hoofe', 2147483647, '41 Rutledge Park', 'ahoofe3q@bbc.co.uk'),
(45927222, 'Chere', 'Ferraresi', 2147483647, '', 'cferraresia@biglobe.ne.jp'),
(46630916, 'Ginnie', 'Everist', 2147483647, '8 Union Alley', 'geverist2j@nytimes.com'),
(47142345, 'Renault', 'Kenealy', 2147483647, '15777 Emmet Point', 'rkenealy31@usda.gov'),
(47580015, 'Tannie', 'Eslie', 2147483647, '', ''),
(48546755, 'Bernette', 'Conaghy', 2147483647, '75636 Canary Pass', 'bconaghy1q@sogou.com'),
(48973868, 'Emilie', 'Klaessen', 2147483647, '', ''),
(49027360, 'Edan', 'Maccrae', 2147483647, '433 Packers Center', 'emaccrae15@multiply.com'),
(49567898, 'Bradley', 'Pendrigh', 2147483647, '333 Moulton Junction', ''),
(49726731, 'Pepito', 'Fyers', 2147483647, '', 'pfyers1h@engadget.com'),
(50109601, 'El', 'Olliff', 2147483647, '', ''),
(51644080, 'Loria', 'Squelch', 2147483647, '', ''),
(51669921, 'Lanie', 'Sackes', 2147483647, '', 'lsackes1i@sciencedaily.co'),
(51817502, 'Wendeline', 'Sawley', 2147483647, '', ''),
(51977962, 'Armin', 'Caudrelier', 2147483647, '', ''),
(52091383, 'Tannie', 'Eslie', 2147483647, '', ''),
(52407738, 'Farleigh', 'Malshinger', 2147483647, '', ''),
(53420786, 'Aube', 'Coppen', 2147483647, '', ''),
(53997929, 'Abra', 'Durran', 2147483647, '', ''),
(54058376, 'Chere', 'Ferraresi', 2147483647, '', 'cferraresia@biglobe.ne.jp'),
(54278919, 'Ingram', 'Collabine', 2147483647, '', ''),
(54325683, 'Genevra', 'Itzkovwich', 2147483647, '', ''),
(54749301, 'Ermanno', 'Fairfoul', 2147483647, '', ''),
(55885193, 'Cristobal', 'Morot', 2147483647, '23062 Novick Parkway', 'cmoroth@163.com'),
(56989587, 'Scotti', 'Duignan', 2147483647, '', 'sduignanc@patch.com'),
(57129119, 'Alanna', 'Rosenbarg', 2147483647, '13979 Shoshone Park', 'arosenbarg3p@marriott.com'),
(57383793, 'Ava', 'Clementi', 2147483647, '93756 Northfield Plaza', 'aclementi1s@twitter.com'),
(57756807, 'Wendeline', 'Sawley', 2147483647, '', ''),
(58255928, 'Dagmar', 'Matteo', 2147483647, '', ''),
(58322843, 'Jane', 'Kahan', 2147483647, '', ''),
(58354507, 'Sean', 'Cayford', 2147483647, '4643 Bluejay Lane', 'scayford5i@digg.com'),
(58874287, 'Tymon', 'Libri', 2147483647, '18 Jenna Drive', 'tlibri5e@usgs.gov'),
(58935372, 'Tannie', 'Eslie', 2147483647, '', ''),
(59110154, 'Nertie', 'Matschuk', 2147483647, '0 Di Loreto Trail', 'nmatschuk5h@boston.com'),
(59336282, 'Benjie', 'Seabon', 2147483647, '', ''),
(59920840, 'Kirby', 'Hiner', 2147483647, '', 'khinerb@cbc.ca'),
(59993877, 'Ashlee', 'Mauvin', 2147483647, '', ''),
(60154801, 'Valery', 'Fall', 2147483647, '28491 Eliot Circle', 'vfall30@hao123.com'),
(60428676, 'Scotti', 'Duignan', 2147483647, '', 'sduignanc@patch.com'),
(60922340, 'Shaun', 'Silley', 2147483647, '85 Nelson Lane', 'ssilley2r@ning.com'),
(61017406, 'Caldwell', 'Cheesley', 2147483647, '552 Donald Drive', 'ccheesley3o@yolasite.com'),
(61491170, 'Vinita', 'Fewlass', 2147483647, '', ''),
(61643062, 'Loretta', 'Tichner', 2147483647, '46147 Russell Terrace', 'ltichner5g@163.com'),
(61679512, 'Woodman', 'Manilove', 2147483647, '', ''),
(61868392, 'Mattias', 'Bosnell', 2147483647, '', ''),
(62127791, 'Wini', 'Swalwell', 2147483647, '', ''),
(62228294, 'Kirby', 'Hiner', 2147483647, '', 'khinerb@cbc.ca'),
(63041122, 'Marys', 'McCullock', 2147483647, '', ''),
(63425733, 'Olva', 'Spiaggia', 2147483647, '', ''),
(63813004, 'Nikolia', 'Killelea', 2147483647, '', ''),
(63868052, 'Tannie', 'Eslie', 2147483647, '', ''),
(64235911, 'Ottilie', 'Pollicote', 2147483647, '', ''),
(64458848, 'Lacy', 'Jeffery', 2147483647, '', ''),
(64508777, 'Sarina', 'Farmar', 2147483647, '21020 Hallows Road', 'sfarmar5j@omniture.com'),
(64612115, 'Oran', 'Twigg', 2147483647, '', ''),
(65811040, 'Catharine', 'MacKettrick', 2147483647, '86433 North Circle', 'cmackettrick17@shop-pro.j'),
(65974691, 'Lilyan', 'Kerbler', 2147483647, '', ''),
(65990533, 'Vivien', 'Tunder', 2147483647, '1 Bonner Park', 'vtunder2l@ebay.co.uk'),
(66280567, 'Haley', 'Meachem', 2147483647, '', ''),
(66516479, 'Arch', 'Clowes', 2147483647, '', ''),
(66875727, 'My', 'Yearnes', 2147483647, '78654 Truax Center', 'myearnesd@mapquest.com'),
(67220452, 'Ximenes', 'Chaldecott', 2147483647, '', ''),
(69347045, 'Timi', 'Delph', 2147483647, '', ''),
(69991139, 'Haydon', 'Cristofor', 2147483647, '', ''),
(70317384, 'Nathanial', 'Ashby', 2147483647, '231 Bay Trail', 'nashbyt@php.net'),
(71491544, 'Page', 'Guyer', 2147483647, '7392 Badeau Drive', 'pguyer32@bigcartel.com'),
(71733699, 'Freddy', 'Harness', 2147483647, '', ''),
(74677338, 'Verne', 'Dolling', 2147483647, '', ''),
(74807976, 'My', 'Yearnes', 2147483647, '78654 Truax Center', 'myearnesd@mapquest.com'),
(75357311, 'Lilyan', 'Kerbler', 2147483647, '', ''),
(76135230, 'Allin', 'Dobbins', 2147483647, '', ''),
(76639458, 'Gauthier', 'Tuffell', 2147483647, '', ''),
(76738515, 'Letisha', 'Cuphus', 2147483647, '', ''),
(76797427, 'Kamillah', 'Aberchirder', 2147483647, '', 'kaberchirder1g@newyorker.'),
(77008935, 'Chere', 'Ferraresi', 2147483647, '', 'cferraresia@biglobe.ne.jp'),
(77510931, 'Jesselyn', 'Scotchforth', 2147483647, '', ''),
(77800376, 'Elka', 'Palley', 2147483647, '', ''),
(78062591, 'Tana', 'Meneghi', 2147483647, '', ''),
(78099872, 'Page', 'Guyer', 2147483647, '7392 Badeau Drive', 'pguyer32@bigcartel.com'),
(80624287, 'Zollie', 'Hardinge', 2147483647, '1 Golf Course Terrace', 'zhardinge2q@deviantart.co'),
(80897738, 'Juliet', 'Sparham', 2147483647, '5843 Schiller Center', 'jsparhams@opera.com'),
(81651601, 'Kassie', 'Austwick', 2147483647, '119 Lakewood Gardens Trail', 'kaustwick0@theatlantic.co'),
(81876855, 'Tansy', 'Stallebrass', 2147483647, '', ''),
(83063164, 'Marchall', 'Derrett', 2147483647, '79042 Porter Hill', ''),
(83425915, 'Angela', 'Gaunson', 2147483647, '', ''),
(83867562, 'Renault', 'Kenealy', 2147483647, '15777 Emmet Point', 'rkenealy31@usda.gov'),
(84042657, 'Guthrie', 'Peyzer', 2147483647, '16 Fulton Parkway', 'gpeyzer2p@phoca.cz'),
(84470161, 'Bette-ann', 'Flowitt', 2147483647, '995 Mayer Parkway', 'bflowittu@yelp.com'),
(84619391, 'Prinz', 'Elger', 2147483647, '7728 Hovde Parkway', 'pelgerr@addthis.com'),
(84772986, 'Chere', 'Ferraresi', 2147483647, '', 'cferraresia@biglobe.ne.jp'),
(85854682, 'Annmaria', 'Pepall', 2147483647, '', ''),
(86940680, 'Karolina', 'Hayman', 2147483647, '', ''),
(87136756, 'Hetti', 'Yakunin', 2147483647, '', ''),
(88430005, 'Milli', 'Cokly', 2147483647, '29389 Iowa Junction', 'mcokly26@de.vu'),
(88653782, 'Wendeline', 'Sawley', 2147483647, '', ''),
(90078523, 'Laural', 'Glauber', 2147483647, '', ''),
(90235024, 'Edgar', 'Briand', 2147483647, '6 Montana Center', 'ebriand2k@pinterest.com'),
(90922762, 'Reta', 'Peyzer', 2147483647, '19 Mallard Place', 'rpeyzer2o@weebly.com'),
(91002756, 'Aundrea', 'Turrell', 2147483647, '', ''),
(92503862, 'Colan', 'Fundell', 2147483647, '', ''),
(93043352, 'Tracie', 'Soares', 2147483647, '08 Luster Plaza', 'tsoares16@msn.com'),
(93150058, 'Chris', 'Oxshott', 2147483647, '', ''),
(93375614, 'Jill', 'Worsam', 2147483647, '5960 Anniversary Terrace', 'jworsam14@google.it'),
(94315580, 'Eliza', 'Stellman', 2147483647, '75 Oxford Avenue', 'estellmanp@boston.com'),
(94647310, 'Wendeline', 'Sawley', 2147483647, '', ''),
(94745981, 'Renelle', 'Leisman', 2147483647, '', ''),
(94872536, 'Gerty', 'Pavolini', 2147483647, '', ''),
(96132932, 'Scotti', 'Duignan', 2147483647, '', 'sduignanc@patch.com'),
(96750504, 'Eunice', 'Kubacki', 2147483647, '', ''),
(96873009, 'Langston', 'Cortez', 2147483647, '55477 Raven Junction', 'lcortez2n@google.ru'),
(97357517, 'Arnaldo', 'Kiernan', 2147483647, '', ''),
(97439304, 'Jacinta', 'Brantzen', 2147483647, '', ''),
(97802011, 'Dorey', 'Udale', 2147483647, '', ''),
(97877773, 'Dan', 'Sambrook', 2147483647, '7 Sachs Junction', 'dsambrook2i@bravesites.co'),
(98398574, 'Bondy', 'Aleksidze', 2147483647, '', ''),
(98414465, 'Crystal', 'Abendroth', 2147483647, '', ''),
(98572122, 'Heinrick', 'Fruser', 2147483647, '7 Lawn Circle', 'hfruserg@i2i.jp'),
(99206861, 'Carlyle', 'Tramel', 2147483647, '5 Center Way', 'ctramel3r@xinhuanet.com'),
(99848477, 'Valery', 'Fall', 2147483647, '28491 Eliot Circle', 'vfall30@hao123.com'),
(99943777, 'Dicky', 'Gallacher', 2147483647, '2 Cordelia Lane', 'dgallacher2a@npr.org');

-- --------------------------------------------------------

--
-- Table structure for table `skipthedishes`
--

CREATE TABLE `skipthedishes` (
  `SkipTheDishes_ID` int(8) NOT NULL,
  `First_name` varchar(25) NOT NULL,
  `Last_name` varchar(25) NOT NULL,
  `Address` varchar(50) NOT NULL,
  `Phone_number` int(10) NOT NULL COMMENT '10 digits',
  `Email` varchar(25) NOT NULL,
  `Service_fee_amount` int(1) NOT NULL COMMENT 'Up to $8'
) ENGINE=InnoDB DEFAULT CHARSET=utf8mb4;

--
-- Dumping data for table `skipthedishes`
--

INSERT INTO `skipthedishes` (`SkipTheDishes_ID`, `First_name`, `Last_name`, `Address`, `Phone_number`, `Email`, `Service_fee_amount`) VALUES
(0, 'test', 'test', 'test drv', 2147483647, 'test@test.ca', 0),
(10022516, 'Maggi', 'Leedes', '0433 Dennis Pass', 2147483647, 'mleedesep@vinaora.com', 8),
(10128006, 'Nestor', 'Bohl', '40503 Northland Road', 2147483647, 'nbohl42@surveymonkey.com', 3),
(10196955, 'Ken', 'Rathke', '43 Pepper Wood Road', 2147483647, 'krathkeb9@si.edu', 8),
(10235115, 'Lindy', 'Jager', '220 Fallview Junction', 2147483647, 'ljager6s@last.fm', 8),
(10353528, 'Belita', 'Bonsul', '66 Arkansas Junction', 2147483647, 'bbonsul5k@twitter.com', 4),
(10428962, 'Abe', 'Easter', '6 Oak Valley Road', 2147483647, 'aeasterh0@51.la', 3),
(10724954, 'Dotti', 'Chatenier', '866 Killdeer Road', 2147483647, 'dchateniere4@craigslist.o', 2),
(10768465, 'Fifine', 'Carstairs', '283 Pankratz Trail', 2147483647, 'fcarstairslb@toplist.cz', 3),
(10778265, 'Thaine', 'Boulds', '703 Buhler Plaza', 2147483647, 'tbouldsdf@histats.com', 7),
(10932865, 'Benedicto', 'Kennham', '284 Jana Parkway', 2147483647, 'bkennhamhs@usa.gov', 1),
(10942768, 'Patsy', 'MacNab', '53 Starling Center', 2147483647, 'pmacnaba2@slate.com', 8),
(11018932, 'Mervin', 'Weekley', '8 Arizona Street', 2147483647, 'mweekleyf1@about.me', 5),
(11043652, 'Odella', 'Popplewell', '475 Menomonie Trail', 2147483647, 'opopplewell28@i2i.jp', 2),
(11295356, 'Cherie', 'Claydon', '1 Dwight Junction', 2147483647, 'cclaydon2@flickr.com', 2),
(11437877, 'Tabby', 'Cleall', '7826 American Ash Center', 2147483647, 'tcleallbp@state.tx.us', 8),
(11552640, 'Selie', 'Walesa', '4396 Namekagon Drive', 2147483647, 'swalesa88@pcworld.com', 3),
(11748184, 'Dudley', 'Edwicker', '53626 Scoville Way', 2147483647, 'dedwicker5@reverbnation.c', 2),
(11815877, 'Sascha', 'Balchen', '380 Northridge Place', 2147483647, 'sbalchen9v@bbc.co.uk', 8),
(11846956, 'Mata', 'Vandenhoff', '04 Loeprich Crossing', 2147483647, 'mvandenhoffb8@networkadve', 2),
(12078655, 'Shelba', 'Citrine', '7 Stuart Alley', 2147483647, 'scitrinea5@feedburner.com', 6),
(12224651, 'Janeta', 'Woodstock', '82954 Springview Way', 2147483647, 'jwoodstockln@answers.com', 3),
(12240365, 'Theressa', 'Straughan', '13 Kropf Junction', 2147483647, 'tstraughan2t@edublogs.org', 3),
(12366194, 'Dulsea', 'Van Driel', '01 Anthes Lane', 2147483647, 'dvandrielhc@disqus.com', 4),
(12374252, 'Eba', 'Skipp', '01 Pawling Point', 2147483647, 'eskippi@arizona.edu', 8),
(12505747, 'Cathlene', 'Littlekit', '9748 Westerfield Center', 2147483647, 'clittlekit60@disqus.com', 2),
(12621671, 'Gerrie', 'Tullett', '678 Crownhardt Hill', 2147483647, 'gtullettai@huffingtonpost', 5),
(12807129, 'Webster', 'Cookman', '919 Judy Junction', 2147483647, 'wcookman5e@columbia.edu', 1),
(12847476, 'Mathian', 'Demangeot', '1 Tomscot Road', 2147483647, 'mdemangeotki@unicef.org', 7),
(13392220, 'Cassie', 'Rosenschein', '53260 Corry Crossing', 2147483647, 'crosenschein7k@ehow.com', 8),
(13405763, 'Brice', 'Dockreay', '3979 Heffernan Parkway', 2147483647, 'bdockreaygw@ebay.com', 2),
(13664225, 'Allyce', 'Tatnell', '579 Tennyson Way', 2147483647, 'atatnell4v@github.io', 8),
(13886773, 'Chancey', 'Jobling', '89 Rutledge Hill', 2147483647, 'cjoblingfm@cdbaby.com', 6),
(14107405, 'Kenn', 'Clemes', '1744 Forest Pass', 2147483647, 'kclemes4w@wikimedia.org', 3),
(14275276, 'Lani', 'Climo', '6249 Oxford Terrace', 2147483647, 'lclimo8a@noaa.gov', 7),
(14433986, 'Horten', 'Verchambre', '447 Northland Alley', 2147483647, 'hverchambreb4@marketwatch', 6),
(14530167, 'Valaree', 'Gumme', '8 Dunning Alley', 2147483647, 'vgummehk@sitemeter.com', 5),
(14546010, 'Maire', 'Ingleson', '85252 Stephen Avenue', 2147483647, 'minglesonet@nsw.gov.au', 8),
(14589064, 'Tabbie', 'Huggett', '09285 Crowley Hill', 2147483647, 'thuggett7d@washington.edu', 5),
(14638603, 'Wallace', 'Mobbs', '1 Stoughton Street', 2147483647, 'wmobbsgv@taobao.com', 4),
(14732983, 'Frank', 'Drinkhill', '398 Lawn Parkway', 2147483647, 'fdrinkhill6x@google.ru', 6),
(14738175, 'Maisie', 'Yegorovnin', '7 Rockefeller Trail', 2147483647, 'myegorovnin8n@cornell.edu', 6),
(15086547, 'Anabel', 'Lambal', '9051 Troy Avenue', 2147483647, 'alamballk@redcross.org', 2),
(15659773, 'Torr', 'Pentycross', '000 Hanson Road', 2147483647, 'tpentycrossbj@yahoo.co.jp', 1),
(15856320, 'Kelcy', 'Offiler', '28923 Farmco Terrace', 2147483647, 'koffilerbm@naver.com', 5),
(16281234, 'Zebulen', 'Yukhnevich', '1 Miller Place', 2147483647, 'zyukhnevich1t@ehow.com', 5),
(16361364, 'Loralee', 'Zimmer', '532 Cottonwood Parkway', 2147483647, 'lzimmer34@furl.net', 3),
(16414740, 'Aharon', 'Quinnet', '88444 Mockingbird Terrace', 2147483647, 'aquinnet20@blog.com', 4),
(16499773, 'Eba', 'Skipp', '01 Pawling Point', 2147483647, 'eskippi@arizona.edu', 7),
(16593903, 'Alfy', 'Paireman', '55 Fairfield Drive', 2147483647, 'apaireman63@facebook.com', 8),
(16606984, 'Remington', 'Snookes', '89 Barnett Point', 2147483647, 'rsnookesks@about.com', 7),
(16882238, 'Tracy', 'Clulee', '978 Blaine Road', 2147483647, 'tcluleeht@eepurl.com', 2),
(17049964, 'Bennie', 'Gumn', '36 Buena Vista Drive', 2147483647, 'bgumnb5@networksolutions.', 4),
(17115717, 'Marabel', 'Chumley', '78 Harper Court', 2147483647, 'mchumley9c@w3.org', 4),
(17195269, 'Alessandro', 'Ayce', '96662 Kipling Pass', 2147483647, 'aayceky@yahoo.co.jp', 7),
(17297160, 'Christie', 'Loddy', '737 Manitowish Drive', 2147483647, 'cloddy6n@foxnews.com', 6),
(17622636, 'Ariadne', 'Currum', '50214 Lakeland Park', 2147483647, 'acurrumc5@dyndns.org', 1),
(17665213, 'Aldin', 'Jendas', '9269 Hanson Road', 2147483647, 'ajendas2l@ameblo.jp', 6),
(17853578, 'Hube', 'Pretty', '9 Homewood Plaza', 2147483647, 'hpretty3@ning.com', 5),
(17870433, 'Mirabel', 'Newbigging', '4 Evergreen Street', 2147483647, 'mnewbiggingg@dailymotion.', 4),
(17881320, 'Albie', 'Echallie', '9 Kenwood Terrace', 2147483647, 'aechalliegs@intel.com', 4),
(17889444, 'Nettle', 'Bligh', '132 Armistice Park', 2147483647, 'nbligh3j@boston.com', 6),
(17912985, 'Brice', 'Dockreay', '3979 Heffernan Parkway', 2147483647, 'bdockreaygw@ebay.com', 7),
(18077107, 'Winnie', 'Barthropp', '657 Utah Alley', 2147483647, 'wbarthropp8z@weebly.com', 1),
(18174485, 'Eleen', 'Bortoletti', '9 Roxbury Pass', 2147483647, 'ebortolettid4@examiner.co', 1),
(18367474, 'Kristine', 'Dyment', '65276 Logan Hill', 2147483647, 'kdymentgy@earthlink.net', 1),
(18378302, 'Brianne', 'Avery', '19 School Terrace', 2147483647, 'bavery4q@pen.io', 1),
(18383542, 'Pammi', 'Cotter', '55 Messerschmidt Plaza', 2147483647, 'pcotter4@privacy.gov.au', 1),
(18486886, 'Hildy', 'A\'Barrow', '51 Luster Park', 2147483647, 'habarrow81@gov.uk', 3),
(18656258, 'Dario', 'Daviddi', '0866 Fair Oaks Alley', 2147483647, 'ddaviddihe@house.gov', 2),
(18686533, 'Virgie', 'Bickardike', '78477 Twin Pines Pass', 2147483647, 'vbickardikedj@ezinearticl', 6),
(18765231, 'Rockey', 'Bickerstaffe', '18 Beilfuss Lane', 2147483647, 'rbickerstaffe3o@fastcompa', 4),
(18785311, 'Valentia', 'Ephson', '2 Upham Street', 2147483647, 'vephson5p@infoseek.co.jp', 6),
(19132155, 'Hube', 'Pretty', '9 Homewood Plaza', 2147483647, 'hpretty3@ning.com', 6),
(19504542, 'Krissy', 'Vearncombe', '2 Shasta Trail', 2147483647, 'kvearncombejh@ow.ly', 3),
(19531028, 'Jobyna', 'Kerbler', '284 Shelley Trail', 2147483647, 'jkerbler6g@bizjournals.co', 5),
(19653859, 'Paloma', 'Josuweit', '036 Sundown Center', 2147483647, 'pjosuweit93@samsung.com', 6),
(19695133, 'Teresita', 'Baverstock', '5323 Ramsey Way', 2147483647, 'tbaverstockb7@google.it', 3),
(19778839, 'Clary', 'O\'Hallihane', '42640 Corscot Plaza', 2147483647, 'cohallihane6e@mail.ru', 1),
(19783537, 'Claudianus', 'Thulborn', '6 Debra Lane', 2147483647, 'cthulborn7o@moonfruit.com', 6),
(20152422, 'Riki', 'Dalgleish', '40530 Cambridge Parkway', 2147483647, 'rdalgleish7e@google.pl', 2),
(20378786, 'Ulberto', 'Malcolmson', '4857 Buell Lane', 2147483647, 'umalcolmsonhd@timesonline', 6),
(20428995, 'Benoit', 'McGillicuddy', '2 Corry Alley', 2147483647, 'bmcgillicuddyhr@dion.ne.j', 7),
(20441368, 'Hube', 'Pretty', '9 Homewood Plaza', 2147483647, 'hpretty3@ning.com', 2),
(20475999, 'Aprilette', 'Midford', '7054 Village Green Trail', 2147483647, 'amidforde@theglobeandmail', 3),
(20810159, 'Cy', 'Mallabund', '52 Pearson Trail', 2147483647, 'cmallabundia@elpais.com', 1),
(20988326, 'Rhett', 'Somerbell', '67 Sloan Road', 2147483647, 'rsomerbell4e@intel.com', 6),
(21026366, 'Calypso', 'Blanckley', '128 Porter Hill', 2147483647, 'cblanckley1v@123-reg.co.u', 6),
(21185666, 'Hube', 'Tetla', '28999 Ludington Street', 2147483647, 'htetlad2@squidoo.com', 2),
(21222851, 'Barnie', 'Tullett', '3415 Nobel Terrace', 2147483647, 'btullett3n@samsung.com', 6),
(21359419, 'Almeria', 'Semorad', '0909 Memorial Way', 2147483647, 'asemoradbe@indiegogo.com', 7),
(21378411, 'Mariana', 'Reuss', '9 Westport Plaza', 2147483647, 'mreuss9l@businessinsider.', 3),
(21513560, 'Rufus', 'Alexandre', '81916 Holy Cross Trail', 2147483647, 'ralexandrejo@fc2.com', 4),
(21609923, 'Halie', 'Grenter', '758 Redwing Parkway', 2147483647, 'hgrenter30@hugedomains.co', 1),
(21652647, 'Jackqueline', 'Fermer', '7383 Ruskin Circle', 2147483647, 'jfermer5o@biblegateway.co', 1),
(21876149, 'Vivienne', 'Blurton', '400 Harper Center', 2147483647, 'vblurton8k@opera.com', 7),
(21917331, 'Kyla', 'Purdy', '15 Heffernan Circle', 2147483647, 'kpurdygh@bloglovin.com', 3),
(22082450, 'Constanta', 'Clapp', '0312 Manley Point', 2147483647, 'cclapp5m@sourceforge.net', 3),
(22190976, 'Rosalynd', 'Hutcheon', '321 6th Junction', 2147483647, 'rhutcheon84@yolasite.com', 7),
(22385419, 'Cart', 'Cobbold', '476 Armistice Avenue', 2147483647, 'ccobboldkr@cam.ac.uk', 6),
(22424850, 'Kalindi', 'Guye', '8 Debs Plaza', 2147483647, 'kguyeec@columbia.edu', 8),
(22522805, 'Gordon', 'Mila', '47564 Waubesa Circle', 2147483647, 'gmilagf@homestead.com', 2),
(22540624, 'Serene', 'Cosin', '46 Lindbergh Drive', 2147483647, 'scosinb3@weather.com', 5),
(22547100, 'Harbert', 'Jickles', '8614 Becker Parkway', 2147483647, 'hjicklesj5@webs.com', 6),
(22639405, 'Gorden', 'Junkinson', '85278 Anhalt Park', 2147483647, 'gjunkinsongt@usgs.gov', 6),
(22742476, 'Clareta', 'Winnett', '17 Mallory Hill', 2147483647, 'cwinnette5@odnoklassniki.', 1),
(22751031, 'Lory', 'Frossell', '08 Shasta Center', 2147483647, 'lfrossellkw@jugem.jp', 4),
(22843845, 'Jerrine', 'McAvaddy', '409 Eagle Crest Junction', 2147483647, 'jmcavaddyaw@mozilla.com', 1),
(23033990, 'Orelia', 'Shadbolt', '69 Bobwhite Way', 2147483647, 'oshadboltg9@blog.com', 1),
(23200746, 'Brenn', 'Tiron', '4964 Brown Terrace', 2147483647, 'btirona6@hp.com', 4),
(23483702, 'Andromache', 'Floweth', '336 Marcy Street', 2147483647, 'aflowethlo@forbes.com', 4),
(23503620, 'Emmi', 'Baglow', '975 Moland Court', 2147483647, 'ebaglowj@huffingtonpost.c', 1),
(23758917, 'Meier', 'Loftin', '5 Lighthouse Bay Court', 2147483647, 'mloftin9x@blogspot.com', 4),
(23819147, 'Blaine', 'Freiburger', '33 Tomscot Lane', 2147483647, 'bfreiburgerj1@fema.gov', 8),
(24346699, 'Serene', 'Cosin', '46 Lindbergh Drive', 2147483647, 'scosinb3@weather.com', 6),
(24500488, 'Ethel', 'Cheeke', '604 Monica Crossing', 2147483647, 'echeekeay@ehow.com', 3),
(24533559, 'Taylor', 'Arsey', '807 Fuller Junction', 2147483647, 'tarsey3h@mozilla.org', 6),
(24591129, 'Alexander', 'Seman', '3 Goodland Avenue', 2147483647, 'asemanev@walmart.com', 5),
(24796072, 'Currey', 'Palliser', '7 Texas Junction', 2147483647, 'cpalliser23@trellian.com', 6),
(24801972, 'Karin', 'Foran', '5 Maple Wood Way', 2147483647, 'kforanj8@g.co', 5),
(24897606, 'Etheline', 'Cazereau', '89757 Express Park', 2147483647, 'ecazereaui9@hibu.com', 2),
(25068638, 'Merrel', 'Matschuk', '83 Fordem Center', 2147483647, 'mmatschukb6@indiatimes.co', 1),
(25227118, 'Roscoe', 'Gras', '1 Grover Road', 2147483647, 'rgrasis@taobao.com', 4),
(25401337, 'Aron', 'Treadgold', '80185 2nd Court', 2147483647, 'atreadgold4r@gnu.org', 2),
(25557189, 'Ketti', 'Gaukrodge', '19789 Clyde Gallagher Plaza', 2147483647, 'kgaukrodgejv@sbwire.com', 5),
(25600328, 'Darbie', 'Tamsett', '460 Butternut Point', 2147483647, 'dtamsett64@virginia.edu', 7),
(25634036, 'Cherie', 'Claydon', '1 Dwight Junction', 2147483647, 'cclaydon2@flickr.com', 5),
(25837662, 'Catherina', 'Sidwick', '11 Tomscot Drive', 2147483647, 'csidwick56@opera.com', 3),
(25872690, 'Isador', 'Vidloc', '393 Farragut Lane', 2147483647, 'ividloce3@mac.com', 5),
(25895271, 'Celie', 'Belliveau', '1427 Gale Trail', 2147483647, 'cbelliveau79@delicious.co', 8),
(26094589, 'Brandy', 'Flippen', '285 Veith Alley', 2147483647, 'bflippenc9@boston.com', 5),
(26151256, 'Felipa', 'O\'Hederscoll', '2 Ruskin Center', 2147483647, 'fohederscollge@hud.gov', 2),
(26184648, 'Aprilette', 'Jobke', '344 Mcguire Alley', 2147483647, 'ajobke2r@bluehost.com', 7),
(26213510, 'Bax', 'Proom', '1 Bunting Place', 2147483647, 'bproom2f@uol.com.br', 7),
(26309298, 'Tymothy', 'Marczyk', '4303 Elka Junction', 2147483647, 'tmarczykbs@g.co', 8),
(26413225, 'Trevar', 'Carn', '9 Ridgeview Road', 2147483647, 'tcarnm1@last.fm', 7),
(26460632, 'Em', 'Birdsall', '548 Mayer Trail', 2147483647, 'ebirdsalliw@vkontakte.ru', 5),
(26550005, 'Noland', 'Priditt', '427 Melody Avenue', 2147483647, 'npridittf@independent.co.', 3),
(26586231, 'Gay', 'Auden', '305 Drewry Drive', 2147483647, 'gauden1i@google.com', 1),
(26682781, 'Noland', 'Priditt', '427 Melody Avenue', 2147483647, 'npridittf@independent.co.', 1),
(26685292, 'Leese', 'O\'Dare', '0343 North Court', 2147483647, 'lodaregc@jimdo.com', 8),
(26699217, 'Care', 'Whiteman', '49 Express Parkway', 2147483647, 'cwhitemanbi@google.co.jp', 8),
(26722677, 'Neil', 'Asplen', '9 Florence Pass', 2147483647, 'nasplenbc@gov.uk', 5),
(26731094, 'Issiah', 'Kensitt', '2 Meadow Valley Point', 2147483647, 'ikensitt51@yolasite.com', 6),
(26855831, 'Averill', 'Bignold', '4 Sherman Alley', 2147483647, 'abignoldlt@spiegel.de', 8),
(26878136, 'Hube', 'Pretty', '9 Homewood Plaza', 2147483647, 'hpretty3@ning.com', 6),
(26940598, 'Betsy', 'Rosedale', '7329 Kingsford Center', 2147483647, 'brosedalebt@biblegateway.', 2),
(27189347, 'Roselin', 'Coutthart', '4 Washington Point', 2147483647, 'rcoutthartdd@gnu.org', 6),
(27231898, 'Bord', 'Blanch', '622 Carioca Place', 2147483647, 'bblanch1a@xing.com', 4),
(27740799, 'Mata', 'Vandenhoff', '04 Loeprich Crossing', 2147483647, 'mvandenhoffb8@networkadve', 6),
(27876781, 'Dave', 'McCloch', '09474 Mockingbird Point', 2147483647, 'dmccloch54@constantcontac', 3),
(27987990, 'Roshelle', 'Brampton', '1 Utah Center', 2147483647, 'rbramptona0@businessinsid', 4),
(28038259, 'Rozamond', 'Rowell', '51 Fieldstone Park', 2147483647, 'rrowellhu@csmonitor.com', 3),
(28109606, 'Conney', 'Pacheco', '94206 Scoville Park', 2147483647, 'cpachecok7@umn.edu', 4),
(28224933, 'Kristine', 'Dyment', '65276 Logan Hill', 2147483647, 'kdymentgy@earthlink.net', 4),
(28241694, 'Nikolas', 'Magee', '68 Butternut Place', 2147483647, 'nmageefy@omniture.com', 3),
(28877925, 'Van', 'Kirckman', '609 Alpine Terrace', 2147483647, 'vkirckman10@youtu.be', 7),
(29006849, 'Vere', 'Porcher', '49 Superior Crossing', 2147483647, 'vporcheriq@lycos.com', 3),
(29026426, 'Danny', 'Daniellot', '08 Sundown Junction', 2147483647, 'ddaniellotgz@phpbb.com', 8),
(29094061, 'Wallache', 'Jandourek', '93 Glendale Plaza', 2147483647, 'wjandoureklx@ucsd.edu', 1),
(29115695, 'Michail', 'Frantsev', '5 Pearson Crossing', 2147483647, 'mfrantsevlv@devhub.com', 5),
(29466395, 'Lise', 'Heaney`', '706 Mallory Place', 2147483647, 'lheaney5w@mysql.com', 2),
(29473730, 'Hesther', 'Orteu', '15735 Buena Vista Plaza', 2147483647, 'horteulr@hao123.com', 2),
(29570472, 'Almira', 'Stemp', '46767 Northfield Terrace', 2147483647, 'astempey@tmall.com', 2),
(29791996, 'Bran', 'Wegener', '04360 Nancy Road', 2147483647, 'bwegener8h@soundcloud.com', 5),
(29838072, 'Noelle', 'Cullen', '62 2nd Plaza', 2147483647, 'ncullenhl@csmonitor.com', 5),
(30011134, 'Kassey', 'Millions', '257 Tony Parkway', 2147483647, 'kmillions1c@dailymotion.c', 3),
(30081369, 'Salome', 'Brimman', '39147 Riverside Lane', 2147483647, 'sbrimmanba@comcast.net', 3),
(30194866, 'Tadio', 'Cushworth', '39 Hallows Way', 2147483647, 'tcushworthah@xing.com', 7),
(30285830, 'Adamo', 'Mabbitt', '17454 Park Meadow Terrace', 2147483647, 'amabbitt8y@ucsd.edu', 2),
(30418248, 'Rustie', 'Goggins', '744 Forest Point', 2147483647, 'rgogginsjg@oracle.com', 3),
(30525984, 'Claudianus', 'Bartoszewicz', '50 Village Plaza', 2147483647, 'cbartoszewiczed@google.ca', 4),
(30531177, 'Van', 'Maria', '17 Pankratz Pass', 2147483647, 'vmariae7@hao123.com', 2),
(30570689, 'Derwin', 'Sicha', '82355 Esker Junction', 2147483647, 'dsicha0@photobucket.com', 1),
(30970912, 'Anderea', 'Bauer', '63423 Havey Center', 2147483647, 'abauerh@pagesperso-orange', 1),
(30991801, 'Sasha', 'Iceton', '39299 Lukken Drive', 2147483647, 'sicetonk1@sakura.ne.jp', 3),
(31238817, 'Van', 'Firbanks', '34 Waxwing Circle', 2147483647, 'vfirbanksbh@wikimedia.org', 4),
(31377325, 'Lenette', 'Dunckley', '7769 Vahlen Center', 2147483647, 'ldunckley32@google.co.uk', 6),
(31381896, 'Ebony', 'Propper', '0 Canary Pass', 2147483647, 'epropperac@ycombinator.co', 3),
(31590146, 'Aksel', 'Farmery', '371 Sugar Parkway', 2147483647, 'afarmeryil@stanford.edu', 8),
(31616812, 'Stevie', 'Ungerecht', '70 Pawling Point', 2147483647, 'sungerechth8@bluehost.com', 1),
(31620174, 'Steve', 'Hateley', '9342 Rigney Avenue', 2147483647, 'shateleycy@symantec.com', 7),
(31639416, 'Berne', 'Whitwham', '07261 Dovetail Avenue', 2147483647, 'bwhitwham3q@dmoz.org', 7),
(31674525, 'Lin', 'Shakspeare', '56324 Golf Lane', 2147483647, 'lshakspeare17@shareasale.', 7),
(31953052, 'Dudley', 'Edwicker', '53626 Scoville Way', 2147483647, 'dedwicker5@reverbnation.c', 8),
(32109103, 'Billy', 'Tonbye', '07 Transport Court', 2147483647, 'btonbyei2@cpanel.net', 7),
(32511655, 'Giacobo', 'Yanuk', '99 Susan Lane', 2147483647, 'gyanuk75@wikimedia.org', 1),
(32692773, 'Marci', 'Bullimore', '75 Crescent Oaks Terrace', 2147483647, 'mbullimorele@blogger.com', 1),
(32717555, 'Danny', 'Daniellot', '08 Sundown Junction', 2147483647, 'ddaniellotgz@phpbb.com', 1),
(32995722, 'Jackie', 'Full', '828 Melrose Way', 2147483647, 'jfullch@digg.com', 2),
(33004240, 'Dudley', 'Edwicker', '53626 Scoville Way', 2147483647, 'dedwicker5@reverbnation.c', 8),
(33006639, 'Katinka', 'Kairns', '31 Loftsgordon Court', 2147483647, 'kkairnsll@google.com', 8),
(33010837, 'Devonna', 'Richarson', '0 Corscot Court', 2147483647, 'dricharson48@cocolog-nift', 3),
(33017383, 'Xena', 'Bonnick', '15 Hanover Lane', 2147483647, 'xbonnickhi@csmonitor.com', 6),
(33151641, 'Elwyn', 'McEneny', '9736 Sherman Park', 2147483647, 'emceneny6@ucsd.edu', 2),
(33154350, 'Pebrook', 'Kasbye', '846 Westerfield Court', 2147483647, 'pkasbye8b@newsvine.com', 2),
(33296335, 'Danny', 'Daniellot', '08 Sundown Junction', 2147483647, 'ddaniellotgz@phpbb.com', 5),
(33302887, 'Fernando', 'Ledger', '0 Stoughton Terrace', 2147483647, 'fledger13@ezinearticles.c', 2),
(33482363, 'Ranice', 'Grigaut', '5688 Melby Place', 2147483647, 'rgrigautb1@dailymotion.co', 2),
(33929455, 'Corliss', 'Whelband', '9647 Farmco Junction', 2147483647, 'cwhelbandib@nps.gov', 4),
(34080149, 'Ken', 'Rathke', '43 Pepper Wood Road', 2147483647, 'krathkeb9@si.edu', 6),
(34100212, 'Drucill', 'Newling', '59 La Follette Point', 2147483647, 'dnewlingir@adobe.com', 3),
(34109625, 'Elwyn', 'McEneny', '9736 Sherman Park', 2147483647, 'emceneny6@ucsd.edu', 3),
(34202999, 'Zorah', 'Catherine', '179 Harper Court', 2147483647, 'zcatherine2j@tripadvisor.', 5),
(34311545, 'Kenna', 'Fouldes', '8 Heath Terrace', 2147483647, 'kfouldesk6@nbcnews.com', 2),
(34825662, 'Kev', 'Glyssanne', '890 Memorial Crossing', 2147483647, 'kglyssanne31@joomla.org', 3),
(34834931, 'Dionne', 'Blemings', '94485 Comanche Road', 2147483647, 'dblemings1u@nsw.gov.au', 8),
(35036030, 'Barbey', 'Rout', '2 Old Gate Lane', 2147483647, 'broutm5@hibu.com', 2),
(35076561, 'Hube', 'Pretty', '9 Homewood Plaza', 2147483647, 'hpretty3@ning.com', 1),
(35208435, 'Cissy', 'Fane', '84467 Jenna Trail', 2147483647, 'cfane2n@t.co', 7),
(35338151, 'Montague', 'Beevers', '21 Cardinal Alley', 2147483647, 'mbeeversha@cnbc.com', 3),
(35390717, 'Gayla', 'Flux', '0 Truax Junction', 2147483647, 'gflux6q@gnu.org', 3),
(35575742, 'Asher', 'Skeermor', '636 Forster Court', 2147483647, 'askeermorq@over-blog.com', 4),
(35837925, 'Lilyan', 'Mosten', '2 Cherokee Hill', 2147483647, 'lmosten6o@bizjournals.com', 7),
(35953496, 'Caro', 'Findley', '23 Commercial Avenue', 2147483647, 'cfindley5r@cbc.ca', 2),
(36082102, 'Wyn', 'Scanes', '97 Mayfield Street', 2147483647, 'wscanes7y@nps.gov', 8),
(36088085, 'Parnell', 'Roseveare', '87511 Sugar Way', 2147483647, 'proseveare4m@jigsy.com', 7),
(36224769, 'Melba', 'Matthiesen', '642 Crescent Oaks Court', 2147483647, 'mmatthiesenhp@cornell.edu', 5),
(36246318, 'Julio', 'Ciccone', '1 Meadow Ridge Hill', 2147483647, 'jciccone7q@about.me', 3),
(36266295, 'Jodi', 'Sinfield', '31 Center Road', 2147483647, 'jsinfield87@nyu.edu', 2),
(36431786, 'Charyl', 'Rubinowitsch', '26 Eagan Place', 2147483647, 'crubinowitsch2a@delicious', 5),
(36577332, 'Douglas', 'Salvadore', '70533 Redwing Court', 2147483647, 'dsalvadore19@gravatar.com', 2),
(36826112, 'Deedee', 'Winpenny', '38 Manley Park', 2147483647, 'dwinpennydy@merriam-webst', 7),
(36844599, 'Reid', 'Thornley', '24887 Waubesa Place', 2147483647, 'rthornley40@mail.ru', 2),
(37000067, 'Reynolds', 'Osgardby', '33512 Oxford Pass', 2147483647, 'rosgardbykd@shinystat.com', 2),
(37036449, 'Constantine', 'Coom', '749 Anthes Center', 2147483647, 'ccoomhw@dmoz.org', 6),
(37155157, 'Godart', 'Govern', '59 Sachs Plaza', 2147483647, 'ggovernf2@clickbank.net', 4),
(37277050, 'Ambros', 'Jerrim', '5 Havey Circle', 2147483647, 'ajerrim11@noaa.gov', 6),
(37454151, 'Cherie', 'Claydon', '1 Dwight Junction', 2147483647, 'cclaydon2@flickr.com', 7),
(37486679, 'Issi', 'Gerrietz', '9397 Menomonie Center', 2147483647, 'igerrietzh3@i2i.jp', 7),
(37708231, 'Noemi', 'Ronald', '64417 Esch Way', 2147483647, 'nronaldfz@delicious.com', 4),
(37800111, 'Lorant', 'Danzig', '97 Elmside Center', 2147483647, 'ldanziglz@nps.gov', 5),
(37854917, 'Horten', 'Verchambre', '447 Northland Alley', 2147483647, 'hverchambreb4@marketwatch', 6),
(37899214, 'Daisey', 'Saket', '7418 Duke Place', 2147483647, 'dsaket1f@surveymonkey.com', 3),
(37938104, 'Michaella', 'Strongitharm', '7202 Mariners Cove Circle', 2147483647, 'mstrongitharm3p@joomla.or', 1),
(37977850, 'Keslie', 'Jacobssen', '1155 Lukken Plaza', 2147483647, 'kjacobssen97@virginia.edu', 5),
(38177276, 'Karil', 'Hodgins', '63 Pine View Plaza', 2147483647, 'khodginsg8@eventbrite.com', 1),
(38276006, 'Helenka', 'Losemann', '97 Bobwhite Plaza', 2147483647, 'hlosemann3d@unc.edu', 4),
(38501716, 'Trixie', 'Rouge', '85491 Maryland Parkway', 2147483647, 'trougehv@businessinsider.', 1),
(38507176, 'Nelia', 'Conerding', '53 Kinsman Drive', 2147483647, 'nconerdingj7@google.co.jp', 4),
(38514536, 'Cyrus', 'Deppen', '246 Anniversary Road', 2147483647, 'cdeppenbr@macromedia.com', 2),
(38702260, 'Constantia', 'Goldstein', '335 Northport Parkway', 2147483647, 'cgoldsteind0@homestead.co', 1),
(38717680, 'Olivie', 'Attoc', '23765 Caliangt Street', 2147483647, 'oattoca@webnode.com', 2),
(39268581, 'Ara', 'Bilsford', '569 Ohio Lane', 2147483647, 'abilsfordk4@mit.edu', 1),
(39290225, 'Laney', 'Haslewood', '3580 Heffernan Lane', 2147483647, 'lhaslewoode8@un.org', 5),
(39334058, 'Lane', 'Reddie', '33 Dixon Drive', 2147483647, 'lreddie1y@tamu.edu', 7),
(39729270, 'Brena', 'Lunney', '2 Dexter Pass', 2147483647, 'blunneyjc@shop-pro.jp', 6),
(39868371, 'Shepherd', 'Claxson', '57 Riverside Parkway', 2147483647, 'sclaxsonic@cmu.edu', 1),
(39952107, 'Blanche', 'Donald', '2 Dawn Place', 2147483647, 'bdonald2k@army.mil', 8),
(40303757, 'Bord', 'Paskin', '25 Bellgrove Park', 2147483647, 'bpaskin8s@springer.com', 2),
(40543467, 'Tilda', 'Lampen', '2 Transport Pass', 2147483647, 'tlampeneu@amazon.de', 3),
(40549390, 'Elwyn', 'McEneny', '9736 Sherman Park', 2147483647, 'emceneny6@ucsd.edu', 7),
(40699523, 'Hally', 'Lyptrit', '652 Stone Corner Terrace', 2147483647, 'hlyptritkf@skype.com', 8),
(41138995, 'Aldus', 'Sallings', '7672 Pleasure Hill', 2147483647, 'asallings8c@ucla.edu', 5),
(41375872, 'Hube', 'Pretty', '9 Homewood Plaza', 2147483647, 'hpretty3@ning.com', 6),
(41448148, 'Cornela', 'Pritchett', '9 Ilene Terrace', 2147483647, 'cpritchettjx@cloudflare.c', 8),
(41475484, 'Brice', 'Dockreay', '3979 Heffernan Parkway', 2147483647, 'bdockreaygw@ebay.com', 1),
(41485364, 'Abe', 'Easter', '6 Oak Valley Road', 2147483647, 'aeasterh0@51.la', 4),
(41544588, 'Odell', 'Gayter', '5573 Larry Parkway', 2147483647, 'ogayterkg@ezinearticles.c', 1),
(41853834, 'Abe', 'Easter', '6 Oak Valley Road', 2147483647, 'aeasterh0@51.la', 1),
(41937496, 'Ashley', 'Hamlet', '33 Holmberg Parkway', 2147483647, 'ahamletk8@ucoz.ru', 5),
(41942533, 'Royce', 'Zambon', '068 Lakewood Gardens Court', 2147483647, 'rzambon7f@marriott.com', 3),
(42017625, 'Cherie', 'Claydon', '1 Dwight Junction', 2147483647, 'cclaydon2@flickr.com', 3),
(42047451, 'Joel', 'Reavell', '5 Morning Parkway', 2147483647, 'jreavellfs@goo.gl', 3),
(42052001, 'Clarita', 'Minucci', '6 Spohn Avenue', 2147483647, 'cminuccig4@timesonline.co', 4),
(42084807, 'Kimbell', 'Lovart', '4306 Grayhawk Road', 2147483647, 'klovartb2@is.gd', 2),
(42097256, 'Rayshell', 'Spinetti', '32528 Loftsgordon Lane', 2147483647, 'rspinetti3x@house.gov', 3),
(42284753, 'Shirleen', 'Le Breton', '342 Warbler Avenue', 2147483647, 'slebretonc4@last.fm', 6),
(42398075, 'Anders', 'Antrag', '4856 Maple Avenue', 2147483647, 'aantrag8l@desdev.cn', 5),
(42435050, 'Ennis', 'Povah', '33394 Oneill Plaza', 2147483647, 'epovah50@sciencedirect.co', 5),
(42824288, 'Madlin', 'De Miranda', '0 Main Terrace', 2147483647, 'mdemirandad1@prweb.com', 8),
(42908214, 'Torr', 'Edes', '74 Sullivan Pass', 2147483647, 'tedes9t@state.tx.us', 2),
(43103250, 'Cathryn', 'Issatt', '8343 Dayton Way', 2147483647, 'cissattd@msn.com', 2),
(43173549, 'Alexander', 'Seman', '3 Goodland Avenue', 2147483647, 'asemanev@walmart.com', 1),
(43199922, 'Leesa', 'Clausius', '10 Bonner Terrace', 2147483647, 'lclausiuse9@blogtalkradio', 6),
(43466799, 'Heath', 'Childrens', '84 Lakewood Gardens Crossing', 2147483647, 'hchildrens22@wiley.com', 4),
(43469472, 'Alec', 'Petrenko', '21525 Butternut Lane', 2147483647, 'apetrenkoav@angelfire.com', 8),
(43716875, 'Mirabel', 'Newbigging', '4 Evergreen Street', 2147483647, 'mnewbiggingg@dailymotion.', 5),
(43739371, 'Gilberta', 'Huguenet', '02531 Colorado Pass', 2147483647, 'ghuguenetgr@uiuc.edu', 7),
(43877247, 'Eba', 'Skipp', '01 Pawling Point', 2147483647, 'eskippi@arizona.edu', 1),
(43892883, 'Robinette', 'Beviss', '7 Sullivan Road', 2147483647, 'rbevissgx@cdbaby.com', 5),
(44092053, 'Amble', 'Sterndale', '3 4th Lane', 2147483647, 'asterndaledz@phoca.cz', 6),
(44157732, 'Dudley', 'Edwicker', '53626 Scoville Way', 2147483647, 'dedwicker5@reverbnation.c', 7),
(44239842, 'Osbourn', 'Birdis', '7 Bashford Alley', 2147483647, 'obirdiscg@wordpress.com', 4),
(44306087, 'Cullie', 'Pauler', '5 Annamark Trail', 2147483647, 'cpauler3f@hhs.gov', 1),
(44357556, 'Augustine', 'Fassbender', '7 Jana Alley', 2147483647, 'afassbender3y@ning.com', 1),
(44438306, 'Roddie', 'Tasker', '47146 Prairie Rose Alley', 2147483647, 'rtaskerc@github.io', 3),
(44550767, 'Glen', 'Davenhill', '0462 Monterey Alley', 2147483647, 'gdavenhill6t@nps.gov', 1),
(44618724, 'Anders', 'Kittley', '1131 Dakota Terrace', 2147483647, 'akittley33@pcworld.com', 6),
(45215482, 'Aprilette', 'Midford', '7054 Village Green Trail', 2147483647, 'amidforde@theglobeandmail', 7),
(45303763, 'Chaddy', 'Dalligan', '67049 Grover Drive', 2147483647, 'cdalliganhm@eventbrite.co', 4),
(45335515, 'Barbra', 'Bettlestone', '17 Elka Alley', 2147483647, 'bbettlestone4c@scientific', 4),
(45337995, 'Evanne', 'Le Jean', '17577 Tony Pass', 2147483647, 'elejeana7@bandcamp.com', 8),
(45366954, 'Charlean', 'Horrigan', '228 Judy Parkway', 2147483647, 'chorrigangd@blogger.com', 1),
(45602371, 'Elwyn', 'McEneny', '9736 Sherman Park', 2147483647, 'emceneny6@ucsd.edu', 4),
(45675469, 'Merrili', 'Staten', '228 Ronald Regan Point', 2147483647, 'mstaten6j@pagesperso-oran', 5),
(45730643, 'Cobbie', 'Durn', '476 Straubel Plaza', 2147483647, 'cdurn2g@fotki.com', 3),
(45744773, 'Wesley', 'Whitley', '48015 Pankratz Parkway', 2147483647, 'wwhitley4g@google.co.uk', 5),
(45851811, 'Eduard', 'Brisset', '68 Bayside Park', 2147483647, 'ebrissetjf@blogspot.com', 8),
(45879091, 'Lorita', 'Hacon', '2 Hudson Center', 2147483647, 'lhacond7@cafepress.com', 6),
(45945151, 'Quinn', 'Vittel', '9428 Elka Center', 2147483647, 'qvittelbb@china.com.cn', 4),
(45950800, 'Maire', 'Ingleson', '85252 Stephen Avenue', 2147483647, 'minglesonet@nsw.gov.au', 4),
(45978155, 'Lorettalorna', 'Crumby', '34591 Memorial Hill', 2147483647, 'lcrumbybk@facebook.com', 7),
(45998214, 'Lynea', 'Stanger', '514 Mandrake Plaza', 2147483647, 'lstangerc6@sciencedirect.', 5),
(46128650, 'Gian', 'Glaum', '4595 Daystar Road', 2147483647, 'gglaum16@wiley.com', 7),
(46372493, 'Cole', 'Whyatt', '806 Washington Alley', 2147483647, 'cwhyatt49@webnode.com', 4),
(46484436, 'Richie', 'Ruhben', '73 Blue Bill Park Terrace', 2147483647, 'rruhbenfv@odnoklassniki.r', 1),
(46667035, 'Nealy', 'Hillburn', '88 Dayton Point', 2147483647, 'nhillburnji@mozilla.org', 3),
(46854394, 'Hadleigh', 'Lindback', '6451 Lakeland Park', 2147483647, 'hlindback1w@berkeley.edu', 1),
(46881497, 'Miltie', 'McDonald', '36 Thierer Circle', 2147483647, 'mmcdonaldfa@patch.com', 6),
(46892341, 'Darrin', 'Benneyworth', '479 Sutteridge Street', 2147483647, 'dbenneyworthhf@yahoo.com', 8),
(46955929, 'Auberon', 'Mosdill', '1730 Fair Oaks Trail', 2147483647, 'amosdill91@fema.gov', 1),
(47068454, 'Goober', 'Dwyr', '94437 Clemons Place', 2147483647, 'gdwyrgj@theglobeandmail.c', 4),
(47078692, 'Mata', 'Vandenhoff', '04 Loeprich Crossing', 2147483647, 'mvandenhoffb8@networkadve', 5),
(47080600, 'Saraann', 'Pawelke', '2256 Clemons Parkway', 2147483647, 'spawelkeff@bloglovin.com', 4),
(47668720, 'Lawton', 'Fores', '5210 Little Fleur Crossing', 2147483647, 'lfores6f@1und1.de', 6),
(47933495, 'Sebastien', 'Pennini', '76198 Milwaukee Way', 2147483647, 'spennini5s@gravatar.com', 1),
(48373202, 'Huntlee', 'Collerd', '07230 Novick Trail', 2147483647, 'hcollerdlc@whitehouse.gov', 7),
(48546652, 'Arlee', 'Barnwall', '4511 Mitchell Park', 2147483647, 'abarnwall2c@usgs.gov', 1),
(48859827, 'Nat', 'Mussettini', '85321 Eggendart Street', 2147483647, 'nmussettinid3@nba.com', 3),
(49079267, 'Kaile', 'Feak', '2666 Kedzie Pass', 2147483647, 'kfeak2e@storify.com', 1),
(49168037, 'Ambros', 'Taylder', '83 Monument Street', 2147483647, 'ataylderk5@mtv.com', 4),
(49195859, 'Waldon', 'De Fraine', '01 Tomscot Drive', 2147483647, 'wdefraine15@tumblr.com', 8),
(49197977, 'Sayre', 'Gligorijevic', '0553 Bunker Hill Trail', 2147483647, 'sgligorijevic86@google.co', 2),
(49284531, 'Phil', 'Puncher', '43 Spaight Road', 2147483647, 'ppuncherl1@go.com', 8),
(49360017, 'Keely', 'Dumberrill', '5 Fair Oaks Place', 2147483647, 'kdumberrill21@accuweather', 3),
(49413939, 'Jackquelin', 'Manuaud', '77288 Pawling Pass', 2147483647, 'jmanuaudhq@geocities.com', 8),
(49427519, 'Bennie', 'Gumn', '36 Buena Vista Drive', 2147483647, 'bgumnb5@networksolutions.', 1),
(49558058, 'Roxanna', 'Gosforth', '4758 6th Circle', 2147483647, 'rgosforthhb@simplemachine', 7),
(49669638, 'Ali', 'Jarad', '8 Rigney Plaza', 2147483647, 'ajarad24@state.gov', 1),
(49679623, 'Wadsworth', 'Bronot', '8 Esker Road', 2147483647, 'wbronot5q@abc.net.au', 3),
(49700878, 'Rozanne', 'Chaimson', '8383 Summit Drive', 2147483647, 'rchaimson6r@surveymonkey.', 6),
(49829459, 'Aurea', 'Mendenhall', '9389 Hauk Street', 2147483647, 'amendenhaller@china.com.c', 4),
(50002470, 'Asia', 'Tacey', '22907 Almo Circle', 2147483647, 'atacey7r@tmall.com', 7),
(50236669, 'Chelsae', 'Acors', '2779 Vermont Circle', 2147483647, 'cacors4h@mashable.com', 5),
(50446568, 'Tammy', 'Laxtonne', '8319 Prairie Rose Parkway', 2147483647, 'tlaxtonne7c@nps.gov', 8),
(50681205, 'Jodie', 'Curwen', '983 Twin Pines Crossing', 2147483647, 'jcurwenaa@blinklist.com', 8),
(50803569, 'Briana', 'Edess', '01244 Oxford Pass', 2147483647, 'bedessfo@squarespace.com', 7),
(50871438, 'Lacy', 'Tizard', '53 Maryland Terrace', 2147483647, 'ltizardh4@symantec.com', 4),
(51232719, 'Ninetta', 'McGruar', '197 Declaration Point', 2147483647, 'nmcgruar9@cmu.edu', 3),
(51271399, 'Selby', 'Chatan', '7 Northport Terrace', 2147483647, 'schatanb0@sourceforge.net', 1),
(51355270, 'Ulrick', 'Mockler', '74300 Jenifer Point', 2147483647, 'umocklerla@stanford.edu', 4),
(51394328, 'Robinette', 'Beviss', '7 Sullivan Road', 2147483647, 'rbevissgx@cdbaby.com', 5),
(51469523, 'Christye', 'Bushell', '663 Amoth Park', 2147483647, 'cbushell4f@youtu.be', 2),
(51861448, 'Kevan', 'Moxom', '8 Scofield Center', 2147483647, 'kmoxomh2@cdbaby.com', 8),
(51898717, 'Robinette', 'Beviss', '7 Sullivan Road', 2147483647, 'rbevissgx@cdbaby.com', 1),
(52112674, 'Bailey', 'Tumber', '0 Thompson Place', 2147483647, 'btumber2h@storify.com', 4),
(52143295, 'Reggis', 'Ditter', '0805 Sheridan Road', 2147483647, 'rdittery@engadget.com', 5),
(52334779, 'Morlee', 'Mate', '1105 Fuller Park', 2147483647, 'mmate7p@merriam-webster.c', 6),
(53089579, 'Lydie', 'Darcey', '4 Dunning Junction', 2147483647, 'ldarcey5l@bloglovin.com', 6),
(53090237, 'Byram', 'Avarne', '99 Menomonie Hill', 2147483647, 'bavarne98@loc.gov', 2),
(53169094, 'Hollie', 'Kiraly', '2482 Hudson Pass', 2147483647, 'hkiralyc8@unblog.fr', 4),
(53236525, 'Pooh', 'Palombi', '25 Merchant Park', 2147483647, 'ppalombi1b@arizona.edu', 7),
(53242762, 'Paul', 'Rosenstengel', '9 Hintze Court', 2147483647, 'prosenstengel3g@is.gd', 2),
(53300867, 'Halley', 'Blees', '6776 Fair Oaks Pass', 2147483647, 'hblees9d@smugmug.com', 8),
(53357516, 'Tiena', 'Sybry', '61334 Hagan Court', 2147483647, 'tsybrydb@pcworld.com', 5),
(53528694, 'Mata', 'Vandenhoff', '04 Loeprich Crossing', 2147483647, 'mvandenhoffb8@networkadve', 8),
(53537215, 'Thomasina', 'Hamlyn', '0 Namekagon Hill', 2147483647, 'thamlyn9z@tripadvisor.com', 3),
(53661209, 'Khalil', 'Matusevich', '43245 Dixon Circle', 2147483647, 'kmatusevich37@blogs.com', 4),
(53662370, 'Ester', 'Gascard', '13 Delaware Circle', 2147483647, 'egascardjb@multiply.com', 3),
(53698706, 'Teresita', 'Baverstock', '5323 Ramsey Way', 2147483647, 'tbaverstockb7@google.it', 5),
(53787399, 'Mickey', 'De Vere', '76 Glendale Road', 2147483647, 'mdevereie@goo.gl', 5),
(53814615, 'Kev', 'State', '18 Mcbride Alley', 2147483647, 'kstate7z@multiply.com', 2),
(53983195, 'Pammi', 'Cotter', '55 Messerschmidt Plaza', 2147483647, 'pcotter4@privacy.gov.au', 1),
(53987552, 'Meg', 'Piddington', '820 Hoard Point', 2147483647, 'mpiddington8i@1und1.de', 5),
(54255821, 'Aprilette', 'Midford', '7054 Village Green Trail', 2147483647, 'amidforde@theglobeandmail', 2),
(54303836, 'Deana', 'Girdwood', '30040 Rutledge Center', 2147483647, 'dgirdwoodld@hatena.ne.jp', 2),
(54496915, 'Clevie', 'Hovy', '5 Ridge Oak Place', 2147483647, 'chovyi5@surveymonkey.com', 7),
(54642936, 'Lon', 'Jeary', '62726 Hintze Point', 2147483647, 'ljeary9w@jugem.jp', 8),
(54689569, 'Faythe', 'Thomsen', '549 Brickson Park Terrace', 2147483647, 'fthomsen4k@jimdo.com', 3),
(54816271, 'Price', 'Krolak', '96611 Lien Park', 2147483647, 'pkrolak5y@who.int', 6),
(54898615, 'Bondon', 'Dabell', '15857 Elka Crossing', 2147483647, 'bdabellj2@photobucket.com', 3),
(55067745, 'Alika', 'Bendig', '6719 Southridge Circle', 2147483647, 'abendig8r@wired.com', 6),
(55146862, 'Kendricks', 'Castelli', '06918 Schiller Court', 2147483647, 'kcastelli41@google.com.hk', 1),
(55207951, 'Dag', 'Saintpierre', '079 Lillian Alley', 2147483647, 'dsaintpierre4s@fc2.com', 4),
(55234062, 'Lezley', 'Ivanchin', '8 Heffernan Center', 2147483647, 'livanchinjz@unicef.org', 5),
(55313743, 'Kate', 'Stoneham', '38 Clemons Lane', 2147483647, 'kstonehamae@miitbeian.gov', 7),
(55399806, 'Bernadine', 'Falks', '68 Melrose Trail', 2147483647, 'bfalksi6@ucoz.com', 4),
(55455274, 'Anderea', 'Bauer', '63423 Havey Center', 2147483647, 'abauerh@pagesperso-orange', 6),
(55495120, 'Winnifred', 'Lambarth', '22 Jackson Way', 2147483647, 'wlambarthbg@amazon.co.jp', 2),
(55523211, 'Jason', 'Seamans', '1 Basil Way', 2147483647, 'jseamansex@360.cn', 3),
(55551584, 'Mabel', 'Sea', '668 Bayside Park', 2147483647, 'mseajs@networkadvertising', 5),
(55657635, 'Danny', 'Daniellot', '08 Sundown Junction', 2147483647, 'ddaniellotgz@phpbb.com', 2),
(55677557, 'Fielding', 'Roback', '64 Katie Crossing', 2147483647, 'froback5g@etsy.com', 7),
(55716016, 'Dinny', 'Paddell', '21 Stuart Terrace', 2147483647, 'dpaddellhg@jigsy.com', 6),
(55818836, 'Lisha', 'Maciocia', '852 Blaine Street', 2147483647, 'lmaciociacj@unicef.org', 7),
(55997547, 'Winona', 'Lumbley', '3 Merchant Circle', 2147483647, 'wlumbley7m@wp.com', 7),
(56076886, 'Brice', 'Dockreay', '3979 Heffernan Parkway', 2147483647, 'bdockreaygw@ebay.com', 6),
(56115916, 'Serene', 'Cosin', '46 Lindbergh Drive', 2147483647, 'scosinb3@weather.com', 3),
(56170018, 'Jamaal', 'Reck', '99 Coleman Court', 2147483647, 'jreckja@fema.gov', 5),
(56217815, 'Therese', 'Gemmill', '60757 Birchwood Drive', 2147483647, 'tgemmill95@prlog.org', 2),
(56330026, 'Vaughn', 'Sheron', '9 Haas Lane', 2147483647, 'vsheron1e@reverbnation.co', 1),
(56500044, 'Tom', 'Greenstead', '925 Warbler Way', 2147483647, 'tgreensteadhh@ucoz.com', 7),
(56642465, 'Eda', 'Rugge', '26388 Pearson Point', 2147483647, 'eruggejd@ox.ac.uk', 8),
(56725575, 'Pammi', 'Cotter', '55 Messerschmidt Plaza', 2147483647, 'pcotter4@privacy.gov.au', 6),
(56837562, 'Starla', 'Broggetti', '59295 6th Park', 2147483647, 'sbroggettig2@economist.co', 7),
(57013227, 'Delinda', 'Britcher', '489 Spohn Road', 2147483647, 'dbritcherjt@wordpress.com', 1),
(57047954, 'Gracia', 'Crewe', '81773 Upham Circle', 2147483647, 'gcrewe2d@opensource.org', 4),
(57097499, 'Aprilette', 'Midford', '7054 Village Green Trail', 2147483647, 'amidforde@theglobeandmail', 5),
(57180598, 'Glori', 'Bridden', '46226 Boyd Court', 2147483647, 'gbriddeniv@hexun.com', 2),
(57295848, 'Granny', 'Labuschagne', '3 Morning Avenue', 2147483647, 'glabuschagnet@chronoengin', 7),
(57342579, 'Walsh', 'Whines', '79254 Warbler Point', 2147483647, 'wwhines6k@vk.com', 2),
(57445791, 'Marcia', 'Kingstne', '64677 4th Crossing', 2147483647, 'mkingstne9y@biblegateway.', 1),
(57449985, 'Kimbell', 'Lovart', '4306 Grayhawk Road', 2147483647, 'klovartb2@is.gd', 3),
(57545710, 'Robina', 'Cursey', '6641 Paget Way', 2147483647, 'rcursey6l@freewebs.com', 8),
(57550780, 'Fancie', 'Lethem', '6 4th Hill', 2147483647, 'flethemgq@skyrock.com', 1),
(57671861, 'Ollie', 'Cuckson', '18 Cottonwood Junction', 2147483647, 'ocuckson25@linkedin.com', 1),
(57696263, 'Curr', 'Gardiner', '73 Nova Pass', 2147483647, 'cgardiner71@theatlantic.c', 3),
(57896354, 'Jo-anne', 'Semonin', '3 Mendota Avenue', 2147483647, 'jsemoninp@issuu.com', 8),
(57966368, 'Florentia', 'Whitnall', '676 5th Drive', 2147483647, 'fwhitnall7j@blogs.com', 6),
(58111495, 'Gabie', 'Stolle', '20 Mariners Cove Court', 2147483647, 'gstollejp@tinyurl.com', 2),
(58149852, 'Donnie', 'Spieck', '02 Ludington Court', 2147483647, 'dspieckls@thetimes.co.uk', 6),
(58301933, 'Darrin', 'Walcher', '45756 Westend Court', 2147483647, 'dwalcher9e@va.gov', 2),
(58340130, 'Yorgo', 'Braker', '06573 Cottonwood Point', 2147483647, 'ybraker8e@accuweather.com', 7),
(58504716, 'Bessy', 'Scading', '986 Daystar Road', 2147483647, 'bscading5t@blogger.com', 8),
(58512013, 'Bobinette', 'Cowdery', '519 Delaware Drive', 2147483647, 'bcowderyx@vinaora.com', 3),
(58683236, 'Martie', 'Holberry', '56265 Bartillon Center', 2147483647, 'mholberryjr@columbia.edu', 3),
(58721579, 'Salome', 'Brimman', '39147 Riverside Lane', 2147483647, 'sbrimmanba@comcast.net', 3),
(59212711, 'Em', 'Leadstone', '198 Commercial Court', 2147483647, 'eleadstonek0@barnesandnob', 8),
(59284024, 'Hilly', 'Vasyutochkin', '24 Lillian Park', 2147483647, 'hvasyutochkin80@wordpress', 3),
(59402111, 'Karlik', 'Humm', '5 Redwing Plaza', 2147483647, 'khumm3z@icio.us', 3),
(59423834, 'Dougie', 'Alvin', '29 Brentwood Junction', 2147483647, 'dalvin43@etsy.com', 6),
(59548749, 'Ken', 'Rathke', '43 Pepper Wood Road', 2147483647, 'krathkeb9@si.edu', 1),
(59555405, 'Tiebold', 'Harroll', '84102 Quincy Alley', 2147483647, 'tharroll6z@bandcamp.com', 8),
(59625777, 'Brigit', 'Navaro', '3063 Talisman Point', 2147483647, 'bnavaroga@list-manage.com', 4),
(59709040, 'Duke', 'Windrum', '915 8th Court', 2147483647, 'dwindrumbo@examiner.com', 6),
(60315434, 'Paco', 'Redmille', '8914 Dakota Park', 2147483647, 'predmilleak@uol.com.br', 6),
(60344547, 'Arnold', 'Jarrell', '48 Mitchell Plaza', 2147483647, 'ajarrellr@bandcamp.com', 1),
(60396474, 'Merrile', 'Quernel', '216 Packers Circle', 2147483647, 'mquernelju@oakley.com', 8),
(60592028, 'Guillema', 'Winsborrow', '71 Oneill Road', 2147483647, 'gwinsborrowes@github.io', 3),
(60819225, 'Booth', 'Gillice', '20 Steensland Hill', 2147483647, 'bgillicef0@shareasale.com', 1),
(60844331, 'Allie', 'Cogan', '72 Oxford Hill', 2147483647, 'acogan8o@studiopress.com', 2),
(60870163, 'Quint', 'Peterken', '81530 Heath Circle', 2147483647, 'qpeterkencf@tinyurl.com', 8),
(60914373, 'Willyt', 'Christene', '567 Hayes Street', 2147483647, 'wchristene8g@columbia.edu', 4),
(60950542, 'Standford', 'Elwel', '92018 Acker Street', 2147483647, 'selweljw@indiegogo.com', 1),
(61063886, 'Brew', 'Farge', '06 Birchwood Terrace', 2147483647, 'bfargekh@time.com', 6),
(61081634, 'Hube', 'Pretty', '9 Homewood Plaza', 2147483647, 'hpretty3@ning.com', 8),
(61134113, 'Aurthur', 'Maus', '62 Marquette Street', 2147483647, 'amaus18@netlog.com', 5),
(61285832, 'Giffard', 'Stodit', '9581 Sunbrook Center', 2147483647, 'gstoditft@springer.com', 8),
(61363604, 'Konstantin', 'Excell', '4647 Merrick Avenue', 2147483647, 'kexcellg5@ning.com', 3),
(61440928, 'Gloriane', 'Mapstone', '182 Pine View Terrace', 2147483647, 'gmapstone1k@mlb.com', 3),
(61620676, 'Desi', 'Braidford', '37 2nd Terrace', 2147483647, 'dbraidford8@nytimes.com', 1),
(61636323, 'Emily', 'Labrom', '06 Rieder Terrace', 2147483647, 'elabrom4p@homestead.com', 6),
(61688109, 'Damiano', 'McAviy', '45 Michigan Drive', 2147483647, 'dmcaviy65@msu.edu', 1),
(62014305, 'Teresita', 'Baverstock', '5323 Ramsey Way', 2147483647, 'tbaverstockb7@google.it', 5),
(62046749, 'Jayme', 'Saffen', '6573 Russell Drive', 2147483647, 'jsaffen4a@moonfruit.com', 4),
(62206268, 'Jermaine', 'Thumann', '664 Claremont Terrace', 2147483647, 'jthumann73@google.pl', 5),
(62327632, 'Abby', 'Dorking', '2 Dixon Avenue', 2147483647, 'adorkingcb@odnoklassniki.', 2),
(62379663, 'Park', 'Le Breton', '28331 Portage Circle', 2147483647, 'plebreton44@fema.gov', 8),
(62616290, 'Orelee', 'Gooke', '1 Brickson Park Hill', 2147483647, 'ogookeen@sun.com', 3),
(62628901, 'Codie', 'Fitzjohn', '810 Longview Terrace', 2147483647, 'cfitzjohng3@bloglovin.com', 3),
(62897759, 'Darcie', 'Jansa', '961 Morningstar Pass', 2147483647, 'djansa2q@is.gd', 2),
(63018115, 'Urbanus', 'Parade', '19 John Wall Pass', 2147483647, 'uparade90@wired.com', 1),
(63135851, 'Neysa', 'Strotton', '7055 Reindahl Street', 2147483647, 'nstrottonbl@exblog.jp', 5),
(63198457, 'Leontine', 'Salery', '6 Del Sol Terrace', 2147483647, 'lsalery6i@arstechnica.com', 5),
(63206689, 'Seumas', 'Carlo', '19023 Hintze Hill', 2147483647, 'scarlofr@wisc.edu', 5),
(63213077, 'Pammi', 'Cotter', '55 Messerschmidt Plaza', 2147483647, 'pcotter4@privacy.gov.au', 4),
(63222579, 'Winna', 'Fenemore', '09950 Mosinee Junction', 2147483647, 'wfenemoreh9@blogger.com', 2),
(63390673, 'Pammi', 'Cotter', '55 Messerschmidt Plaza', 2147483647, 'pcotter4@privacy.gov.au', 6),
(63420316, 'Althea', 'Raw', '3 Vidon Trail', 2147483647, 'arawm7@admin.ch', 2),
(63589132, 'Augustine', 'Zannini', '29283 Hooker Alley', 2147483647, 'azanniniew@independent.co', 3),
(63735516, 'Sammy', 'Beedon', '47860 Ohio Circle', 2147483647, 'sbeedondc@youtu.be', 3),
(63798269, 'Charmine', 'Levensky', '7 Dottie Court', 2147483647, 'clevensky39@photobucket.c', 3),
(63826894, 'Kimbell', 'Lovart', '4306 Grayhawk Road', 2147483647, 'klovartb2@is.gd', 1),
(63983414, 'Nydia', 'MacAfee', '23966 Jenifer Lane', 2147483647, 'nmacafee67@dedecms.com', 2),
(64013241, 'Alexander', 'Seman', '3 Goodland Avenue', 2147483647, 'asemanev@walmart.com', 5),
(64278522, 'Kennedy', 'Rubinfeld', '24789 Commercial Center', 2147483647, 'krubinfeldkt@spiegel.de', 7),
(64349489, 'Irwin', 'O\'Devey', '55064 Pleasure Crossing', 2147483647, 'iodevey4t@vk.com', 7),
(64464338, 'Giulio', 'Fanner', '03 Chive Street', 2147483647, 'gfanner5n@nhs.uk', 5),
(64592180, 'Elwyn', 'McEneny', '9736 Sherman Park', 2147483647, 'emceneny6@ucsd.edu', 7),
(64601684, 'Denys', 'Kinvig', '81495 Dahle Place', 2147483647, 'dkinvig9j@china.com.cn', 4),
(64617397, 'Leonerd', 'Sailor', '11 Green Ridge Park', 2147483647, 'lsailorh7@washingtonpost.', 1),
(64690188, 'Cherie', 'Claydon', '1 Dwight Junction', 2147483647, 'cclaydon2@flickr.com', 2),
(64858871, 'Alaine', 'Oakly', '638 Buhler Trail', 2147483647, 'aoakly1g@nhs.uk', 7),
(65026456, 'Lester', 'Mattacks', '6173 Express Terrace', 2147483647, 'lmattacks7h@photobucket.c', 2),
(65064800, 'Brod', 'Simoens', '20 Springview Way', 2147483647, 'bsimoens4i@who.int', 6),
(65145347, 'Dredi', 'Cornau', '55 Namekagon Street', 2147483647, 'dcornau82@blogger.com', 6),
(65176819, 'Kaila', 'Wyldbore', '85352 Fulton Terrace', 2147483647, 'kwyldbore8j@bravesites.co', 7),
(65243941, 'Conrado', 'Brookes', '5725 Waywood Point', 2147483647, 'cbrookesdo@cnn.com', 4),
(65254790, 'Mandie', 'Norvill', '6957 Graedel Avenue', 2147483647, 'mnorvill5v@epa.gov', 8),
(65303672, 'Elisa', 'Capponer', '48 Maple Court', 2147483647, 'ecapponeri4@baidu.com', 8),
(65308553, 'Royal', 'Labusch', '6 Delladonna Trail', 2147483647, 'rlabusch7i@canalblog.com', 3),
(65312845, 'Ado', 'Hacksby', '1 Lighthouse Bay Avenue', 2147483647, 'ahacksby68@toplist.cz', 8),
(65333311, 'Kimbell', 'Lovart', '4306 Grayhawk Road', 2147483647, 'klovartb2@is.gd', 5),
(65405281, 'Salome', 'Brimman', '39147 Riverside Lane', 2147483647, 'sbrimmanba@comcast.net', 5),
(65458024, 'Chico', 'Widdows', '64 Hooker Lane', 2147483647, 'cwiddowsit@w3.org', 7),
(65576363, 'Lance', 'McFarlane', '90562 Johnson Hill', 2147483647, 'lmcfarlane9i@macromedia.c', 5),
(65584152, 'Cassie', 'Gremane', '5650 Evergreen Alley', 2147483647, 'cgremaneh6@bloglines.com', 3),
(65730010, 'Teresita', 'Baverstock', '5323 Ramsey Way', 2147483647, 'tbaverstockb7@google.it', 8),
(65930463, 'Elwyn', 'McEneny', '9736 Sherman Park', 2147483647, 'emceneny6@ucsd.edu', 4),
(66125226, 'Wilt', 'Arondel', '71781 Loftsgordon Circle', 2147483647, 'warondel1d@slate.com', 4),
(66128521, 'Serene', 'Cosin', '46 Lindbergh Drive', 2147483647, 'scosinb3@weather.com', 2),
(66428202, 'Valdemar', 'Heineken', '16 Pine View Circle', 2147483647, 'vheinekenj3@noaa.gov', 8),
(66560929, 'Anderea', 'Bauer', '63423 Havey Center', 2147483647, 'abauerh@pagesperso-orange', 3),
(66817121, 'Roanne', 'Tompkins', '06 Northridge Point', 2147483647, 'rtompkins3i@admin.ch', 4),
(66842815, 'Roderic', 'Tankin', '96 Novick Junction', 2147483647, 'rtankinkq@list-manage.com', 2),
(67344601, 'Nannette', 'Candie', '44 Magdeline Parkway', 2147483647, 'ncandie9k@rediff.com', 6),
(67417689, 'Fidole', 'Morillas', '24 Rigney Circle', 2147483647, 'fmorillasdn@yale.edu', 8),
(67485830, 'Dudley', 'Edwicker', '53626 Scoville Way', 2147483647, 'dedwicker5@reverbnation.c', 3),
(67633641, 'Horten', 'Verchambre', '447 Northland Alley', 2147483647, 'hverchambreb4@marketwatch', 4),
(67809336, 'Drusie', 'Cannam', '8800 Grayhawk Avenue', 2147483647, 'dcannamz@histats.com', 6),
(67984087, 'Augustine', 'Zannini', '29283 Hooker Alley', 2147483647, 'azanniniew@independent.co', 5),
(67990915, 'Robinette', 'Beviss', '7 Sullivan Road', 2147483647, 'rbevissgx@cdbaby.com', 4),
(68118990, 'Ibbie', 'MacCallion', '9295 Lukken Alley', 2147483647, 'imaccalliond9@xrea.com', 7),
(68161485, 'Mandel', 'McNirlin', '6 Debra Point', 2147483647, 'mmcnirlinf9@telegraph.co.', 5),
(68189665, 'Taylor', 'Irce', '2526 Moose Terrace', 2147483647, 'tirce9u@acquirethisname.c', 4),
(68269921, 'Byrle', 'Torbard', '6369 Algoma Crossing', 2147483647, 'btorbardfc@mozilla.org', 3),
(68343210, 'Cherye', 'Cawsby', '65 Kensington Way', 2147483647, 'ccawsby4j@hostgator.com', 5),
(68370656, 'Regine', 'Zold', '250 Hanover Plaza', 2147483647, 'rzoldg1@bloglines.com', 3),
(68448349, 'Zed', 'Mennear', '2115 Corscot Avenue', 2147483647, 'zmennear76@usda.gov', 1),
(68669331, 'Clarey', 'Mazillius', '23 Burrows Plaza', 2147483647, 'cmazilliusda@google.ca', 2),
(68815200, 'Elliott', 'Galtone', '7573 Harper Center', 2147483647, 'egaltonefx@apple.com', 4),
(68818534, 'Nickolaus', 'Huckabe', '28180 Burrows Pass', 2147483647, 'nhuckabefq@ustream.tv', 2),
(68916737, 'Ernest', 'McRamsey', '3 Waywood Parkway', 2147483647, 'emcramseyfn@phoca.cz', 7),
(68975367, 'Swen', 'Ridewood', '88 Pierstorff Avenue', 2147483647, 'sridewoodlw@fda.gov', 5),
(68998979, 'Winnifred', 'Fernant', '7650 Autumn Leaf Park', 2147483647, 'wfernantam@freewebs.com', 2),
(69060084, 'Kristine', 'Dyment', '65276 Logan Hill', 2147483647, 'kdymentgy@earthlink.net', 5),
(69071584, 'Friedrich', 'Goldstone', '16 Schmedeman Street', 2147483647, 'fgoldstonejy@cbc.ca', 8),
(69072322, 'Concettina', 'Jeeks', '6 Gina Parkway', 2147483647, 'cjeeksbf@cpanel.net', 8),
(69278189, 'Angie', 'Denzilow', '9 Lakewood Point', 2147483647, 'adenzilowe6@weather.com', 4),
(69331408, 'Zaccaria', 'Sellers', '9 Comanche Parkway', 2147483647, 'zsellersh1@facebook.com', 7),
(69380358, 'Doe', 'Queen', '87347 Meadow Valley Alley', 2147483647, 'dqueena3@ask.com', 7),
(69617032, 'Denice', 'Noah', '5 Sachs Point', 2147483647, 'dnoahl9@wikipedia.org', 8),
(69619901, 'Neill', 'Doiley', '1667 Sugar Road', 2147483647, 'ndoileylj@hubpages.com', 6),
(69683063, 'Aridatha', 'Songist', '332 East Pass', 2147483647, 'asongistd5@omniture.com', 5),
(69732089, 'Friedrich', 'Bigglestone', '6171 Birchwood Point', 2147483647, 'fbigglestone4d@weibo.com', 7),
(69769580, 'Teressa', 'MacCarlich', '030 Magdeline Place', 2147483647, 'tmaccarlichaf@1688.com', 4),
(69811425, 'Arlinda', 'Aberdalgy', '34597 Thackeray Circle', 2147483647, 'aaberdalgy26@vkontakte.ru', 4),
(69841039, 'Wynny', 'Islep', '5 Petterle Hill', 2147483647, 'wislep6y@globo.com', 6),
(69858745, 'Maire', 'Ingleson', '85252 Stephen Avenue', 2147483647, 'minglesonet@nsw.gov.au', 1),
(69951993, 'Cletus', 'Aucourte', '4377 Express Road', 2147483647, 'caucourteiz@aboutads.info', 1),
(69979790, 'Antonie', 'Storror', '9 Northfield Junction', 2147483647, 'astorrorka@g.co', 7),
(70044419, 'Augustine', 'Zannini', '29283 Hooker Alley', 2147483647, 'azanniniew@independent.co', 1),
(70105524, 'Edi', 'Bryett', '62298 Trailsway Lane', 2147483647, 'ebryettea@blogtalkradio.c', 1),
(70390415, 'Bobette', 'Mabb', '7 Milwaukee Road', 2147483647, 'bmabbfu@ow.ly', 3),
(70430160, 'Roland', 'Hadlee', '6688 Center Parkway', 2147483647, 'rhadlee46@wikispaces.com', 6);
INSERT INTO `skipthedishes` (`SkipTheDishes_ID`, `First_name`, `Last_name`, `Address`, `Phone_number`, `Email`, `Service_fee_amount`) VALUES
(70433581, 'Kin', 'Sydall', '5 High Crossing Crossing', 2147483647, 'ksydall12@weibo.com', 4),
(70439929, 'Ginnifer', 'Garms', '60772 Mccormick Way', 2147483647, 'ggarmsjq@ning.com', 3),
(70539504, 'Jamesy', 'Boyles', '59 Helena Pass', 2147483647, 'jboylesho@wunderground.co', 5),
(70688242, 'Hazlett', 'Semble', '0270 Melby Terrace', 2147483647, 'hsemble6w@nydailynews.com', 4),
(70741182, 'Aprilette', 'Midford', '7054 Village Green Trail', 2147483647, 'amidforde@theglobeandmail', 7),
(70846478, 'Mirabel', 'Newbigging', '4 Evergreen Street', 2147483647, 'mnewbiggingg@dailymotion.', 3),
(70849524, 'Alys', 'Wakeley', '2 Vermont Parkway', 2147483647, 'awakeleyad@sfgate.com', 4),
(70969014, 'Kristine', 'Dyment', '65276 Logan Hill', 2147483647, 'kdymentgy@earthlink.net', 4),
(71162959, 'Adela', 'Derr', '2709 Kipling Plaza', 2147483647, 'aderrlp@pbs.org', 2),
(71209459, 'Kristine', 'Dyment', '65276 Logan Hill', 2147483647, 'kdymentgy@earthlink.net', 2),
(71428588, 'Salome', 'Brimman', '39147 Riverside Lane', 2147483647, 'sbrimmanba@comcast.net', 6),
(71505324, 'Becki', 'Caves', '38 Johnson Place', 2147483647, 'bcaves2p@loc.gov', 5),
(71535308, 'Letti', 'Greenan', '50919 Barnett Court', 2147483647, 'lgreenan14@sohu.com', 8),
(71544699, 'Ken', 'Rathke', '43 Pepper Wood Road', 2147483647, 'krathkeb9@si.edu', 2),
(71644042, 'Horten', 'Verchambre', '447 Northland Alley', 2147483647, 'hverchambreb4@marketwatch', 1),
(71742124, 'Irita', 'Cossington', '85937 Artisan Pass', 2147483647, 'icossingtonag@freewebs.co', 4),
(71791050, 'Brice', 'Dockreay', '3979 Heffernan Parkway', 2147483647, 'bdockreaygw@ebay.com', 1),
(71877875, 'Annabelle', 'Lyokhin', '3266 Mccormick Park', 2147483647, 'alyokhin6h@indiatimes.com', 6),
(71896753, 'Ken', 'Rathke', '43 Pepper Wood Road', 2147483647, 'krathkeb9@si.edu', 8),
(72147054, 'Ansley', 'Catton', '2 Columbus Road', 2147483647, 'acattonid@archive.org', 4),
(72171185, 'Niels', 'Rutt', '8 Carpenter Alley', 2147483647, 'nruttk9@dailymail.co.uk', 7),
(72283327, 'Bjorn', 'Avann', '5 Sheridan Court', 2147483647, 'bavannm3@goo.ne.jp', 7),
(72295734, 'Pru', 'Richin', '894 Forest Run Court', 2147483647, 'prichinfw@yellowpages.com', 4),
(72327047, 'Augustine', 'Zannini', '29283 Hooker Alley', 2147483647, 'azanniniew@independent.co', 4),
(72454879, 'Dicky', 'Hallworth', '6 Manley Park', 2147483647, 'dhallworth2i@mozilla.com', 1),
(72908673, 'Willa', 'Palphreyman', '68 Southridge Circle', 2147483647, 'wpalphreyman9h@zimbio.com', 1),
(73044575, 'Abraham', 'Flewan', '417 Anderson Terrace', 2147483647, 'aflewan53@spiegel.de', 5),
(73316459, 'Bernetta', 'Ranns', '22919 Fisk Junction', 2147483647, 'branns36@nps.gov', 8),
(73371739, 'Breena', 'Harses', '55595 Mosinee Circle', 2147483647, 'bharses7s@nyu.edu', 7),
(73515574, 'Jerry', 'Smuth', '12561 Forest Dale Park', 2147483647, 'jsmuth1x@woothemes.com', 8),
(73529170, 'Bambi', 'Raylton', '762 Fisk Court', 2147483647, 'brayltong7@china.com.cn', 6),
(73549636, 'Eba', 'Skipp', '01 Pawling Point', 2147483647, 'eskippi@arizona.edu', 3),
(73607348, 'Shannah', 'Claxton', '52571 Myrtle Street', 2147483647, 'sclaxtonal@nasa.gov', 8),
(73797168, 'Dudley', 'Edwicker', '53626 Scoville Way', 2147483647, 'dedwicker5@reverbnation.c', 5),
(74018702, 'Hetti', 'Linton', '827 Atwood Court', 2147483647, 'hlintonm2@yellowbook.com', 8),
(74033002, 'Axe', 'Bene', '7172 Melby Alley', 2147483647, 'abene8d@xrea.com', 5),
(74185276, 'Hilary', 'Baroch', '402 Springview Way', 2147483647, 'hbaroch92@biglobe.ne.jp', 4),
(74263318, 'Robinette', 'Beviss', '7 Sullivan Road', 2147483647, 'rbevissgx@cdbaby.com', 1),
(74319735, 'Jules', 'Kenworth', '33 Pawling Circle', 2147483647, 'jkenwortheo@abc.net.au', 4),
(74330854, 'Merrili', 'Gopsell', '501 Starling Place', 2147483647, 'mgopsellk2@gravatar.com', 4),
(74355080, 'Calvin', 'Hurburt', '16 Daystar Crossing', 2147483647, 'churburtez@ehow.com', 7),
(75162928, 'Harlin', 'Losel', '35 Golf View Place', 2147483647, 'hlosel5j@cocolog-nifty.co', 2),
(75172415, 'Barbara', 'Teal', '25999 Tony Parkway', 2147483647, 'btealv@who.int', 5),
(75259716, 'Terencio', 'Biagini', '335 Bunker Hill Lane', 2147483647, 'tbiagini96@cloudflare.com', 7),
(75423533, 'Benjamin', 'Guye', '1851 Larry Drive', 2147483647, 'bguyeli@i2i.jp', 2),
(75507856, 'Bethany', 'Winter', '3 Northview Junction', 2147483647, 'bwinterc7@reddit.com', 1),
(75801042, 'Ardyce', 'Robet', '5603 Ruskin Hill', 2147483647, 'arobet83@usa.gov', 6),
(75926548, 'Matt', 'Giacobilio', '3 Division Alley', 2147483647, 'mgiacobilio72@friendfeed.', 6),
(76209786, 'Chantalle', 'Lacase', '041 Michigan Place', 2147483647, 'clacase1z@phpbb.com', 5),
(76303005, 'Rosy', 'Beasleigh', '6 Service Trail', 2147483647, 'rbeasleighcl@nsw.gov.au', 2),
(76344928, 'Kimbra', 'Shenton', '22285 Straubel Point', 2147483647, 'kshentonck@marriott.com', 2),
(76426239, 'Pammi', 'Cotter', '55 Messerschmidt Plaza', 2147483647, 'pcotter4@privacy.gov.au', 4),
(76439076, 'Dannel', 'Ferentz', '556 Orin Avenue', 2147483647, 'dferentz7l@cnet.com', 1),
(76524738, 'Salome', 'Brimman', '39147 Riverside Lane', 2147483647, 'sbrimmanba@comcast.net', 2),
(76598814, 'Amberly', 'Lanchester', '9 Everett Terrace', 2147483647, 'alanchester62@java.com', 8),
(76736910, 'Galvan', 'Walklate', '692 Mayer Drive', 2147483647, 'gwalklate2o@ucoz.ru', 2),
(77030247, 'Merrel', 'Matschuk', '83 Fordem Center', 2147483647, 'mmatschukb6@indiatimes.co', 4),
(77039808, 'Joshua', 'Lowton', '71 Thierer Circle', 2147483647, 'jlowton85@blog.com', 4),
(77141674, 'Merry', 'Glavias', '0244 Mayer Center', 2147483647, 'mglaviasbn@ycombinator.co', 8),
(77341766, 'Bank', 'Etchell', '7 Harbort Point', 2147483647, 'betchelllu@narod.ru', 7),
(77529625, 'Halsy', 'Hawksley', '72 Reinke Junction', 2147483647, 'hhawksleyf3@cisco.com', 5),
(77747047, 'Parker', 'Grzelczak', '55317 Clemons Street', 2147483647, 'pgrzelczak3b@si.edu', 2),
(77758494, 'Alexander', 'Seman', '3 Goodland Avenue', 2147483647, 'asemanev@walmart.com', 1),
(77836512, 'Madelle', 'Nipper', '8019 Corry Avenue', 2147483647, 'mnipperj4@loc.gov', 1),
(77978374, 'Moina', 'Pelosi', '0 Pleasure Pass', 2147483647, 'mpelosi77@weibo.com', 4),
(78047131, 'Darsey', 'Kubecka', '33641 Grim Trail', 2147483647, 'dkubecka4y@telegraph.co.u', 8),
(78055763, 'Francoise', 'Robbeke', '31 Mesta Pass', 2147483647, 'frobbeke4n@businessinside', 3),
(78152374, 'Clywd', 'Normavill', '284 Veith Park', 2147483647, 'cnormavillly@wordpress.or', 8),
(78346761, 'Stanfield', 'Hattoe', '25695 Ridgeview Point', 2147483647, 'shattoe8q@reddit.com', 4),
(78428837, 'Lonni', 'Bougen', '3 Bellgrove Trail', 2147483647, 'lbougenaz@nba.com', 2),
(78438455, 'Alexandr', 'Clemmen', '478 Quincy Way', 2147483647, 'aclemmengp@ebay.com', 8),
(78732251, 'Allyson', 'Mandres', '3 Thackeray Alley', 2147483647, 'amandrese0@reuters.com', 5),
(78768974, 'Pierette', 'Osgodby', '0 Weeping Birch Alley', 2147483647, 'posgodby1n@cargocollectiv', 8),
(78932996, 'Marcella', 'Brecknall', '75960 Hovde Junction', 2147483647, 'mbrecknallim@ovh.net', 2),
(78982939, 'Lexy', 'Longea', '86449 Westport Road', 2147483647, 'llongealh@51.la', 8),
(79011966, 'Stephen', 'Skingley', '5148 Anderson Court', 2147483647, 'sskingley52@goo.gl', 1),
(79078395, 'Perren', 'Scroggs', '99498 Kinsman Point', 2147483647, 'pscroggs2s@posterous.com', 6),
(79126448, 'Merrel', 'Matschuk', '83 Fordem Center', 2147483647, 'mmatschukb6@indiatimes.co', 1),
(79333291, 'Tilda', 'Lampen', '2 Transport Pass', 2147483647, 'tlampeneu@amazon.de', 8),
(79370556, 'Loreen', 'Emanson', '409 Marquette Alley', 2147483647, 'lemanson8f@mozilla.org', 4),
(79371135, 'Bear', 'Pyser', '95297 Lillian Street', 2147483647, 'bpyser9f@usda.gov', 4),
(79404193, 'Brittan', 'Merrifield', '120 Sutteridge Center', 2147483647, 'bmerrifield4u@pbs.org', 6),
(79598003, 'Roberto', 'Matthewson', '16 Barby Way', 2147483647, 'rmatthewson5u@is.gd', 6),
(79850426, 'Ezri', 'Paike', '5 Elka Lane', 2147483647, 'epaike5i@hatena.ne.jp', 7),
(80072691, 'Clarie', 'Garvagh', '892 Fairview Point', 2147483647, 'cgarvaghkv@istockphoto.co', 6),
(80093379, 'Shandee', 'Sipson', '8 Autumn Leaf Way', 2147483647, 'ssipson78@sourceforge.net', 1),
(80400780, 'Cully', 'Fairholme', '1 Westend Alley', 2147483647, 'cfairholme5x@webeden.co.u', 7),
(80519540, 'Sydel', 'O\'Grady', '57 1st Pass', 2147483647, 'sogradyi7@columbia.edu', 5),
(80622412, 'Sollie', 'McAvaddy', '3 Sachs Crossing', 2147483647, 'smcavaddy1l@hibu.com', 1),
(80907578, 'Ulrika', 'Hillock', '778 Kipling Plaza', 2147483647, 'uhillockkc@networkadverti', 7),
(81161568, 'Wileen', 'Di Meo', '58 Doe Crossing Court', 2147483647, 'wdimeo7n@123-reg.co.uk', 1),
(81244356, 'Dare', 'Sager', '73 Clarendon Hill', 2147483647, 'dsagerk3@marriott.com', 2),
(81281897, 'Abe', 'Easter', '6 Oak Valley Road', 2147483647, 'aeasterh0@51.la', 7),
(81404541, 'Dominga', 'Lucian', '4 Kipling Street', 2147483647, 'dlucian3l@yale.edu', 6),
(81462138, 'Ahmad', 'Bracegirdle', '3281 Briar Crest Hill', 2147483647, 'abracegirdleas@cornell.ed', 8),
(81560314, 'Keelby', 'Hatherall', '2 Londonderry Crossing', 2147483647, 'khatherall94@surveymonkey', 1),
(81656863, 'Livvy', 'Shaddock', '90 Washington Circle', 2147483647, 'lshaddocklf@paypal.com', 3),
(81676085, 'Abe', 'Easter', '6 Oak Valley Road', 2147483647, 'aeasterh0@51.la', 1),
(81708330, 'Hetti', 'Kuban', '155 East Pass', 2147483647, 'hkubane2@wikispaces.com', 8),
(81734257, 'Archibaldo', 'Cagan', '74662 Old Gate Parkway', 2147483647, 'acagan7@ca.gov', 8),
(82088159, 'Allene', 'Elan', '875 Gulseth Road', 2147483647, 'aelancc@ning.com', 2),
(82188653, 'Marilyn', 'Cliff', '7859 Holmberg Court', 2147483647, 'mcliffdm@ycombinator.com', 4),
(82372190, 'Albertina', 'Turnor', '976 Homewood Terrace', 2147483647, 'aturnorlq@sina.com.cn', 7),
(82396704, 'Dorthy', 'Eschalotte', '3106 Utah Lane', 2147483647, 'deschalottej6@huffingtonp', 7),
(82429759, 'Bernette', 'Trundle', '9 Melvin Hill', 2147483647, 'btrundle99@ycombinator.co', 6),
(82739210, 'Bevvy', 'Nenci', '2719 Loeprich Street', 2147483647, 'bnenci38@blogger.com', 6),
(82851689, 'Forbes', 'Nobles', '0636 2nd Hill', 2147483647, 'fnobles74@hugedomains.com', 5),
(82897099, 'Hobey', 'Chese', '0 Sachs Avenue', 2147483647, 'hcheseh5@businesswire.com', 4),
(83015374, 'Brittney', 'Ucchino', '95582 Texas Place', 2147483647, 'bucchinoko@ow.ly', 3),
(83024962, 'Melita', 'Conibear', '930 Beilfuss Terrace', 2147483647, 'mconibear1@hugedomains.co', 6),
(83033549, 'Lynette', 'Prickett', '9 Park Meadow Pass', 2147483647, 'lprickett5z@wsj.com', 2),
(83101847, 'Bendix', 'Grahamslaw', '070 Dryden Hill', 2147483647, 'bgrahamslaw3a@reverbnatio', 1),
(83137005, 'Serene', 'Ridding', '755 Bunting Court', 2147483647, 'sriddingu@dyndns.org', 5),
(83176987, 'Cherie', 'Claydon', '1 Dwight Junction', 2147483647, 'cclaydon2@flickr.com', 1),
(83214347, 'Jermain', 'Scrinage', '0 Forest Dale Circle', 2147483647, 'jscrinagef4@nationalgeogr', 7),
(83220842, 'Eugene', 'Steere', '41 Sauthoff Trail', 2147483647, 'esteere55@deviantart.com', 7),
(83337129, 'Christiana', 'Bruyet', '3 Hollow Ridge Avenue', 2147483647, 'cbruyetfl@timesonline.co.', 2),
(83482241, 'Caroljean', 'Vella', '21 Atwood Crossing', 2147483647, 'cvellam0@discuz.net', 2),
(83813809, 'Ellyn', 'Smorthit', '99935 Killdeer Way', 2147483647, 'esmorthiteq@comsenz.com', 4),
(83916410, 'Sherlock', 'Darmody', '31445 Transport Terrace', 2147483647, 'sdarmodycz@dagondesign.co', 6),
(83947015, 'Malorie', 'Dalli', '68 Coolidge Parkway', 2147483647, 'mdalli4z@skyrock.com', 5),
(83971556, 'Alvera', 'Wayne', '97 Melby Way', 2147483647, 'awayneje@latimes.com', 8),
(84068720, 'Tilda', 'Lampen', '2 Transport Pass', 2147483647, 'tlampeneu@amazon.de', 2),
(84105372, 'Hermy', 'Purrier', '6420 Mccormick Circle', 2147483647, 'hpurrier9n@barnesandnoble', 8),
(84193468, 'Bennie', 'Gumn', '36 Buena Vista Drive', 2147483647, 'bgumnb5@networksolutions.', 6),
(84232835, 'Natty', 'Bulpitt', '05215 Hudson Drive', 2147483647, 'nbulpittgi@pcworld.com', 1),
(84340381, 'Elwyn', 'McEneny', '9736 Sherman Park', 2147483647, 'emceneny6@ucsd.edu', 6),
(84393609, 'Cathi', 'McIlrath', '3 New Castle Terrace', 2147483647, 'cmcilrathi8@hibu.com', 8),
(84447976, 'Konrad', 'Sketch', '8 Shopko Way', 2147483647, 'ksketch9b@java.com', 5),
(84480629, 'Joann', 'Matuszewski', '412 Leroy Lane', 2147483647, 'jmatuszewski27@smugmug.co', 8),
(84548532, 'Cherie', 'Claydon', '1 Dwight Junction', 2147483647, 'cclaydon2@flickr.com', 7),
(84827831, 'Noland', 'Priditt', '427 Melody Avenue', 2147483647, 'npridittf@independent.co.', 4),
(84853191, 'Horten', 'Verchambre', '447 Northland Alley', 2147483647, 'hverchambreb4@marketwatch', 3),
(84982431, 'Kris', 'Methuen', '7 Oak Crossing', 2147483647, 'kmethuenhj@lycos.com', 4),
(85130217, 'Karim', 'De Benedetti', '791 Emmet Court', 2147483647, 'kdebenedetti6m@odnoklassn', 4),
(85296210, 'Reeba', 'Ellerker', '217 Ilene Plaza', 2147483647, 'rellerkers@opensource.org', 6),
(85397654, 'Maggie', 'Critchlow', '83898 Prairie Rose Terrace', 2147483647, 'mcritchlowkp@bloomberg.co', 1),
(86080278, 'Robinette', 'Beviss', '7 Sullivan Road', 2147483647, 'rbevissgx@cdbaby.com', 4),
(86097481, 'Perrine', 'Altamirano', '3165 Garrison Junction', 2147483647, 'paltamiranoiy@sina.com.cn', 4),
(86135028, 'Reba', 'Nosworthy', '703 Waubesa Circle', 2147483647, 'rnosworthyin@gmpg.org', 4),
(86171048, 'Eba', 'Skipp', '01 Pawling Point', 2147483647, 'eskippi@arizona.edu', 4),
(86293133, 'Sidonia', 'Zold', '908 Oxford Road', 2147483647, 'szoldip@webnode.com', 3),
(86533165, 'Renee', 'Finlator', '66 Kinsman Court', 2147483647, 'rfinlator58@nsw.gov.au', 3),
(86533377, 'Tad', 'Claydon', '3 Towne Hill', 2147483647, 'tclaydona4@ehow.com', 6),
(86565044, 'Chancey', 'Strong', '043 Union Road', 2147483647, 'cstrong6p@squarespace.com', 4),
(86690887, 'Tawsha', 'Deeth', '82873 Crescent Oaks Lane', 2147483647, 'tdeethax@reddit.com', 1),
(86738625, 'Ambrosio', 'Nickerson', '22 Vera Terrace', 2147483647, 'anickersongg@sciencedirec', 2),
(86815237, 'Holt', 'Rigg', '1 Meadow Ridge Terrace', 2147483647, 'hriggaj@tamu.edu', 3),
(86883956, 'Sloane', 'Francom', '40 Continental Alley', 2147483647, 'sfrancomhn@studiopress.co', 7),
(87063426, 'Selinda', 'Tibbles', '09606 Cascade Junction', 2147483647, 'stibblesg6@odnoklassniki.', 8),
(87195499, 'Myrvyn', 'Rizzi', '85879 Russell Terrace', 2147483647, 'mrizzifd@spiegel.de', 6),
(87273183, 'Hakeem', 'Dowthwaite', '7643 Crescent Oaks Street', 2147483647, 'hdowthwaiteiu@com.com', 4),
(87326964, 'Hettie', 'Wolfenden', '1 Derek Hill', 2147483647, 'hwolfendena8@latimes.com', 1),
(87519006, 'Delly', 'Knoles', '3 Judy Hill', 2147483647, 'dknoles9a@who.int', 1),
(87561863, 'Annadiane', 'O\'Bruen', '3612 Donald Avenue', 2147483647, 'aobruencd@bing.com', 5),
(87563714, 'Lind', 'Kenward', '05 Weeping Birch Plaza', 2147483647, 'lkenwardd8@hatena.ne.jp', 7),
(87579863, 'Jedidiah', 'Unsworth', '0 Logan Trail', 2147483647, 'junsworthbd@independent.c', 7),
(87595871, 'Keelia', 'Arnholdt', '5 Spenser Trail', 2147483647, 'karnholdtl2@sakura.ne.jp', 7),
(87728263, 'Raynell', 'Capelow', '4 Westport Circle', 2147483647, 'rcapelow70@cpanel.net', 8),
(87936474, 'Christina', 'Condell', '5638 Truax Court', 2147483647, 'ccondelll0@altervista.org', 5),
(88380976, 'Kimbell', 'Lovart', '4306 Grayhawk Road', 2147483647, 'klovartb2@is.gd', 2),
(88402238, 'Louis', 'Stait', '270 Onsgard Drive', 2147483647, 'lstaitgo@alexa.com', 1),
(88484736, 'Marylynne', 'Shower', '175 Toban Parkway', 2147483647, 'mshowerfp@rediff.com', 1),
(88492998, 'Georg', 'Gumbrell', '67771 Laurel Drive', 2147483647, 'ggumbrellio@house.gov', 3),
(88550782, 'Herman', 'Cosbey', '162 Leroy Plaza', 2147483647, 'hcosbeyca@nasa.gov', 7),
(88718890, 'Dudley', 'Edwicker', '53626 Scoville Way', 2147483647, 'dedwicker5@reverbnation.c', 2),
(88745380, 'Marleen', 'Shercliff', '997 Menomonie Way', 2147483647, 'mshercliffa1@dailymail.co', 5),
(88929172, 'Fern', 'Kimmings', '34 Hanson Point', 2147483647, 'fkimmings4x@domainmarket.', 1),
(89079846, 'Byron', 'Knibley', '0066 Florence Park', 2147483647, 'bknibleykx@merriam-webste', 6),
(89092534, 'Sindee', 'Piburn', '81315 Fremont Circle', 2147483647, 'spiburn5h@arizona.edu', 4),
(89130075, 'Koressa', 'Berceros', '612 Warrior Crossing', 2147483647, 'kberceroslg@eventbrite.co', 3),
(89344615, 'Pammi', 'Cotter', '55 Messerschmidt Plaza', 2147483647, 'pcotter4@privacy.gov.au', 6),
(89387710, 'Winn', 'Despenser', '6 Longview Junction', 2147483647, 'wdespenserci@spotify.com', 1),
(89450679, 'Arthur', 'Kindley', '38263 Di Loreto Place', 2147483647, 'akindleyke@huffingtonpost', 8),
(89451474, 'Anni', 'Pyrton', '15403 Carey Place', 2147483647, 'apyrtonl3@blogger.com', 7),
(89507693, 'Tatum', 'Bente', '5 Fuller Court', 2147483647, 'tbenteku@tinyurl.com', 7),
(89643612, 'Junina', 'Crewdson', '12 Barby Drive', 2147483647, 'jcrewdsonix@xrea.com', 1),
(89694147, 'Robinia', 'Boscott', '686 Merrick Trail', 2147483647, 'rboscottj9@imageshack.us', 2),
(89775160, 'Elden', 'Sustins', '439 Logan Lane', 2147483647, 'esustins9g@vk.com', 4),
(90003747, 'Elisha', 'Clurow', '04402 Haas Hill', 2147483647, 'eclurowcw@huffingtonpost.', 1),
(90068207, 'Lucille', 'Soitoux', '6 Harper Park', 2147483647, 'lsoitouxbu@uiuc.edu', 5),
(90107179, 'Minta', 'Jodkowski', '9 Jackson Trail', 2147483647, 'mjodkowskikz@webnode.com', 7),
(90146275, 'Mirabel', 'Newbigging', '4 Evergreen Street', 2147483647, 'mnewbiggingg@dailymotion.', 1),
(90319482, 'Sheffie', 'Cuthill', '11378 Canary Circle', 2147483647, 'scuthill61@narod.ru', 6),
(90326865, 'Bobbe', 'Chrismas', '5 Mitchell Avenue', 2147483647, 'bchrismascx@indiatimes.co', 1),
(90365183, 'Uri', 'Axtonne', '001 Scott Alley', 2147483647, 'uaxtonne3k@icio.us', 7),
(90366364, 'Merrel', 'Matschuk', '83 Fordem Center', 2147483647, 'mmatschukb6@indiatimes.co', 1),
(90440882, 'Garnet', 'Vader', '3107 Dwight Terrace', 2147483647, 'gvaderj0@g.co', 4),
(90676499, 'Marlie', 'Ellis', '08597 Havey Drive', 2147483647, 'mellise1@japanpost.jp', 2),
(90747450, 'Bennie', 'Gumn', '36 Buena Vista Drive', 2147483647, 'bgumnb5@networksolutions.', 5),
(90787663, 'Abe', 'Easter', '6 Oak Valley Road', 2147483647, 'aeasterh0@51.la', 5),
(90812865, 'Lennard', 'Blundin', '273 Welch Hill', 2147483647, 'lblundinkb@comsenz.com', 4),
(91028021, 'Lusa', 'Burdoun', '72 Mayfield Place', 2147483647, 'lburdoun2u@house.gov', 5),
(91061101, 'Frannie', 'Hadaway', '3 Mosinee Alley', 2147483647, 'fhadaway6v@qq.com', 3),
(91226635, 'Levon', 'Isgar', '306 Buhler Hill', 2147483647, 'lisgar8p@moonfruit.com', 6),
(91756500, 'Tilda', 'Lampen', '2 Transport Pass', 2147483647, 'tlampeneu@amazon.de', 5),
(91928556, 'Bernard', 'Leetham', '87 Pierstorff Parkway', 2147483647, 'bleethamg0@archive.org', 1),
(92017534, 'Kristine', 'Dyment', '65276 Logan Hill', 2147483647, 'kdymentgy@earthlink.net', 3),
(92237803, 'Peria', 'Elbourne', '010 Sutteridge Crossing', 2147483647, 'pelbourne3c@dailymotion.c', 8),
(92316908, 'Meridith', 'Ahrenius', '65 Old Shore Trail', 2147483647, 'mahrenius7a@whitehouse.go', 4),
(92614664, 'Aurel', 'Seivwright', '3550 Havey Plaza', 2147483647, 'aseivwrightb@jigsy.com', 7),
(92776012, 'Rosaline', 'Mateo', '954 American Ash Plaza', 2147483647, 'rmateo2m@infoseek.co.jp', 1),
(92809434, 'Fin', 'Burel', '8 Hauk Way', 2147483647, 'fburelik@xrea.com', 7),
(92825492, 'Leah', 'Elvidge', '39 Ilene Point', 2147483647, 'lelvidge8m@google.com', 8),
(92865540, 'Gretchen', 'Osmant', '08888 Parkside Avenue', 2147483647, 'gosmant2b@indiegogo.com', 7),
(92876286, 'Dianna', 'Lermit', '96 Delaware Circle', 2147483647, 'dlermitat@cisco.com', 5),
(93129749, 'Maire', 'Ingleson', '85252 Stephen Avenue', 2147483647, 'minglesonet@nsw.gov.au', 1),
(93220873, 'Benetta', 'Brikner', '644 Vermont Hill', 2147483647, 'bbriknerbq@mail.ru', 3),
(93303668, 'Costanza', 'Lowdwell', '4065 Lake View Terrace', 2147483647, 'clowdwellgb@mashable.com', 7),
(93373875, 'Barnett', 'McQuillan', '2 Heffernan Place', 2147483647, 'bmcquillan47@columbia.edu', 4),
(93490804, 'Reube', 'Mathieson', '74 Sunnyside Road', 2147483647, 'rmathieson89@unicef.org', 1),
(93507881, 'Carlin', 'Caldicot', '7 Blue Bill Park Center', 2147483647, 'ccaldicot4l@dyndns.org', 1),
(93546962, 'Luce', 'Gilardone', '7 Vidon Pass', 2147483647, 'lgilardonedh@abc.net.au', 2),
(93590054, 'Latrena', 'Korbmaker', '70 Mayfield Street', 2147483647, 'lkorbmakerab@woothemes.co', 2),
(93719208, 'Isa', 'Buggy', '483 Wayridge Parkway', 2147483647, 'ibuggyeb@imageshack.us', 1),
(93811977, 'Lalo', 'Gwilt', '16 Delladonna Parkway', 2147483647, 'lgwiltdl@google.pl', 7),
(94068586, 'Rog', 'Dendle', '212 Stephen Pass', 2147483647, 'rdendle3m@nifty.com', 2),
(94309117, 'Allyce', 'Bowdery', '41 Old Shore Pass', 2147483647, 'abowdery1m@woothemes.com', 8),
(94315974, 'Raina', 'Jewes', '963 Farwell Drive', 2147483647, 'rjewesdk@freewebs.com', 8),
(94484131, 'Aldridge', 'Borles', '47 Forster Trail', 2147483647, 'aborles29@msn.com', 5),
(94966966, 'Bennie', 'Gumn', '36 Buena Vista Drive', 2147483647, 'bgumnb5@networksolutions.', 2),
(95022800, 'Annelise', 'Trammel', '57735 5th Pass', 2147483647, 'atrammellm@slideshare.net', 7),
(95055688, 'Noland', 'Priditt', '427 Melody Avenue', 2147483647, 'npridittf@independent.co.', 2),
(95083168, 'Teresita', 'Baverstock', '5323 Ramsey Way', 2147483647, 'tbaverstockb7@google.it', 8),
(95125779, 'Jolee', 'Dow', '1 Golf Plaza', 2147483647, 'jdoww@goodreads.com', 4),
(95823567, 'Sidonnie', 'Forrest', '89 Gulseth Pass', 2147483647, 'sforrest1j@gizmodo.com', 3),
(96262792, 'Cornelius', 'Lamprecht', '21519 Pepper Wood Point', 2147483647, 'clamprecht45@go.com', 2),
(96360448, 'Xaviera', 'Rollinson', '0576 Oak Place', 2147483647, 'xrollinson4o@cargocollect', 7),
(96568437, 'Lanny', 'Onthank', '4 Bluestem Parkway', 2147483647, 'lonthank4b@mozilla.com', 8),
(96616930, 'Anderea', 'Bauer', '63423 Havey Center', 2147483647, 'abauerh@pagesperso-orange', 3),
(96680569, 'Belicia', 'Gomm', '71 Prairieview Way', 2147483647, 'bgomm9m@woothemes.com', 1),
(96746208, 'Evonne', 'Drains', '71 Eastwood Terrace', 2147483647, 'edrainscv@ow.ly', 1),
(96786753, 'Benyamin', 'Chason', '66 Kings Street', 2147483647, 'bchasonfe@over-blog.com', 1),
(96824268, 'Johnath', 'Tuiller', '32099 Pennsylvania Center', 2147483647, 'jtuillerm6@apache.org', 1),
(97132134, 'Casey', 'Oriel', '5 Lindbergh Drive', 2147483647, 'corielfk@technorati.com', 5),
(97164361, 'Cindi', 'Ledrun', '60 Chive Way', 2147483647, 'cledrun35@washingtonpost.', 5),
(97266674, 'Danny', 'Daniellot', '08 Sundown Junction', 2147483647, 'ddaniellotgz@phpbb.com', 1),
(97280247, 'Anderea', 'Bauer', '63423 Havey Center', 2147483647, 'abauerh@pagesperso-orange', 6),
(97296000, 'Elwyn', 'Mallard', '12926 Katie Terrace', 2147483647, 'emallard5f@pen.io', 8),
(97369413, 'Noland', 'Priditt', '427 Melody Avenue', 2147483647, 'npridittf@independent.co.', 4),
(97400200, 'Mata', 'Vandenhoff', '04 Loeprich Crossing', 2147483647, 'mvandenhoffb8@networkadve', 2),
(97479778, 'Adaline', 'MacNeillie', '355 Judy Junction', 2147483647, 'amacneilliece@flavors.me', 4),
(97517577, 'Bill', 'Muneely', '8 Autumn Leaf Way', 2147483647, 'bmuneelym4@ihg.com', 8),
(97655054, 'Brice', 'Dockreay', '3979 Heffernan Parkway', 2147483647, 'bdockreaygw@ebay.com', 7),
(97844781, 'Cherye', 'Pepis', '91 Harper Crossing', 2147483647, 'cpepisdi@phoca.cz', 5),
(97959267, 'Philomena', 'Haddow', '41 Farwell Way', 2147483647, 'phaddowau@who.int', 5),
(98010253, 'Merrel', 'Matschuk', '83 Fordem Center', 2147483647, 'mmatschukb6@indiatimes.co', 6),
(98032630, 'Lindsay', 'Malyon', '6 Sutherland Point', 2147483647, 'lmalyongu@mail.ru', 5),
(98098752, 'Salomi', 'Cuttin', '0571 Maywood Road', 2147483647, 'scuttindg@xinhuanet.com', 5),
(98181176, 'Arabella', 'Skehens', '9 Harbort Court', 2147483647, 'askehens3w@jugem.jp', 2),
(98214125, 'Therese', 'Brunke', '798 7th Parkway', 2147483647, 'tbrunke1h@phoca.cz', 5),
(98560827, 'Cristal', 'Pawley', '2211 Warrior Road', 2147483647, 'cpawleyd6@google.com.br', 3),
(98691480, 'Babs', 'Matveyev', '36383 Jana Lane', 2147483647, 'bmatveyevi3@bloglines.com', 3),
(98999780, 'Danny', 'Daniellot', '08 Sundown Junction', 2147483647, 'ddaniellotgz@phpbb.com', 6),
(99027267, 'Janith', 'Decayette', '11 Butterfield Crossing', 2147483647, 'jdecayettede@paginegialle', 7),
(99204638, 'Arlyne', 'Whitelock', '45665 4th Crossing', 2147483647, 'awhitelock66@statcounter.', 2),
(99406153, 'Mirabel', 'Newbigging', '4 Evergreen Street', 2147483647, 'mnewbiggingg@dailymotion.', 8),
(99483106, 'Danice', 'Cowpe', '597 Spohn Parkway', 2147483647, 'dcowpe3e@lulu.com', 3),
(99530942, 'Adeline', 'Nineham', '3947 Heffernan Terrace', 2147483647, 'aninehamfb@patch.com', 4),
(99614298, 'Marcellus', 'Lesly', '05 Rusk Trail', 2147483647, 'mlesly6u@stanford.edu', 7),
(99617105, 'Consalve', 'Beetham', '387 Northridge Street', 2147483647, 'cbeethama9@cmu.edu', 6),
(99637834, 'Deck', 'Terrill', '7 Thompson Drive', 2147483647, 'dterrill57@wufoo.com', 8),
(99908913, 'Rip', 'Winsom', '09 Thackeray Terrace', 2147483647, 'rwinsom7b@ed.gov', 2),
(99910100, 'Serene', 'Cosin', '46 Lindbergh Drive', 2147483647, 'scosinb3@weather.com', 6),
(99974523, 'Dillon', 'Feaveer', '0 Declaration Lane', 2147483647, 'dfeaveer7g@adobe.com', 7);

-- --------------------------------------------------------

--
-- Table structure for table `store`
--

CREATE TABLE `store` (
  `Store_ID` int(8) NOT NULL,
  `Address` varchar(50) NOT NULL,
  `Postal_code` varchar(6) NOT NULL COMMENT '6 characters',
  `Phone_num` int(10) DEFAULT NULL COMMENT '10 digits'
) ENGINE=InnoDB DEFAULT CHARSET=utf8mb4;

--
-- Dumping data for table `store`
--

INSERT INTO `store` (`Store_ID`, `Address`, `Postal_code`, `Phone_num`) VALUES
(1, '1780 Richrow St', 'N6A5L9', 2147483647);

-- --------------------------------------------------------

--
-- Table structure for table `suppliers`
--

CREATE TABLE `suppliers` (
  `Supplier_ID` int(8) NOT NULL,
  `Store_ID` int(8) NOT NULL,
  `Name` varchar(25) NOT NULL,
  `Quantity_Supplied` int(5) NOT NULL,
  `Contract_cost` int(5) NOT NULL
) ENGINE=InnoDB DEFAULT CHARSET=utf8mb4;

--
-- Dumping data for table `suppliers`
--

INSERT INTO `suppliers` (`Supplier_ID`, `Store_ID`, `Name`, `Quantity_Supplied`, `Contract_cost`) VALUES
(1, 1, 'Freshco', 500, 5000),
(2, 1, 'Meat Shop', 2000, 10000),
(3, 1, 'NoFrills', 1500, 5000);

-- --------------------------------------------------------

--
-- Table structure for table `supplier_ingredients`
--

CREATE TABLE `supplier_ingredients` (
  `Ingredient_ID` int(8) NOT NULL,
  `Supplier_ID` int(8) NOT NULL
) ENGINE=InnoDB DEFAULT CHARSET=utf8mb4;

--
-- Dumping data for table `supplier_ingredients`
--

INSERT INTO `supplier_ingredients` (`Ingredient_ID`, `Supplier_ID`) VALUES
(1, 1),
(1, 3),
(2, 1),
(2, 3),
(3, 1),
(3, 3),
(4, 1),
(4, 3),
(5, 1),
(5, 3),
(6, 2),
(7, 2),
(8, 1),
(8, 3),
(9, 2),
(10, 2),
(11, 2),
(12, 1),
(13, 3),
(14, 1),
(15, 3),
(16, 3),
(17, 1),
(17, 3),
(18, 1),
(18, 3),
(19, 1),
(19, 3),
(20, 1),
(20, 3);

--
-- Indexes for dumped tables
--

--
-- Indexes for table `customer_order`
--
ALTER TABLE `customer_order`
  ADD PRIMARY KEY (`Customer_Order_ID`),
  ADD KEY `InHouse_Delivery_Service_ID` (`InHouse_Delivery_Service_ID`),
  ADD KEY `Pickup_ID` (`Pickup_ID`),
  ADD KEY `SkipTheDishes_ID` (`SkipTheDishes_ID`);

--
-- Indexes for table `driver`
--
ALTER TABLE `driver`
  ADD PRIMARY KEY (`Driver_ID`);

--
-- Indexes for table `employee`
--
ALTER TABLE `employee`
  ADD PRIMARY KEY (`Employee_ID`),
  ADD KEY `Store_ID` (`Store_ID`);

--
-- Indexes for table `ingredients`
--
ALTER TABLE `ingredients`
  ADD PRIMARY KEY (`Ingredient_ID`);

--
-- Indexes for table `inhouse_delivery_service`
--
ALTER TABLE `inhouse_delivery_service`
  ADD PRIMARY KEY (`InHouse_Delivery_Service_ID`),
  ADD KEY `Driver_ID` (`Driver_ID`);

--
-- Indexes for table `invoice`
--
ALTER TABLE `invoice`
  ADD PRIMARY KEY (`Invoice_ID`),
  ADD UNIQUE KEY `Customer_Order_ID` (`Customer_Order_ID`),
  ADD KEY `Store_ID` (`Store_ID`);

--
-- Indexes for table `invoice_line`
--
ALTER TABLE `invoice_line`
  ADD KEY `Invoice_ID` (`Invoice_ID`),
  ADD KEY `Menu_Item_Num` (`Menu_Item_Num`);

--
-- Indexes for table `menu_item`
--
ALTER TABLE `menu_item`
  ADD PRIMARY KEY (`Menu_Item_Num`);

--
-- Indexes for table `menu_item_ingredient`
--
ALTER TABLE `menu_item_ingredient`
  ADD KEY `Menu_Item_Num` (`Menu_Item_Num`),
  ADD KEY `Ingredient_ID` (`Ingredient_ID`);

--
-- Indexes for table `pick_up`
--
ALTER TABLE `pick_up`
  ADD PRIMARY KEY (`Pickup_ID`);

--
-- Indexes for table `skipthedishes`
--
ALTER TABLE `skipthedishes`
  ADD PRIMARY KEY (`SkipTheDishes_ID`);

--
-- Indexes for table `store`
--
ALTER TABLE `store`
  ADD PRIMARY KEY (`Store_ID`);

--
-- Indexes for table `suppliers`
--
ALTER TABLE `suppliers`
  ADD PRIMARY KEY (`Supplier_ID`),
  ADD KEY `Store_ID` (`Store_ID`);

--
-- Indexes for table `supplier_ingredients`
--
ALTER TABLE `supplier_ingredients`
  ADD KEY `Ingredient_ID` (`Ingredient_ID`),
  ADD KEY `Supplier_ID` (`Supplier_ID`);

--
-- AUTO_INCREMENT for dumped tables
--

--
-- AUTO_INCREMENT for table `customer_order`
--
ALTER TABLE `customer_order`
  MODIFY `Customer_Order_ID` int(8) NOT NULL AUTO_INCREMENT, AUTO_INCREMENT=99931266;

--
-- AUTO_INCREMENT for table `driver`
--
ALTER TABLE `driver`
  MODIFY `Driver_ID` int(8) NOT NULL AUTO_INCREMENT, AUTO_INCREMENT=7;

--
-- AUTO_INCREMENT for table `employee`
--
ALTER TABLE `employee`
  MODIFY `Employee_ID` int(8) NOT NULL AUTO_INCREMENT, AUTO_INCREMENT=17;

--
-- AUTO_INCREMENT for table `ingredients`
--
ALTER TABLE `ingredients`
  MODIFY `Ingredient_ID` int(8) NOT NULL AUTO_INCREMENT, AUTO_INCREMENT=21;

--
-- AUTO_INCREMENT for table `invoice`
--
ALTER TABLE `invoice`
  MODIFY `Invoice_ID` int(8) NOT NULL AUTO_INCREMENT, AUTO_INCREMENT=99963796;

--
-- AUTO_INCREMENT for table `menu_item`
--
ALTER TABLE `menu_item`
  MODIFY `Menu_Item_Num` int(8) NOT NULL AUTO_INCREMENT, AUTO_INCREMENT=11;

--
-- AUTO_INCREMENT for table `store`
--
ALTER TABLE `store`
  MODIFY `Store_ID` int(8) NOT NULL AUTO_INCREMENT, AUTO_INCREMENT=2;

--
-- AUTO_INCREMENT for table `suppliers`
--
ALTER TABLE `suppliers`
  MODIFY `Supplier_ID` int(8) NOT NULL AUTO_INCREMENT, AUTO_INCREMENT=4;

--
-- Constraints for dumped tables
--

--
-- Constraints for table `employee`
--
ALTER TABLE `employee`
  ADD CONSTRAINT `employee_ibfk_1` FOREIGN KEY (`Store_ID`) REFERENCES `store` (`Store_ID`) ON DELETE CASCADE ON UPDATE CASCADE;
COMMIT;

/*!40101 SET CHARACTER_SET_CLIENT=@OLD_CHARACTER_SET_CLIENT */;
/*!40101 SET CHARACTER_SET_RESULTS=@OLD_CHARACTER_SET_RESULTS */;
/*!40101 SET COLLATION_CONNECTION=@OLD_COLLATION_CONNECTION */;
